id;data_inversa;dia_semana;horario;uf;br;km;municipio;causa_acidente;tipo_acidente;classificacao_acidente;fase_dia;sentido_via;condicao_metereologica;tipo_pista;tracado_via;uso_solo;pessoas;veiculos
1011705;2011-11-16;Quarta;18:50:00;SP;116;167.0;JACAREI;Outras;Colisão com objeto fixo;Sem Vítimas;Plena noite;Crescente;Ceu Claro;Simples;Reta;Urbano;1;1
1011831;2011-11-20;Domingo;15:30:00;SP;116;165.0;JACAREI;Falta de atenção;Colisão traseira;Sem Vítimas;Pleno dia;Crescente;Ceu Claro;Múltipla;Reta;Rural;2;2
1011920;2011-11-14;Segunda;06:50:00;SP;116;167.0;JACAREI;Outras;Colisão traseira;Sem Vítimas;Amanhecer;Decrescente;Chuva;Dupla;Reta;Rural;4;4
1011967;2011-11-19;Sábado;05:30:00;SP;116;146.0;TAUBATE;Defeito mecânico em veículo;Colisão traseira;Sem Vítimas;Amanhecer;Crescente;Nublado;Múltipla;Reta;Rural;2;2
1011972;2011-11-20;Domingo;15:45:00;SP;116;223.0;GUARULHOS;Outras;Colisão lateral;Com Vítimas Feridas;Pleno dia;Decrescente;Sol;Múltipla;Reta;Urbano;4;2
1012108;2011-11-20;Domingo;03:00:00;SP;116;148.0;SAO JOSE DOS CAMPOS;Outras;Tombamento;Sem Vítimas;Plena noite;Crescente;Nublado;Dupla;Reta;Urbano;1;1
1012152;2011-11-18;Sexta;17:00:00;SP;116;215.4;GUARULHOS;Não guardar distância de segurança;Colisão lateral;Com Vítimas Feridas;Pleno dia;Crescente;Ceu Claro;Múltipla;Reta;Urbano;3;3
1012168;2011-11-18;Sexta;18:30:00;SP;116;216.0;GUARULHOS;Não guardar distância de segurança;Colisão traseira;Sem Vítimas;Pleno dia;Crescente;Ceu Claro;Múltipla;Reta;Urbano;2;2
1012193;2011-11-19;Sábado;10:45:00;SP;116;165.0;JACAREI;Outras;Colisão traseira;Sem Vítimas;Pleno dia;Crescente;Ceu Claro;Múltipla;Reta;Urbano;2;2
1012214;2011-11-21;Segunda;10:05:00;SP;116;108.5;TAUBATE;Defeito mecânico em veículo;Colisão com objeto fixo;Sem Vítimas;Pleno dia;Crescente;Sol;Dupla;Reta;Urbano;1;1
1012238;2011-11-19;Sábado;02:30:00;SP;116;148.8;SAO JOSE DOS CAMPOS;Falta de atenção;Colisão com objeto fixo;Com Vítimas Feridas;Plena noite;Crescente;Ceu Claro;Dupla;Reta;Urbano;1;1
1012272;2011-11-19;Sábado;00:01:00;SP;116;165.0;JACAREI;Outras;Derramamento de Carga;Sem Vítimas;Plena noite;Decrescente;Nublado;Simples;Reta;Rural;1;1
1012283;2011-11-21;Segunda;06:20:00;SP;116;228.0;GUARULHOS;Outras;Colisão traseira;Sem Vítimas;Amanhecer;Crescente;Nublado;Múltipla;Reta;Urbano;3;3
1012287;2011-11-20;Domingo;06:00:00;SP;116;211.9;GUARULHOS;Outras;Colisão traseira;Sem Vítimas;Amanhecer;Decrescente;Ceu Claro;Múltipla;Reta;Urbano;3;3
1012385;2011-11-21;Segunda;18:30:00;SP;116;224.0;GUARULHOS;Desobediência à sinalização;Colisão lateral;Sem Vítimas;Pleno dia;Decrescente;Ceu Claro;Múltipla;Reta;Urbano;2;2
1012407;2011-11-20;Domingo;16:35:00;SP;116;223.0;GUARULHOS;Outras;Colisão traseira;Sem Vítimas;Pleno dia;Crescente;Ceu Claro;Múltipla;Reta;Urbano;2;2
1012439;2011-11-10;Quinta;18:20:00;SP;116;107.4;TAUBATE;Outras;Colisão com objeto fixo;Sem Vítimas;Anoitecer;Crescente;Ceu Claro;Simples;Reta;Urbano;1;1
1012461;2011-11-21;Segunda;18:25:00;SP;116;144.8;SAO JOSE DOS CAMPOS;Falta de atenção;Colisão traseira;Com Vítimas Feridas;Pleno dia;Decrescente;Ceu Claro;Múltipla;Reta;Urbano;2;2
1012481;2011-11-21;Segunda;18:40:00;SP;116;218.8;GUARULHOS;Falta de atenção;Colisão traseira;Sem Vítimas;Anoitecer;Crescente;Ceu Claro;Múltipla;Reta;Urbano;2;2
1012486;2011-11-21;Segunda;18:30:00;SP;116;144.3;SAO JOSE DOS CAMPOS;Não guardar distância de segurança;Colisão traseira;Sem Vítimas;Pleno dia;Decrescente;Sol;Dupla;Reta;Urbano;2;2
1012574;2011-11-21;Segunda;13:00:00;SP;116;182.0;GUARAREMA;Falta de atenção;Colisão traseira;Sem Vítimas;Pleno dia;Decrescente;Ceu Claro;Múltipla;Reta;Rural;2;2
1012697;2011-11-19;Sábado;07:20:00;SP;116;182.0;SANTA ISABEL;Outras;Colisão traseira;Sem Vítimas;Amanhecer;Decrescente;Nublado;Múltipla;Reta;Rural;2;2
1012700;2011-11-18;Sexta;13:50:00;SP;116;220.0;GUARULHOS;Não guardar distância de segurança;Colisão lateral;Sem Vítimas;Pleno dia;Crescente;Sol;Múltipla;Reta;Urbano;3;3
1012883;2011-11-22;Terça;08:10:00;SP;116;216.9;GUARULHOS;Não guardar distância de segurança;Colisão lateral;Sem Vítimas;Pleno dia;Crescente;Ceu Claro;Múltipla;Reta;Urbano;2;2
1012889;2011-11-21;Segunda;14:45:00;SP;116;220.0;GUARULHOS;Outras;Colisão com objeto fixo;Sem Vítimas;Pleno dia;Decrescente;Ceu Claro;Múltipla;Reta;Urbano;1;1
1012897;2011-11-22;Terça;12:55:00;SP;116;208.0;GUARULHOS;Outras;Tombamento;Sem Vítimas;Pleno dia;Crescente;Chuva;Múltipla;Reta;Urbano;2;2
1012922;2011-11-22;Terça;16:15:00;SP;116;219.0;GUARULHOS;Não guardar distância de segurança;Colisão traseira;Sem Vítimas;Pleno dia;Decrescente;Chuva;Múltipla;Reta;Urbano;2;2
1012924;2011-11-19;Sábado;19:20:00;SP;116;149.3;SAO JOSE DOS CAMPOS;Outras;Colisão lateral;Sem Vítimas;Plena noite;Decrescente;Chuva;Dupla;Reta;Urbano;2;2
1012926;2011-11-22;Terça;16:20:00;SP;116;161.8;JACAREI;Outras;Colisão lateral;Sem Vítimas;Pleno dia;Crescente;Nublado;Simples;Reta;Urbano;2;2
1012991;2011-11-21;Segunda;18:00:00;SP;116;140.4;SAO JOSE DOS CAMPOS;Outras;Colisão traseira;Com Vítimas Feridas;Anoitecer;Decrescente;Ceu Claro;Dupla;Reta;Urbano;2;2
1012994;2011-11-21;Segunda;18:10:00;SP;116;140.8;SAO JOSE DOS CAMPOS;Outras;Colisão traseira;Sem Vítimas;Pleno dia;Decrescente;Ceu Claro;Dupla;Reta;Urbano;5;5
1013052;2011-11-22;Terça;16:10:00;SP;116;227.0;GUARULHOS;Não guardar distância de segurança;Colisão traseira;Com Vítimas Feridas;Pleno dia;Decrescente;Chuva;Múltipla;Reta;Urbano;2;2
1013060;2011-11-21;Segunda;16:50:00;SP;116;140.0;SAO JOSE DOS CAMPOS;Outras;Colisão traseira;Sem Vítimas;Pleno dia;Crescente;Sol;Dupla;Reta;Urbano;2;2
1013074;2011-11-20;Domingo;07:00:00;SP;116;148.6;SAO JOSE DOS CAMPOS;Ingestão de álcool;Atropelamento de pessoa;Com Vítimas Feridas;Pleno dia;Crescente;Sol;Dupla;Reta;Urbano;2;1
1013095;2011-11-22;Terça;16:05:00;SP;116;215.0;GUARULHOS;Não guardar distância de segurança;Colisão lateral;Sem Vítimas;Pleno dia;Decrescente;Chuva;Múltipla;Reta;Urbano;2;2
1013115;2011-11-14;Segunda;05:30:00;SP;116;218.5;GUARULHOS;Outras;Colisão com objeto fixo;Ignorado;Plena noite;Crescente;Chuva;Múltipla;Reta;Urbano;1;1
1013116;2011-11-15;Terça;16:00:00;SP;116;156.2;SAO JOSE DOS CAMPOS;Falta de atenção;Colisão Transversal;Sem Vítimas;Pleno dia;Crescente;Nublado;Dupla;Reta;Urbano;3;3
1013120;2011-11-22;Terça;10:30:00;SP;116;218.0;GUARULHOS;Não guardar distância de segurança;Colisão traseira;Sem Vítimas;Pleno dia;Decrescente;Ceu Claro;Múltipla;Reta;Urbano;3;3
1013257;2011-11-12;Sábado;05:50:00;SP;116;222.0;GUARULHOS;Falta de atenção;Colisão traseira;Sem Vítimas;Amanhecer;Decrescente;Nublado;Múltipla;Reta;Urbano;2;2
1013329;2011-11-20;Domingo;20:27:00;SP;116;101.6;PINDAMONHANGABA;Falta de atenção;Capotamento;Com Vítimas Feridas;Plena noite;Decrescente;Ceu Claro;Dupla;Reta;Rural;1;1
1013417;2011-11-21;Segunda;06:02:00;SP;116;134.5;SAO JOSE DOS CAMPOS;Falta de atenção;Colisão lateral;Com Vítimas Feridas;Amanhecer;Crescente;Ceu Claro;Dupla;Reta;Urbano;2;2
1013484;2011-11-07;Segunda;18:10:00;SP;116;219.0;GUARULHOS;Não guardar distância de segurança;Colisão lateral;Sem Vítimas;Pleno dia;Decrescente;Nublado;Múltipla;Reta;Urbano;2;2
1013515;2011-08-13;Sábado;21:40:00;SP;116;207.0;GUARULHOS;Falta de atenção;Colisão lateral;Com Vítimas Feridas;Plena noite;Decrescente;Ceu Claro;Múltipla;Reta;Urbano;2;2
1013574;2011-11-23;Quarta;18:30:00;SP;116;212.0;GUARULHOS;Outras;Atropelamento de pessoa;Com Vítimas Feridas;Anoitecer;Decrescente;Ceu Claro;Múltipla;Reta;Urbano;2;1
1013591;2011-11-22;Terça;09:30:00;SP;116;138.3;SAO JOSE DOS CAMPOS;Outras;Colisão traseira;Sem Vítimas;Pleno dia;Decrescente;Sol;Dupla;Reta;Rural;2;2
1013597;2011-11-08;Terça;18:30:00;SP;116;218.0;GUARULHOS;Outras;Colisão traseira;Sem Vítimas;Anoitecer;Crescente;Ceu Claro;Múltipla;Reta;Urbano;2;2
1013659;2011-11-23;Quarta;23:30:00;SP;116;211.0;GUARULHOS;Outras;Colisão traseira;Sem Vítimas;Plena noite;Decrescente;Ceu Claro;Múltipla;Reta;Urbano;2;2
1013725;2011-11-14;Segunda;13:30:00;SP;116;186.0;SANTA ISABEL;Outras;Saída de Pista;Sem Vítimas;Pleno dia;Crescente;Chuva;Dupla;Curva;Urbano;1;1
1013767;2011-11-22;Terça;05:00:00;SP;116;132.5;CACAPAVA;Não guardar distância de segurança;Colisão traseira;Com Vítimas Feridas;Amanhecer;Decrescente;Ceu Claro;Dupla;Reta;Urbano;2;2
1013849;2011-11-20;Domingo;12:20:00;SP;116;145.0;SAO JOSE DOS CAMPOS;Outras;Colisão lateral;Sem Vítimas;Pleno dia;Crescente;Ceu Claro;Dupla;Reta;Urbano;2;2
1013871;2011-11-23;Quarta;08:00:00;SP;116;145.0;SAO JOSE DOS CAMPOS;Outras;Colisão com objeto fixo;Sem Vítimas;Pleno dia;Crescente;Ceu Claro;Dupla;Reta;Urbano;1;1
1013893;2011-11-24;Quinta;09:30:00;SP;116;118.5;TAUBATE;Não guardar distância de segurança;Colisão traseira;Sem Vítimas;Pleno dia;Crescente;Ceu Claro;Dupla;Reta;Rural;2;2
1013974;2011-11-24;Quinta;15:53:00;SP;116;182.0;SANTA ISABEL;Falta de atenção;Colisão com objeto fixo;Sem Vítimas;Pleno dia;Decrescente;Ceu Claro;Simples;Reta;Rural;1;1
1014022;2011-11-20;Domingo;18:40:00;SP;116;213.0;GUARULHOS;Outras;Tombamento;Com Vítimas Feridas;Anoitecer;Decrescente;Ceu Claro;Múltipla;Reta;Urbano;1;1
1014050;2011-11-21;Segunda;07:50:00;SP;116;165.0;JACAREI;Falta de atenção;Colisão traseira;Sem Vítimas;Pleno dia;Crescente;Ceu Claro;Múltipla;Reta;Urbano;2;2
1014247;2011-11-23;Quarta;07:30:00;SP;116;182.5;JACAREI;Não guardar distância de segurança;Saída de Pista;Sem Vítimas;Pleno dia;Crescente;Ceu Claro;Dupla;Reta;Urbano;2;2
1014255;2011-11-25;Sexta;07:40:00;SP;116;113.9;TAUBATE;Outras;Colisão traseira;Sem Vítimas;Pleno dia;Decrescente;Ceu Claro;Dupla;Reta;Urbano;3;3
1014355;2011-11-21;Segunda;18:35:00;SP;116;180.0;GUARAREMA;Outras;Colisão com objeto móvel;Sem Vítimas;Anoitecer;Decrescente;Ceu Claro;Simples;Reta;Rural;1;1
1014388;2011-11-25;Sexta;14:00:00;SP;116;170.0;JACAREI;Não guardar distância de segurança;Colisão traseira;Sem Vítimas;Pleno dia;Decrescente;Sol;Dupla;Reta;Rural;2;2
1014445;2011-11-25;Sexta;18:20:00;SP;116;129.0;CACAPAVA;Outras;Colisão lateral;Sem Vítimas;Pleno dia;Crescente;Ceu Claro;Dupla;Reta;Urbano;2;2
1014471;2011-11-24;Quinta;18:40:00;SP;116;221.0;GUARULHOS;Outras;Colisão traseira;Com Vítimas Feridas;Anoitecer;Decrescente;Ceu Claro;Múltipla;Reta;Urbano;2;2
1014493;2011-11-24;Quinta;13:05:00;SP;116;101.8;PINDAMONHANGABA;Falta de atenção;Queda de motocicleta / bicicleta / veículo;Com Vítimas Feridas;Pleno dia;Crescente;Sol;Dupla;Reta;Rural;3;2
1014501;2011-11-24;Quinta;11:00:00;SP;116;107.0;TAUBATE;Não guardar distância de segurança;Colisão traseira;Sem Vítimas;Pleno dia;Crescente;Ceu Claro;Dupla;Reta;Urbano;2;2
1014591;2011-11-24;Quinta;16:45:00;SP;116;141.0;SAO JOSE DOS CAMPOS;Não guardar distância de segurança;Colisão traseira;Sem Vítimas;Pleno dia;Decrescente;Ceu Claro;Dupla;Reta;Urbano;2;2
1014604;2011-11-25;Sexta;22:00:00;SP;116;135.0;SAO JOSE DOS CAMPOS;Dormindo;Saída de Pista;Sem Vítimas;Plena noite;Crescente;Ceu Claro;Dupla;Reta;Rural;1;1
1014646;2011-11-22;Terça;04:50:00;SP;116;189.0;SANTA ISABEL;Outras;Colisão traseira;Sem Vítimas;Plena noite;Crescente;Ceu Claro;Simples;Reta;Rural;2;2
1014672;2011-11-26;Sábado;05:20:00;SP;116;147.4;SAO JOSE DOS CAMPOS;Não guardar distância de segurança;Colisão traseira;Sem Vítimas;Amanhecer;Decrescente;Ceu Claro;Múltipla;Reta;Urbano;2;2
1014703;2011-11-23;Quarta;06:30:00;SP;116;220.0;GUARULHOS;Não guardar distância de segurança;Colisão traseira;Sem Vítimas;Pleno dia;Crescente;Ceu Claro;Múltipla;Reta;Urbano;3;3
1014789;2011-11-18;Sexta;22:00:00;SP;116;223.0;GUARULHOS;Não guardar distância de segurança;Colisão traseira;Sem Vítimas;Plena noite;Decrescente;Ceu Claro;Múltipla;Reta;Urbano;3;3
1014833;2011-11-22;Terça;12:00:00;SP;116;219.0;GUARULHOS;Não guardar distância de segurança;Colisão traseira;Sem Vítimas;Pleno dia;Decrescente;Ceu Claro;Múltipla;Reta;Urbano;2;2
1014844;2011-11-26;Sábado;10:00:00;SP;116;217.0;GUARULHOS;Não guardar distância de segurança;Colisão traseira;Sem Vítimas;Pleno dia;Crescente;Ceu Claro;Múltipla;Reta;Urbano;3;3
1014853;2011-11-22;Terça;14:00:00;SP;116;214.0;GUARULHOS;Não guardar distância de segurança;Colisão traseira;Sem Vítimas;Pleno dia;Decrescente;Chuva;Múltipla;Reta;Rural;3;3
1014890;2011-11-26;Sábado;10:00:00;SP;116;202.5;ARUJA;Não guardar distância de segurança;Colisão lateral;Sem Vítimas;Pleno dia;Crescente;Nublado;Dupla;Reta;Rural;2;2
1014962;2011-11-25;Sexta;13:45:00;SP;116;210.0;GUARULHOS;Velocidade incompatível;Colisão traseira;Com Vítimas Feridas;Pleno dia;Decrescente;Sol;Múltipla;Reta;Urbano;2;2
1015006;2011-11-25;Sexta;16:00:00;SP;116;121.6;CACAPAVA;Não guardar distância de segurança;Colisão traseira;Sem Vítimas;Pleno dia;Decrescente;Sol;Dupla;Reta;Urbano;2;2
1015036;2011-11-26;Sábado;10:50:00;SP;116;219.0;GUARULHOS;Falta de atenção;Colisão traseira;Sem Vítimas;Pleno dia;Decrescente;Sol;Múltipla;Reta;Urbano;3;3
1015038;2011-11-22;Terça;14:10:00;SP;116;132.6;CACAPAVA;Outras;Colisão traseira;Com Vítimas Feridas;Pleno dia;Crescente;Sol;Dupla;Reta;Urbano;3;3
1015039;2011-11-24;Quinta;00:30:00;SP;116;182.0;SANTA ISABEL;Não guardar distância de segurança;Colisão traseira;Sem Vítimas;Plena noite;Decrescente;Ceu Claro;Múltipla;Reta;Rural;2;2
1015192;2011-11-26;Sábado;12:00:00;SP;116;228.0;SAO PAULO;Não guardar distância de segurança;Colisão traseira;Sem Vítimas;Pleno dia;Decrescente;Ceu Claro;Múltipla;Reta;Urbano;3;3
1015475;2011-11-27;Domingo;17:30:00;SP;116;212.0;GUARULHOS;Outras;Capotamento;Sem Vítimas;Pleno dia;Decrescente;Ceu Claro;Múltipla;Reta;Urbano;1;1
1015491;2011-11-27;Domingo;17:15:00;SP;116;152.0;SAO JOSE DOS CAMPOS;Não guardar distância de segurança;Colisão traseira;Sem Vítimas;Pleno dia;Crescente;Nublado;Dupla;Reta;Urbano;2;2
1015494;2011-11-27;Domingo;12:05:00;SP;116;209.0;GUARULHOS;Outras;Colisão traseira;Com Vítimas Feridas;Pleno dia;Decrescente;Ceu Claro;Múltipla;Reta;Urbano;3;2
1015518;2011-11-27;Domingo;15:20:00;SP;116;214.0;GUARULHOS;Outras;Capotamento;Com Vítimas Feridas;Pleno dia;Crescente;Ceu Claro;Múltipla;Reta;Urbano;4;1
1015795;2011-11-23;Quarta;18:00:00;SP;116;146.0;SAO JOSE DOS CAMPOS;Falta de atenção;Colisão lateral;Sem Vítimas;Pleno dia;Decrescente;Ceu Claro;Dupla;Reta;Urbano;2;2
1015841;2011-11-26;Sábado;21:30:00;SP;116;128.9;CACAPAVA;Outras;Queda de motocicleta / bicicleta / veículo;Com Vítimas Feridas;Plena noite;Crescente;Nublado;Dupla;Reta;Urbano;1;1
1015917;2011-11-25;Sexta;07:20:00;SP;116;112.5;TAUBATE;Não guardar distância de segurança;Colisão traseira;Sem Vítimas;Pleno dia;Crescente;Ceu Claro;Dupla;Reta;Urbano;2;2
1015935;2011-11-25;Sexta;05:50:00;SP;116;113.8;TAUBATE;Ultrapassagem indevida;Colisão com bicicleta;Com Vítimas Fatais;Amanhecer;Crescente;Ceu Claro;Dupla;Reta;Urbano;2;2
1016032;2011-11-28;Segunda;19:05:00;SP;116;170.2;JACAREI;Defeito mecânico em veículo;Tombamento;Sem Vítimas;Anoitecer;Decrescente;Ceu Claro;Dupla;Curva;Rural;1;1
1016055;2011-11-25;Sexta;23:00:00;SP;116;222.4;GUARULHOS;Não guardar distância de segurança;Colisão lateral;Sem Vítimas;Plena noite;Decrescente;Nublado;Múltipla;Reta;Rural;2;2
1016102;2011-11-24;Quinta;22:50:00;SP;116;151.0;SAO JOSE DOS CAMPOS;Outras;Capotamento;Com Vítimas Feridas;Plena noite;Crescente;Ceu Claro;Dupla;Reta;Urbano;2;1
1016309;2011-09-20;Terça;10:00:00;SP;116;216.0;GUARULHOS;Outras;Colisão traseira;Sem Vítimas;Pleno dia;Crescente;Sol;Múltipla;Reta;Urbano;2;2
1016367;2011-11-27;Domingo;20:45:00;SP;116;145.8;SAO JOSE DOS CAMPOS;Outras;Colisão traseira;Com Vítimas Feridas;Plena noite;Decrescente;Ceu Claro;Dupla;Reta;Urbano;2;2
1016382;2011-11-29;Terça;11:10:00;SP;116;128.0;CACAPAVA;Dormindo;Colisão traseira;Sem Vítimas;Pleno dia;Crescente;Nublado;Dupla;Reta;Urbano;2;2
1016384;2011-11-29;Terça;11:30:00;SP;116;101.5;PINDAMONHANGABA;Outras;Colisão com objeto móvel;Sem Vítimas;Pleno dia;Crescente;Ceu Claro;Dupla;Reta;Urbano;1;1
1016398;2011-11-29;Terça;01:35:00;SP;116;130.5;CACAPAVA;Falta de atenção;Colisão lateral;Sem Vítimas;Plena noite;Crescente;Nublado;Dupla;Reta;Urbano;2;2
1016424;2011-11-24;Quinta;10:40:00;SP;116;143.4;SAO JOSE DOS CAMPOS;Falta de atenção;Colisão lateral;Sem Vítimas;Pleno dia;Crescente;Sol;Dupla;Reta;Urbano;2;2
1016520;2011-11-24;Quinta;13:30:00;SP;116;107.5;TAUBATE;Falta de atenção;Colisão lateral;Sem Vítimas;Pleno dia;Decrescente;Sol;Dupla;Reta;Urbano;2;2
1016587;2011-11-28;Segunda;10:40:00;SP;116;228.0;SAO PAULO;Outras;Colisão traseira;Sem Vítimas;Pleno dia;Crescente;Ceu Claro;Múltipla;Reta;Urbano;3;3
1016590;2011-11-29;Terça;10:10:00;SP;116;228.0;SAO PAULO;Não guardar distância de segurança;Colisão traseira;Sem Vítimas;Pleno dia;Crescente;Ceu Claro;Múltipla;Reta;Urbano;2;2
1016596;2011-11-29;Terça;17:00:00;SP;116;227.0;GUARULHOS;Não guardar distância de segurança;Colisão traseira;Sem Vítimas;Pleno dia;Decrescente;Chuva;Múltipla;Reta;Urbano;2;2
1016610;2011-11-28;Segunda;15:30:00;SP;116;220.0;GUARULHOS;Outras;Colisão com objeto fixo;Com Vítimas Feridas;Pleno dia;Crescente;Ceu Claro;Múltipla;Reta;Urbano;1;1
1016743;2011-11-26;Sábado;05:42:00;SP;116;158.0;JACAREI;Ingestão de álcool;Colisão com objeto fixo;Sem Vítimas;Amanhecer;Crescente;Ceu Claro;Simples;Reta;Urbano;1;1
1016752;2011-11-29;Terça;22:30:00;SP;116;150.5;SAO JOSE DOS CAMPOS;Falta de atenção;Colisão com objeto fixo;Sem Vítimas;Plena noite;Crescente;Nublado;Múltipla;Reta;Urbano;1;1
1016758;2011-11-26;Sábado;07:20:00;SP;116;165.2;JACAREI;Defeito na via;Colisão traseira;Sem Vítimas;Pleno dia;Decrescente;Ceu Claro;Múltipla;Reta;Rural;2;2
1016820;2011-10-15;Sábado;04:30:00;SP;116;159.0;JACAREI;Outras;Colisão traseira;Com Vítimas Feridas;Plena noite;Decrescente;Nublado;Simples;Reta;Rural;4;3
1016907;2011-11-30;Quarta;09:00:00;SP;116;175.0;GUARAREMA;Falta de atenção;Colisão traseira;Sem Vítimas;Pleno dia;Crescente;Ceu Claro;Dupla;Reta;Rural;3;3
1016936;2011-11-28;Segunda;07:03:00;SP;116;204.0;ARUJA;Outras;Colisão traseira;Sem Vítimas;Pleno dia;Decrescente;Ceu Claro;Múltipla;Reta;Urbano;2;2
1017012;2011-11-30;Quarta;15:10:00;SP;116;118.0;TAUBATE;Dormindo;Colisão traseira;Sem Vítimas;Pleno dia;Decrescente;Ceu Claro;Dupla;Reta;Urbano;2;2
1017013;2011-11-27;Domingo;06:00:00;SP;116;107.5;TAUBATE;Falta de atenção;Saída de Pista;Sem Vítimas;Pleno dia;Decrescente;Ceu Claro;Dupla;Reta;Urbano;1;1
1017106;2011-11-30;Quarta;18:00:00;SP;116;165.0;JACAREI;Outras;Colisão traseira;Sem Vítimas;Pleno dia;Decrescente;Ceu Claro;Dupla;Reta;Urbano;2;2
1017108;2011-11-30;Quarta;15:15:00;SP;116;196.0;ARUJA;Não guardar distância de segurança;Colisão lateral;Sem Vítimas;Pleno dia;Decrescente;Sol;Múltipla;Reta;Rural;2;2
1017121;2011-11-30;Quarta;08:30:00;SP;116;227.0;GUARULHOS;Não guardar distância de segurança;Colisão traseira;Sem Vítimas;Pleno dia;Crescente;Ceu Claro;Múltipla;Reta;Urbano;2;2
1017138;2011-11-30;Quarta;12:35:00;SP;116;221.0;GUARULHOS;Não guardar distância de segurança;Colisão traseira;Sem Vítimas;Pleno dia;Decrescente;Ceu Claro;Múltipla;Reta;Urbano;2;2
1017309;2011-11-29;Terça;17:20:00;SP;116;228.3;SAO PAULO;Falta de atenção;Colisão traseira;Sem Vítimas;Pleno dia;Decrescente;Chuva;Múltipla;Reta;Urbano;2;2
1017391;2011-11-28;Segunda;08:40:00;SP;116;224.0;GUARULHOS;Outras;Queda de motocicleta / bicicleta / veículo;Com Vítimas Feridas;Pleno dia;Decrescente;Sol;Múltipla;Reta;Urbano;1;1
1017404;2011-11-27;Domingo;15:20:00;SP;116;221.0;GUARULHOS;Outras;Colisão com objeto fixo;Sem Vítimas;Pleno dia;Crescente;Ceu Claro;Múltipla;Reta;Urbano;1;1
1017413;2011-11-25;Sexta;18:00:00;SP;116;228.4;SAO PAULO;Não guardar distância de segurança;Colisão traseira;Com Vítimas Feridas;Anoitecer;Decrescente;Ceu Claro;Múltipla;Reta;Urbano;2;2
1017470;2011-12-01;Quinta;14:15:00;SP;116;213.0;GUARULHOS;Outras;Colisão traseira;Com Vítimas Feridas;Pleno dia;Decrescente;Chuva;Múltipla;Reta;Urbano;5;2
1017555;2011-12-01;Quinta;08:45:00;SP;116;150.0;SAO JOSE DOS CAMPOS;Não guardar distância de segurança;Colisão lateral;Sem Vítimas;Pleno dia;Crescente;Ceu Claro;Dupla;Reta;Urbano;2;2
1017602;2011-12-01;Quinta;13:50:00;SP;116;210.0;GUARULHOS;Outras;Colisão traseira;Sem Vítimas;Pleno dia;Crescente;Sol;Dupla;Reta;Urbano;2;2
1017620;2011-12-01;Quinta;22:27:00;SP;116;113.2;TAUBATE;Outras;Colisão traseira;Sem Vítimas;Plena noite;Decrescente;Chuva;Dupla;Reta;Urbano;2;2
1017650;2011-12-01;Quinta;23:50:00;SP;116;214.0;GUARULHOS;Outras;Colisão lateral;Sem Vítimas;Plena noite;Decrescente;Chuva;Múltipla;Reta;Urbano;2;2
1017653;2011-12-02;Sexta;00:15:00;SP;116;214.0;GUARULHOS;Outras;Colisão traseira;Com Vítimas Feridas;Plena noite;Decrescente;Chuva;Múltipla;Reta;Urbano;2;2
1017657;2011-12-01;Quinta;23:30:00;SP;116;175.7;GUARAREMA;Falta de atenção;Colisão lateral;Sem Vítimas;Plena noite;Decrescente;Chuva;Dupla;Curva;Rural;2;2
1017663;2011-11-27;Domingo;01:37:00;SP;116;110.0;TAUBATE;Outras;Colisão lateral;Sem Vítimas;Amanhecer;Crescente;Ceu Claro;Simples;Reta;Urbano;2;2
1017765;2011-12-01;Quinta;18:00:00;SP;116;127.2;CACAPAVA;Falta de atenção;Colisão traseira;Sem Vítimas;Pleno dia;Decrescente;Chuva;Dupla;Reta;Urbano;2;2
1017773;2011-11-30;Quarta;18:05:00;SP;116;139.8;SAO JOSE DOS CAMPOS;Não guardar distância de segurança;Colisão traseira;Com Vítimas Feridas;Pleno dia;Crescente;Nublado;Dupla;Reta;Urbano;2;2
1017871;2011-12-01;Quinta;00:10:00;SP;116;108.5;TAUBATE;Defeito mecânico em veículo;Colisão traseira;Com Vítimas Fatais;Plena noite;Decrescente;Nublado;Dupla;Reta;Urbano;5;4
1018020;2011-11-28;Segunda;18:45:00;SP;116;145.0;SAO JOSE DOS CAMPOS;Outras;Colisão lateral;Sem Vítimas;Anoitecer;Crescente;Chuva;Dupla;Reta;Urbano;2;2
1018167;2011-12-01;Quinta;18:30:00;SP;116;118.1;TAUBATE;Outras;Capotamento;Sem Vítimas;Pleno dia;Decrescente;Chuva;Dupla;Reta;Rural;1;1