id;data_inversa;dia_semana;horario;uf;br;km;municipio;causa_acidente;tipo_acidente;classificacao_acidente;fase_dia;sentido_via;condicao_metereologica;tipo_pista;tracado_via;uso_solo;pessoas;veiculos
1035349;2011-12-31;Sábado;07:17:00;SP;116;110.7;TAUBATE;Outras;Queda de motocicleta / bicicleta / veículo;Com Vítimas Feridas;Pleno dia;Decrescente;Chuva;Dupla;Reta;Urbano;2;1
1035409;2011-12-30;Sexta;01:25:00;SP;116;146.0;SAO JOSE DOS CAMPOS;Outras;Colisão com objeto fixo;Sem Vítimas;Plena noite;Crescente;Ceu Claro;Múltipla;Reta;Urbano;1;1
1035428;2011-12-30;Sexta;14:45:00;SP;116;226.0;GUARULHOS;Falta de atenção;Colisão lateral;Com Vítimas Feridas;Pleno dia;Crescente;Nublado;Múltipla;Reta;Urbano;2;2
1035472;2011-12-30;Sexta;11:39:00;SP;116;223.6;GUARULHOS;Outras;Colisão traseira;Sem Vítimas;Pleno dia;Crescente;Ceu Claro;Simples;Reta;Urbano;4;4
1035880;2011-12-22;Quinta;01:50:00;SP;116;227.0;GUARULHOS;Outras;Colisão com objeto fixo;Sem Vítimas;Plena noite;Crescente;Ceu Claro;Múltipla;Reta;Urbano;1;1
1035896;2011-12-21;Quarta;18:40:00;SP;116;228.0;SAO PAULO;Outras;Colisão lateral;Com Vítimas Feridas;Pleno dia;Decrescente;Nublado;Múltipla;Reta;Urbano;2;2
1035930;2011-12-30;Sexta;02:00:00;SP;116;136.3;SAO JOSE DOS CAMPOS;Outras;Colisão traseira;Sem Vítimas;Plena noite;Crescente;Ceu Claro;Dupla;Reta;Urbano;2;2
1036064;2011-12-28;Quarta;05:50:00;SP;116;180.9;GUARAREMA;Não guardar distância de segurança;Colisão traseira;Sem Vítimas;Amanhecer;Crescente;Ceu Claro;Múltipla;Reta;Rural;2;2
1036069;2011-12-30;Sexta;08:50:00;SP;116;119.6;CACAPAVA;Não guardar distância de segurança;Colisão traseira;Sem Vítimas;Pleno dia;Decrescente;Sol;Dupla;Reta;Urbano;4;4
1036083;2011-12-31;Sábado;23:20:00;SP;116;173.0;GUARAREMA;Outras;Colisão com objeto fixo;Sem Vítimas;Plena noite;Crescente;Chuva;Dupla;Reta;Rural;1;1
1036255;2011-12-30;Sexta;05:45:00;SP;116;217.0;GUARULHOS;Outras;Capotamento;Com Vítimas Feridas;Amanhecer;Crescente;Nublado;Múltipla;Reta;Urbano;2;2
1036285;2011-12-31;Sábado;19:30:00;SP;116;223.0;GUARULHOS;Falta de atenção;Colisão traseira;Com Vítimas Feridas;Plena noite;Crescente;Chuva;Múltipla;Reta;Urbano;4;2
1036438;2011-12-19;Segunda;07:30:00;SP;116;223.0;GUARULHOS;Não guardar distância de segurança;Colisão lateral;Sem Vítimas;Amanhecer;Crescente;Ceu Claro;Múltipla;Reta;Urbano;2;2
1036593;2011-12-23;Sexta;17:14:00;SP;116;227.0;SAO PAULO;Outras;Colisão lateral;Sem Vítimas;Pleno dia;Decrescente;Ceu Claro;Múltipla;Reta;Urbano;2;2
1036603;2011-12-31;Sábado;19:40:00;SP;116;204.3;GUARULHOS;Velocidade incompatível;Colisão traseira;Com Vítimas Feridas;Plena noite;Decrescente;Chuva;Múltipla;Reta;Urbano;4;3
1036610;2011-12-24;Sábado;00:05:00;SP;116;222.8;GUARULHOS;Outras;Queda de motocicleta / bicicleta / veículo;Com Vítimas Feridas;Plena noite;Decrescente;Ceu Claro;Múltipla;Reta;Urbano;1;1
1036621;2011-12-27;Terça;16:40:00;SP;116;223.0;GUARULHOS;Outras;Colisão com objeto fixo;Sem Vítimas;Pleno dia;Crescente;Ceu Claro;Múltipla;Reta;Urbano;1;1
1036784;2011-12-18;Domingo;02:25:00;SP;116;226.0;GUARULHOS;Falta de atenção;Colisão traseira;Sem Vítimas;Plena noite;Decrescente;Nublado;Simples;Reta;Urbano;2;2
1036814;2011-12-30;Sexta;11:45:00;SP;116;109.8;TAUBATE;Falta de atenção;Colisão traseira;Sem Vítimas;Pleno dia;Crescente;Sol;Dupla;Reta;Urbano;5;5
1036875;2011-12-16;Sexta;15:40:00;SP;116;226.0;GUARULHOS;Não guardar distância de segurança;Colisão traseira;Sem Vítimas;Pleno dia;Decrescente;Ceu Claro;Dupla;Reta;Urbano;2;2
1036890;2011-12-21;Quarta;06:25:00;SP;116;222.0;SAO PAULO;Não guardar distância de segurança;Colisão traseira;Sem Vítimas;Plena noite;Crescente;Ceu Claro;Dupla;Reta;Urbano;2;2
1036896;2011-12-28;Quarta;12:40:00;SP;116;223.0;GUARULHOS;Desobediência à sinalização;Colisão traseira;Sem Vítimas;Pleno dia;Decrescente;Ceu Claro;Dupla;Reta;Urbano;2;2
1036944;2011-12-30;Sexta;07:45:00;SP;116;134.0;SAO JOSE DOS CAMPOS;Não guardar distância de segurança;Colisão traseira;Com Vítimas Feridas;Pleno dia;Decrescente;Nublado;Dupla;Reta;Rural;2;2
1037000;2011-12-30;Sexta;11:15:00;SP;116;109.8;TAUBATE;Falta de atenção;Colisão traseira;Sem Vítimas;Pleno dia;Decrescente;Nublado;Dupla;Reta;Urbano;2;2
1037191;2011-12-30;Sexta;11:40:00;SP;116;172.0;JACAREI;Outras;Saída de Pista;Sem Vítimas;Pleno dia;Crescente;Ceu Claro;Dupla;Reta;Urbano;2;2
1037250;2011-12-27;Terça;06:50:00;SP;116;204.0;GUARULHOS;Falta de atenção;Colisão traseira;Sem Vítimas;Pleno dia;Decrescente;Nublado;Dupla;Reta;Rural;2;2
1037405;2011-12-30;Sexta;09:00:00;SP;116;121.9;CACAPAVA;Não guardar distância de segurança;Colisão traseira;Sem Vítimas;Plena noite;Decrescente;Ceu Claro;Dupla;Reta;Rural;3;3
1037590;2011-12-31;Sábado;19:00:00;SP;116;219.0;GUARULHOS;Falta de atenção;Colisão com objeto fixo;Sem Vítimas;Anoitecer;Crescente;Chuva;Múltipla;Reta;Urbano;1;1
1037861;2011-12-29;Quinta;10:25:00;SP;116;225.4;GUARULHOS;Outras;Colisão traseira;Com Vítimas Feridas;Pleno dia;Decrescente;Nublado;Múltipla;Reta;Urbano;2;2
1037870;2011-12-29;Quinta;16:10:00;SP;116;214.0;GUARULHOS;Não guardar distância de segurança;Colisão lateral;Com Vítimas Feridas;Pleno dia;Decrescente;Nublado;Múltipla;Reta;Urbano;3;2
1037904;2011-12-21;Quarta;23:20:00;SP;116;229.0;SAO PAULO;Outras;Colisão traseira;Sem Vítimas;Plena noite;Crescente;Nublado;Múltipla;Reta;Urbano;4;4
1037916;2011-12-21;Quarta;14:25:00;SP;116;219.0;GUARULHOS;Outras;Colisão traseira;Sem Vítimas;Pleno dia;Decrescente;Nublado;Múltipla;Reta;Urbano;3;3
1037974;2011-12-27;Terça;18:30:00;SP;116;158.6;JACAREI;Outras;Colisão traseira;Sem Vítimas;Pleno dia;Decrescente;Ceu Claro;Simples;Curva;Urbano;2;2
1037997;2011-12-30;Sexta;17:30:00;SP;116;146.0;SAO JOSE DOS CAMPOS;Outras;Colisão lateral;Com Vítimas Feridas;Pleno dia;Decrescente;Sol;Dupla;Reta;Urbano;3;2
1038655;2011-12-30;Sexta;19:16:00;SP;116;112.7;TAUBATE;Outras;Colisão traseira;Com Vítimas Feridas;Anoitecer;Crescente;Nublado;Dupla;Reta;Urbano;2;2
1039157;2011-12-30;Sexta;01:20:00;SP;116;146.1;SAO JOSE DOS CAMPOS;Outras;Colisão traseira;Com Vítimas Feridas;Plena noite;Crescente;Nublado;Dupla;Reta;Urbano;2;2
1039226;2011-12-31;Sábado;07:30:00;SP;116;190.5;SANTA ISABEL;Não guardar distância de segurança;Colisão traseira;Sem Vítimas;Pleno dia;Crescente;Ceu Claro;Simples;Curva;Rural;2;2
1039698;2011-12-10;Sábado;00:35:00;SP;116;224.0;GUARULHOS;Outras;Colisão traseira;Sem Vítimas;Plena noite;Decrescente;Nublado;Simples;Reta;Urbano;2;2
1039713;2011-12-13;Terça;13:30:00;SP;116;225.0;GUARULHOS;Outras;Queda de motocicleta / bicicleta / veículo;Com Vítimas Feridas;Pleno dia;Decrescente;Nublado;Simples;Reta;Urbano;1;1
1039785;2011-12-29;Quinta;23:50:00;SP;116;222.0;GUARULHOS;Outras;Colisão traseira;Sem Vítimas;Plena noite;Decrescente;Nublado;Simples;Reta;Urbano;3;3
1040797;2011-12-30;Sexta;02:40:00;SP;116;220.0;GUARULHOS;Falta de atenção;Colisão com objeto fixo;Com Vítimas Feridas;Plena noite;Crescente;Nublado;Múltipla;Reta;Urbano;2;1
1043789;2011-12-31;Sábado;18:50:00;SP;116;225.0;GUARULHOS;Outras;Colisão com objeto fixo;Sem Vítimas;Anoitecer;Crescente;Chuva;Múltipla;Reta;Urbano;1;1
1043803;2011-12-27;Terça;10:28:00;SP;116;227.5;SAO PAULO;Defeito mecânico em veículo;Colisão com objeto fixo;Sem Vítimas;Pleno dia;Crescente;Ceu Claro;Múltipla;Reta;Urbano;1;1
1043826;2011-01-03;Segunda;22:45:00;SP;116;165.0;JACAREI;Desobediência à sinalização;Colisão traseira;Sem Vítimas;Plena noite;Crescente;Ceu Claro;Múltipla;Reta;Urbano;2;2
1045260;2011-01-09;Domingo;17:10:00;SP;116;229.0;SAO PAULO;Não guardar distância de segurança;Colisão traseira;Sem Vítimas;Pleno dia;Decrescente;Ceu Claro;Múltipla;Reta;Urbano;4;4
1045531;2011-12-29;Quinta;12:30:00;SP;116;220.0;GUARULHOS;Falta de atenção;Colisão traseira;Com Vítimas Feridas;Pleno dia;Crescente;Nublado;Simples;Reta;Urbano;2;2
1048017;2011-12-30;Sexta;18:40:00;SP;116;160.0;JACAREI;Outras;Colisão com objeto fixo;Sem Vítimas;Pleno dia;Decrescente;Ceu Claro;Dupla;Reta;Urbano;1;1
1049362;2011-12-24;Sábado;15:37:00;SP;116;165.7;JACAREI;Outras;Capotamento;Com Vítimas Feridas;Pleno dia;Decrescente;Nublado;Dupla;Reta;Rural;2;2
1052777;2011-12-17;Sábado;06:25:00;SP;116;222.0;GUARULHOS;Outras;Colisão com objeto fixo;Com Vítimas Feridas;Pleno dia;Crescente;Ceu Claro;Múltipla;Reta;Urbano;1;1
1055224;2011-12-09;Sexta;19:20:00;SP;116;218.3;GUARULHOS;Outras;Colisão traseira;Sem Vítimas;Plena noite;Decrescente;Chuva;Múltipla;Reta;Urbano;3;3
1069895;2011-12-12;Segunda;01:30:00;SP;116;146.0;SAO JOSE DOS CAMPOS;Outras;Tombamento;Com Vítimas Feridas;Plena noite;Decrescente;Ceu Claro;Dupla;Reta;Urbano;5;1
1138080;2011-06-23;Quinta;14:00:00;SP;116;165.0;JACAREI;Outras;Colisão lateral;Sem Vítimas;Pleno dia;Decrescente;Ceu Claro;Múltipla;Reta;Rural;2;2
1152706;2011-07-11;Segunda;17:20:00;SP;116;148.0;SAO JOSE DOS CAMPOS;Não guardar distância de segurança;Colisão traseira;Sem Vítimas;Anoitecer;Decrescente;Ceu Claro;Simples;Reta;Rural;2;2
1160378;2011-09-23;Sexta;18:50:00;SP;116;220.0;GUARULHOS;Falta de atenção;Colisão lateral;Com Vítimas Feridas;Anoitecer;Decrescente;Chuva;Múltipla;Reta;Urbano;2;2
1309437;2011-10-11;Terça;18:15:00;SP;116;136.3;SAO JOSE DOS CAMPOS;Defeito mecânico em veículo;Capotamento;Sem Vítimas;Plena noite;Decrescente;Ceu Claro;Dupla;Reta;Rural;1;1
830488;2011-01-01;Sábado;07:30:00;SP;116;218.0;GUARULHOS;Falta de atenção;Colisão lateral;Com Vítimas Feridas;Pleno dia;Decrescente;Nublado;Múltipla;Reta;Rural;3;2
830613;2011-01-01;Sábado;12:00:00;SP;116;147.9;SAO JOSE DOS CAMPOS;Não guardar distância de segurança;Colisão traseira;Sem Vítimas;Pleno dia;Crescente;Chuva;Dupla;Reta;Urbano;2;2
83076585;2011-08-02;Terça;11:30:00;SP;116;161.0;JACAREI;Outras;Saída de Pista;Com Vítimas Feridas;Pleno dia;Crescente;Ceu Claro;Dupla;Reta;Rural;7;4
831147;2011-01-02;Domingo;16:00:00;SP;116;129.0;CACAPAVA;Outras;Colisão traseira;Sem Vítimas;Pleno dia;Crescente;Nublado;Dupla;Reta;Urbano;6;6
831234;2011-01-02;Domingo;18:30:00;SP;116;144.0;SAO JOSE DOS CAMPOS;Outras;Colisão traseira;Sem Vítimas;Anoitecer;Decrescente;Chuva;Dupla;Reta;Urbano;2;2
831237;2011-01-02;Domingo;19:05:00;SP;116;180.0;GUARAREMA;Não guardar distância de segurança;Colisão traseira;Com Vítimas Feridas;Pleno dia;Crescente;Nublado;Dupla;Reta;Rural;2;2
831276;2011-01-02;Domingo;00:30:00;SP;116;213.0;GUARULHOS;Ingestão de álcool;Colisão frontal;Com Vítimas Feridas;Plena noite;Decrescente;Chuva;Múltipla;Reta;Urbano;3;2
831309;2011-01-02;Domingo;17:20:00;SP;116;203.0;GUARULHOS;Falta de atenção;Colisão traseira;Sem Vítimas;Pleno dia;Crescente;Chuva;Dupla;Reta;Urbano;2;2
83138854;2011-08-21;Domingo;05:46:00;SP;116;149.5;SAO JOSE DOS CAMPOS;Ingestão de álcool;Capotamento;Sem Vítimas;Plena noite;Crescente;Chuva;Múltipla;Reta;Urbano;2;2
831410;2011-01-01;Sábado;19:30:00;SP;116;177.6;GUARAREMA;Não guardar distância de segurança;Colisão traseira;Sem Vítimas;Anoitecer;Crescente;Chuva;Dupla;Curva;Rural;2;2
831508;2011-01-02;Domingo;21:30:00;SP;116;108.0;PINDAMONHANGABA;Outras;Colisão traseira;Sem Vítimas;Plena noite;Decrescente;Chuva;Dupla;Reta;Urbano;2;2
831519;2011-01-03;Segunda;00:50:00;SP;116;146.9;SAO JOSE DOS CAMPOS;Outras;Colisão traseira;Com Vítimas Feridas;Plena noite;Crescente;Chuva;Dupla;Reta;Urbano;3;2
831528;2011-01-02;Domingo;10:20:00;SP;116;105.0;PINDAMONHANGABA;Outras;Colisão com objeto fixo;Sem Vítimas;Pleno dia;Crescente;Chuva;Múltipla;Reta;Urbano;1;1
831583;2011-01-02;Domingo;15:30:00;SP;116;106.7;PINDAMONHANGABA;Não guardar distância de segurança;Colisão traseira;Sem Vítimas;Pleno dia;Crescente;Nublado;Dupla;Reta;Urbano;3;3
831708;2011-01-03;Segunda;08:20:00;SP;116;127.6;CACAPAVA;Outras;Saída de Pista;Sem Vítimas;Pleno dia;Crescente;Chuva;Dupla;Reta;Urbano;2;2
831785;2011-01-03;Segunda;12:00:00;SP;116;204.4;ARUJA;Falta de atenção;Colisão com objeto fixo;Sem Vítimas;Pleno dia;Crescente;Chuva;Dupla;Reta;Urbano;1;1
831794;2011-01-03;Segunda;11:50:00;SP;116;224.0;GUARULHOS;Outras;Atropelamento de pessoa;Com Vítimas Feridas;Pleno dia;Crescente;Chuva;Múltipla;Reta;Urbano;2;1
831933;2011-01-01;Sábado;19:15:00;SP;116;184.5;SANTA ISABEL;Outras;Saída de Pista;Sem Vítimas;Anoitecer;Crescente;Chuva;Dupla;Reta;Rural;1;1
831987;2011-01-03;Segunda;07:00:00;SP;116;212.0;GUARULHOS;Falta de atenção;Colisão traseira;Sem Vítimas;Pleno dia;Crescente;Chuva;Múltipla;Reta;Urbano;2;2
832025;2011-01-03;Segunda;16:15:00;SP;116;202.9;ARUJA;Outras;Capotamento;Sem Vítimas;Pleno dia;Crescente;Chuva;Dupla;Reta;Urbano;1;1
832106;2011-01-02;Domingo;19:00:00;SP;116;180.8;GUARAREMA;Não guardar distância de segurança;Colisão traseira;Sem Vítimas;Pleno dia;Crescente;Chuva;Dupla;Reta;Rural;2;2
832133;2011-01-02;Domingo;17:00:00;SP;116;205.0;GUARULHOS;Falta de atenção;Colisão traseira;Sem Vítimas;Pleno dia;Crescente;Chuva;Dupla;Reta;Urbano;2;2
832244;2011-01-03;Segunda;06:40:00;SP;116;187.6;SANTA ISABEL;Outras;Colisão com objeto fixo;Sem Vítimas;Amanhecer;Crescente;Chuva;Dupla;Reta;Rural;1;1
832275;2011-01-03;Segunda;15:50:00;SP;116;182.3;SANTA ISABEL;Outras;Colisão traseira;Sem Vítimas;Pleno dia;Decrescente;Chuva;Múltipla;Reta;Rural;2;2
832288;2011-01-03;Segunda;11:00:00;SP;116;191.6;SANTA ISABEL;Outras;Colisão com objeto fixo;Sem Vítimas;Pleno dia;Decrescente;Chuva;Dupla;Reta;Rural;1;1
832489;2011-01-04;Terça;11:15:00;SP;116;165.0;JACAREI;Falta de atenção;Colisão lateral;Sem Vítimas;Pleno dia;Crescente;Chuva;Múltipla;Reta;Rural;2;2
832500;2011-01-04;Terça;11:15:00;SP;116;140.0;SAO JOSE DOS CAMPOS;Outras;Colisão traseira;Sem Vítimas;Pleno dia;Crescente;Chuva;Dupla;Reta;Urbano;2;2
832605;2011-01-04;Terça;15:45:00;SP;116;153.7;SAO JOSE DOS CAMPOS;Outras;Queda de motocicleta / bicicleta / veículo;Com Vítimas Feridas;Pleno dia;Crescente;Chuva;Dupla;Reta;Urbano;1;1
832660;2011-01-03;Segunda;06:25:00;SP;116;170.0;SAO JOSE DOS CAMPOS;Outras;Colisão com objeto fixo;Sem Vítimas;Amanhecer;Crescente;Chuva;Dupla;Reta;Urbano;1;1
832668;2011-01-04;Terça;18:10:00;SP;116;127.6;CACAPAVA;Outras;Colisão traseira;Sem Vítimas;Pleno dia;Crescente;Chuva;Dupla;Reta;Urbano;2;2
832985;2011-01-01;Sábado;07:20:00;SP;116;113.4;TAUBATE;Outras;Queda de motocicleta / bicicleta / veículo;Com Vítimas Feridas;Pleno dia;Crescente;Ceu Claro;Simples;Reta;Urbano;2;1
832997;2011-01-04;Terça;15:00:00;SP;116;226.0;GUARULHOS;Outras;Colisão com objeto fixo;Ignorado;Pleno dia;Decrescente;Chuva;Dupla;Reta;Urbano;1;1
833031;2011-01-03;Segunda;19:10:00;SP;116;222.1;GUARULHOS;Outras;Incêndio;Sem Vítimas;Anoitecer;Crescente;Nublado;Múltipla;Reta;Urbano;1;1
833228;2011-01-05;Quarta;12:20:00;SP;116;216.0;GUARULHOS;Outras;Colisão com objeto fixo;Sem Vítimas;Pleno dia;Crescente;Sol;Múltipla;Reta;Urbano;3;3
833357;2011-01-02;Domingo;13:00:00;SP;116;223.0;GUARULHOS;Falta de atenção;Colisão traseira;Sem Vítimas;Pleno dia;Crescente;Chuva;Múltipla;Reta;Urbano;2;2
833407;2011-01-05;Quarta;14:30:00;SP;116;206.0;GUARULHOS;Outras;Danos Eventuais;Sem Vítimas;Pleno dia;Crescente;Nublado;Dupla;Reta;Urbano;1;1
833596;2011-01-03;Segunda;08:55:00;SP;116;219.0;GUARULHOS;Defeito na via;Colisão Transversal;Sem Vítimas;Pleno dia;Crescente;Chuva;Múltipla;Reta;Urbano;3;3
833640;2011-01-03;Segunda;12:00:00;SP;116;225.0;GUARULHOS;Falta de atenção;Colisão com objeto fixo;Sem Vítimas;Pleno dia;Decrescente;Chuva;Dupla;Reta;Urbano;2;2
833648;2011-01-03;Segunda;01:50:00;SP;116;177.5;GUARAREMA;Outras;Colisão com objeto fixo;Sem Vítimas;Plena noite;Crescente;Chuva;Dupla;Curva;Urbano;1;1
833651;2011-01-04;Terça;11:15:00;SP;116;107.6;TAUBATE;Outras;Colisão lateral;Sem Vítimas;Pleno dia;Decrescente;Chuva;Dupla;Reta;Urbano;3;2
833664;2011-01-05;Quarta;17:00:00;SP;116;217.0;GUARULHOS;Outras;Colisão traseira;Sem Vítimas;Pleno dia;Decrescente;Sol;Múltipla;Reta;Urbano;2;2
833708;2011-01-04;Terça;00:20:00;SP;116;221.0;GUARULHOS;Defeito mecânico em veículo;Colisão traseira;Com Vítimas Feridas;Plena noite;Crescente;Chuva;Múltipla;Reta;Urbano;4;3
833775;2011-01-06;Quinta;15:00:00;SP;116;220.0;GUARULHOS;Falta de atenção;Colisão traseira;Sem Vítimas;Pleno dia;Decrescente;Chuva;Múltipla;Reta;Urbano;2;2
833804;2011-01-06;Quinta;14:30:00;SP;116;219.0;GUARULHOS;Falta de atenção;Colisão traseira;Sem Vítimas;Pleno dia;Crescente;Nublado;Múltipla;Reta;Urbano;3;3
833853;2011-01-04;Terça;21:45:00;SP;116;222.0;GUARULHOS;Outras;Incêndio;Sem Vítimas;Plena noite;Decrescente;Nublado;Múltipla;Reta;Urbano;1;1
833873;2011-01-04;Terça;11:50:00;SP;116;144.5;SAO JOSE DOS CAMPOS;Falta de atenção;Colisão traseira;Sem Vítimas;Pleno dia;Crescente;Chuva;Dupla;Reta;Urbano;3;3
833891;2011-01-04;Terça;15:00:00;SP;116;224.0;GUARULHOS;Outras;Colisão com objeto móvel;Sem Vítimas;Plena noite;Decrescente;Chuva;Múltipla;Reta;Urbano;1;1
833909;2011-01-01;Sábado;22:30:00;SP;116;161.9;JACAREI;Outras;Colisão com objeto fixo;Sem Vítimas;Plena noite;Decrescente;Chuva;Simples;Reta;Urbano;1;1
833971;2011-01-06;Quinta;13:30:00;SP;116;210.8;GUARULHOS;Falta de atenção;Colisão traseira;Com Vítimas Feridas;Pleno dia;Crescente;Nublado;Dupla;Reta;Urbano;2;2
834036;2011-01-07;Sexta;00:10:00;SP;116;228.0;GUARULHOS;Falta de atenção;Colisão traseira;Sem Vítimas;Plena noite;Decrescente;Ceu Claro;Múltipla;Reta;Urbano;2;2
834267;2011-01-07;Sexta;11:40:00;SP;116;120.0;CACAPAVA;Falta de atenção;Colisão traseira;Sem Vítimas;Pleno dia;Crescente;Nublado;Dupla;Reta;Rural;2;2
834271;2011-01-07;Sexta;07:50:00;SP;116;142.0;SAO JOSE DOS CAMPOS;Falta de atenção;Colisão traseira;Sem Vítimas;Pleno dia;Crescente;Ceu Claro;Dupla;Reta;Urbano;3;3
834344;2011-01-06;Quinta;23:50:00;SP;116;175.2;GUARAREMA;Outras;Colisão traseira;Com Vítimas Feridas;Plena noite;Crescente;Chuva;Dupla;Reta;Rural;4;3
834474;2011-01-07;Sexta;21:05:00;SP;116;212.2;GUARULHOS;Falta de atenção;Colisão traseira;Sem Vítimas;Plena noite;Crescente;Chuva;Múltipla;Reta;Urbano;2;2
834694;2011-01-08;Sábado;14:15:00;SP;116;227.0;GUARULHOS;Outras;Capotamento;Sem Vítimas;Pleno dia;Decrescente;Ceu Claro;Múltipla;Reta;Urbano;2;2
834715;2011-01-04;Terça;10:40:00;SP;116;112.2;TAUBATE;Outras;Colisão com objeto fixo;Sem Vítimas;Pleno dia;Decrescente;Ceu Claro;Dupla;Reta;Urbano;1;1
834749;2011-01-04;Terça;04:00:00;SP;116;225.9;GUARULHOS;Dormindo;Colisão com objeto fixo;Sem Vítimas;Plena noite;Crescente;Chuva;Dupla;Reta;Urbano;1;1
834793;2011-01-08;Sábado;13:56:00;SP;116;187.0;SANTA ISABEL;Outras;Saída de Pista;Com Vítimas Feridas;Pleno dia;Decrescente;Chuva;Dupla;Curva;Rural;1;1
834916;2011-01-07;Sexta;11:50:00;SP;116;227.0;SAO PAULO;Defeito mecânico em veículo;Atropelamento de pessoa;Com Vítimas Feridas;Pleno dia;Decrescente;Nublado;Simples;Reta;Urbano;2;1
834976;2011-01-08;Sábado;15:14:00;SP;116;117.0;TAUBATE;Outras;Colisão lateral;Sem Vítimas;Pleno dia;Crescente;Ceu Claro;Dupla;Reta;Urbano;2;2
835015;2011-01-09;Domingo;07:20:00;SP;116;197.0;ARUJA;Falta de atenção;Colisão lateral;Sem Vítimas;Pleno dia;Decrescente;Nublado;Dupla;Reta;Rural;2;2
835027;2011-01-09;Domingo;07:40:00;SP;116;147.9;SAO JOSE DOS CAMPOS;Outras;Capotamento;Com Vítimas Feridas;Pleno dia;Decrescente;Nublado;Dupla;Reta;Urbano;2;1
835042;2011-01-02;Domingo;23:10:00;SP;116;225.0;GUARULHOS;Outras;Colisão traseira;Sem Vítimas;Plena noite;Crescente;Chuva;Múltipla;Reta;Urbano;3;3
835091;2011-01-01;Sábado;15:20:00;SP;116;217.8;GUARULHOS;Ingestão de álcool;Colisão traseira;Sem Vítimas;Pleno dia;Crescente;Ceu Claro;Múltipla;Reta;Urbano;2;2
835134;2011-01-01;Sábado;17:25:00;SP;116;198.0;ARUJA;Velocidade incompatível;Saída de Pista;Sem Vítimas;Pleno dia;Decrescente;Chuva;Dupla;Curva;Rural;1;1
835149;2011-01-05;Quarta;10:00:00;SP;116;222.0;GUARULHOS;Ultrapassagem indevida;Colisão lateral;Sem Vítimas;Pleno dia;Crescente;Ceu Claro;Múltipla;Curva;Urbano;4;4
835181;2011-01-08;Sábado;14:40:00;SP;116;144.5;SAO JOSE DOS CAMPOS;Outras;Colisão traseira;Sem Vítimas;Pleno dia;Crescente;Nublado;Dupla;Reta;Urbano;4;4
835236;2011-01-05;Quarta;12:45:00;SP;116;226.9;GUARULHOS;Outras;Colisão lateral;Sem Vítimas;Pleno dia;Crescente;Ceu Claro;Múltipla;Curva;Urbano;2;2
835283;2011-01-08;Sábado;06:00:00;SP;116;208.2;GUARULHOS;Falta de atenção;Colisão com objeto fixo;Sem Vítimas;Amanhecer;Crescente;Nublado;Dupla;Reta;Urbano;1;1
835286;2011-01-06;Quinta;16:05:00;SP;116;118.0;TAUBATE;Não guardar distância de segurança;Colisão traseira;Sem Vítimas;Pleno dia;Decrescente;Chuva;Dupla;Reta;Urbano;3;3
835311;2011-01-09;Domingo;16:27:00;SP;116;141.5;SAO JOSE DOS CAMPOS;Não guardar distância de segurança;Colisão traseira;Sem Vítimas;Pleno dia;Crescente;Nublado;Dupla;Reta;Urbano;2;2
835327;2011-01-09;Domingo;17:50:00;SP;116;142.8;SAO JOSE DOS CAMPOS;Outras;Colisão traseira;Sem Vítimas;Pleno dia;Crescente;Chuva;Dupla;Reta;Urbano;3;3
835407;2011-01-06;Quinta;19:00:00;SP;116;111.1;TAUBATE;Falta de atenção;Colisão traseira;Sem Vítimas;Anoitecer;Crescente;Chuva;Simples;Reta;Urbano;2;2
835482;2011-01-06;Quinta;23:30:00;SP;116;227.0;SAO PAULO;Falta de atenção;Colisão traseira;Com Vítimas Feridas;Plena noite;Decrescente;Nublado;Múltipla;Reta;Urbano;3;2
835585;2011-01-06;Quinta;16:20:00;SP;116;118.0;TAUBATE;Outras;Queda de motocicleta / bicicleta / veículo;Com Vítimas Feridas;Pleno dia;Decrescente;Chuva;Dupla;Reta;Urbano;1;1
835611;2011-01-06;Quinta;20:30:00;SP;116;224.0;GUARULHOS;Falta de atenção;Colisão traseira;Sem Vítimas;Plena noite;Decrescente;Ceu Claro;Múltipla;Reta;Urbano;2;2
835899;2011-01-10;Segunda;16:15:00;SP;116;210.0;GUARULHOS;Falta de atenção;Colisão traseira;Sem Vítimas;Pleno dia;Decrescente;Ceu Claro;Dupla;Reta;Urbano;3;3
835925;2011-01-10;Segunda;17:00:00;SP;116;130.5;CACAPAVA;Outras;Colisão traseira;Sem Vítimas;Pleno dia;Crescente;Nublado;Dupla;Reta;Urbano;2;2