id;data_inversa;dia_semana;horario;uf;br;km;municipio;causa_acidente;tipo_acidente;classificacao_acidente;fase_dia;sentido_via;condicao_metereologica;tipo_pista;tracado_via;uso_solo;pessoas;veiculos
835937;2011-01-07;Sexta;20:45:00;SP;116;225.0;GUARULHOS;Outras;Colisão traseira;Sem Vítimas;Plena noite;Decrescente;Chuva;Múltipla;Reta;Urbano;4;4
836083;2011-01-10;Segunda;20:00:00;SP;116;211.0;GUARULHOS;Falta de atenção;Colisão traseira;Sem Vítimas;Plena noite;Decrescente;Ceu Claro;Múltipla;Reta;Urbano;2;2
836328;2011-01-07;Sexta;14:40:00;SP;116;126.0;CACAPAVA;Defeito mecânico em veículo;Colisão com objeto móvel;Com Vítimas Feridas;Pleno dia;Crescente;Nublado;Dupla;Reta;Urbano;3;2
836350;2011-01-10;Segunda;18:00:00;SP;116;220.0;GUARULHOS;Falta de atenção;Colisão traseira;Sem Vítimas;Anoitecer;Decrescente;Ceu Claro;Múltipla;Reta;Urbano;2;2
836430;2011-01-02;Domingo;05:50:00;SP;116;146.5;SAO JOSE DOS CAMPOS;Defeito mecânico em veículo;Colisão com objeto fixo;Sem Vítimas;Amanhecer;Decrescente;Nublado;Dupla;Reta;Urbano;1;1
836452;2011-01-11;Terça;10:40:00;SP;116;212.0;GUARULHOS;Falta de atenção;Colisão traseira;Sem Vítimas;Pleno dia;Decrescente;Sol;Múltipla;Reta;Urbano;2;2
836508;2011-01-09;Domingo;17:20:00;SP;116;226.8;GUARULHOS;Ingestão de álcool;Colisão traseira;Sem Vítimas;Pleno dia;Decrescente;Ceu Claro;Múltipla;Reta;Urbano;2;2
836553;2011-01-10;Segunda;14:30:00;SP;116;161.9;JACAREI;Falta de atenção;Colisão traseira;Sem Vítimas;Pleno dia;Decrescente;Chuva;Dupla;Reta;Rural;2;2
836560;2011-01-07;Sexta;17:45:00;SP;116;218.0;GUARULHOS;Não guardar distância de segurança;Colisão traseira;Sem Vítimas;Pleno dia;Crescente;Nublado;Múltipla;Reta;Urbano;4;4
836596;2011-01-03;Segunda;17:10:00;SP;116;166.2;JACAREI;Outras;Colisão com objeto fixo;Sem Vítimas;Pleno dia;Crescente;Chuva;Dupla;Reta;Urbano;2;2
836635;2011-01-06;Quinta;18:00:00;SP;116;156.0;SAO JOSE DOS CAMPOS;Não guardar distância de segurança;Colisão traseira;Sem Vítimas;Anoitecer;Decrescente;Chuva;Múltipla;Reta;Urbano;3;3
836647;2011-01-04;Terça;00:45:00;SP;116;186.0;SANTA ISABEL;Velocidade incompatível;Colisão com objeto fixo;Sem Vítimas;Plena noite;Crescente;Chuva;Dupla;Curva;Urbano;1;1
836671;2011-01-07;Sexta;06:50:00;SP;116;146.0;SAO JOSE DOS CAMPOS;Não guardar distância de segurança;Colisão traseira;Sem Vítimas;Amanhecer;Decrescente;Chuva;Múltipla;Reta;Urbano;3;3
836727;2011-01-06;Quinta;06:55:00;SP;116;210.0;GUARULHOS;Outras;Colisão traseira;Com Vítimas Feridas;Pleno dia;Crescente;Ceu Claro;Dupla;Reta;Urbano;2;2
836740;2011-01-11;Terça;21:30:00;SP;116;201.7;ARUJA;Outras;Colisão traseira;Sem Vítimas;Plena noite;Decrescente;Chuva;Dupla;Reta;Urbano;2;2
836824;2011-01-12;Quarta;06:50:00;SP;116;218.9;GUARULHOS;Não guardar distância de segurança;Colisão lateral;Com Vítimas Feridas;Pleno dia;Crescente;Nublado;Múltipla;Reta;Urbano;2;2
836859;2011-01-06;Quinta;19:06:00;SP;116;221.0;GUARULHOS;Outras;Colisão lateral;Sem Vítimas;Plena noite;Decrescente;Nublado;Múltipla;Reta;Urbano;2;2
836904;2011-01-09;Domingo;16:20:00;SP;116;219.0;GUARULHOS;Outras;Colisão lateral;Sem Vítimas;Pleno dia;Decrescente;Sol;Múltipla;Reta;Urbano;2;2
836912;2011-01-10;Segunda;06:00:00;SP;116;204.0;ARUJA;Não guardar distância de segurança;Colisão traseira;Sem Vítimas;Amanhecer;Decrescente;Nublado;Dupla;Reta;Urbano;3;3
836949;2011-01-09;Domingo;23:30:00;SP;116;217.0;GUARULHOS;Outras;Colisão traseira;Sem Vítimas;Plena noite;Crescente;Nublado;Múltipla;Reta;Urbano;2;2
836954;2011-01-09;Domingo;22:00:00;SP;116;211.0;GUARULHOS;Falta de atenção;Colisão traseira;Sem Vítimas;Plena noite;Crescente;Ceu Claro;Múltipla;Reta;Urbano;2;2
837041;2011-01-11;Terça;08:10:00;SP;116;161.2;JACAREI;Não guardar distância de segurança;Colisão traseira;Sem Vítimas;Pleno dia;Decrescente;Nublado;Dupla;Reta;Rural;3;3
837084;2011-01-08;Sábado;15:20:00;SP;116;196.0;ARUJA;Outras;Saída de Pista;Com Vítimas Feridas;Pleno dia;Decrescente;Chuva;Dupla;Curva;Urbano;1;1
837196;2011-01-12;Quarta;08:40:00;SP;116;219.0;GUARULHOS;Falta de atenção;Colisão traseira;Sem Vítimas;Pleno dia;Crescente;Sol;Múltipla;Reta;Urbano;2;2
837198;2011-01-12;Quarta;17:00:00;SP;116;204.0;ARUJA;Velocidade incompatível;Colisão com objeto móvel;Sem Vítimas;Pleno dia;Decrescente;Nublado;Dupla;Reta;Urbano;1;1
837204;2011-01-12;Quarta;18:40:00;SP;116;182.0;SANTA ISABEL;Não guardar distância de segurança;Colisão traseira;Sem Vítimas;Pleno dia;Decrescente;Nublado;Múltipla;Reta;Rural;2;2
837219;2011-01-12;Quarta;16:00:00;SP;116;220.0;GUARULHOS;Outras;Colisão lateral;Sem Vítimas;Pleno dia;Crescente;Ceu Claro;Múltipla;Reta;Urbano;2;2
837296;2011-01-10;Segunda;21:20:00;SP;116;219.0;GUARULHOS;Falta de atenção;Colisão traseira;Com Vítimas Feridas;Plena noite;Crescente;Chuva;Múltipla;Reta;Urbano;6;3
837413;2011-01-12;Quarta;20:40:00;SP;116;122.8;CACAPAVA;Outras;Colisão com objeto fixo;Sem Vítimas;Plena noite;Crescente;Chuva;Dupla;Reta;Urbano;2;2
837417;2011-01-12;Quarta;22:15:00;SP;116;189.5;SANTA ISABEL;Outras;Saída de Pista;Com Vítimas Feridas;Plena noite;Crescente;Chuva;Dupla;Reta;Rural;3;1
837454;2011-01-09;Domingo;22:55:00;SP;116;127.6;CACAPAVA;Outras;Colisão traseira;Sem Vítimas;Plena noite;Crescente;Nublado;Dupla;Reta;Urbano;2;2
837485;2011-01-10;Segunda;19:00:00;SP;116;228.0;GUARULHOS;Outras;Colisão lateral;Sem Vítimas;Anoitecer;Decrescente;Nublado;Múltipla;Reta;Urbano;2;2
837567;2011-01-09;Domingo;16:20:00;SP;116;144.0;SAO JOSE DOS CAMPOS;Outras;Colisão traseira;Com Vítimas Feridas;Pleno dia;Crescente;Ceu Claro;Dupla;Reta;Urbano;3;2
837772;2011-01-13;Quinta;11:20:00;SP;116;159.0;JACAREI;Outras;Derramamento de Carga;Sem Vítimas;Pleno dia;Decrescente;Chuva;Dupla;Reta;Urbano;1;1
837784;2011-01-10;Segunda;05:50:00;SP;116;106.6;TAUBATE;Outras;Colisão com objeto fixo;Com Vítimas Feridas;Amanhecer;Crescente;Nublado;Dupla;Reta;Urbano;2;2
837828;2011-01-13;Quinta;17:30:00;SP;116;126.6;CACAPAVA;Outras;Colisão traseira;Sem Vítimas;Pleno dia;Decrescente;Chuva;Dupla;Reta;Urbano;3;3
837910;2011-01-09;Domingo;18:40:00;SP;116;217.0;GUARULHOS;Outras;Colisão com objeto móvel;Com Vítimas Feridas;Plena noite;Crescente;Ceu Claro;Múltipla;Reta;Urbano;1;1
837928;2011-01-10;Segunda;05:50:00;SP;116;106.6;TAUBATE;Outras;Colisão com objeto fixo;Sem Vítimas;Amanhecer;Decrescente;Nublado;Dupla;Reta;Urbano;2;2
837939;2011-01-14;Sexta;06:10:00;SP;116;218.9;GUARULHOS;Não guardar distância de segurança;Colisão traseira;Sem Vítimas;Amanhecer;Crescente;Chuva;Múltipla;Reta;Urbano;2;2
837988;2011-01-10;Segunda;21:00:00;SP;116;123.5;CACAPAVA;Outras;Colisão com objeto fixo;Sem Vítimas;Plena noite;Crescente;Nublado;Dupla;Reta;Rural;1;1
838002;2011-01-13;Quinta;21:30:00;SP;116;214.0;GUARULHOS;Outras;Colisão traseira;Com Vítimas Feridas;Plena noite;Decrescente;Nublado;Múltipla;Reta;Urbano;3;3
838097;2011-01-13;Quinta;15:45:00;SP;116;165.0;JACAREI;Outras;Colisão com objeto fixo;Sem Vítimas;Pleno dia;Decrescente;Chuva;Múltipla;Reta;Urbano;1;1
838111;2011-01-14;Sexta;10:15:00;SP;116;138.3;SAO JOSE DOS CAMPOS;Outras;Colisão traseira;Sem Vítimas;Pleno dia;Crescente;Ceu Claro;Dupla;Reta;Urbano;2;2
838137;2011-01-14;Sexta;13:30:00;SP;116;189.5;SANTA ISABEL;Outras;Tombamento;Sem Vítimas;Pleno dia;Decrescente;Nublado;Dupla;Reta;Rural;2;2
838148;2011-01-10;Segunda;17:15:00;SP;116;227.0;GUARULHOS;Falta de atenção;Colisão lateral;Sem Vítimas;Pleno dia;Decrescente;Nublado;Múltipla;Reta;Urbano;2;2
838171;2011-01-14;Sexta;16:00:00;SP;116;212.0;GUARULHOS;Outras;Colisão traseira;Sem Vítimas;Pleno dia;Decrescente;Chuva;Múltipla;Reta;Urbano;2;2
838203;2011-01-14;Sexta;15:45:00;SP;116;122.8;CACAPAVA;Outras;Saída de Pista;Sem Vítimas;Pleno dia;Crescente;Chuva;Dupla;Reta;Rural;1;1
838242;2011-01-11;Terça;00:40:00;SP;116;229.0;GUARULHOS;Falta de atenção;Tombamento;Sem Vítimas;Plena noite;Decrescente;Chuva;Múltipla;Reta;Urbano;1;1
838258;2011-01-13;Quinta;16:03:00;SP;116;160.0;JACAREI;Outras;Colisão traseira;Sem Vítimas;Pleno dia;Decrescente;Chuva;Simples;Reta;Rural;2;2
838277;2011-01-14;Sexta;13:30:00;SP;116;216.0;GUARULHOS;Não guardar distância de segurança;Colisão traseira;Sem Vítimas;Pleno dia;Decrescente;Chuva;Múltipla;Reta;Urbano;2;2
838328;2011-01-14;Sexta;16:00:00;SP;116;211.0;GUARULHOS;Falta de atenção;Colisão traseira;Com Vítimas Feridas;Pleno dia;Crescente;Chuva;Múltipla;Reta;Urbano;2;2
838436;2011-01-14;Sexta;17:45:00;SP;116;216.5;GUARULHOS;Falta de atenção;Atropelamento de pessoa;Com Vítimas Feridas;Anoitecer;Decrescente;Ceu Claro;Múltipla;Reta;Urbano;2;1
838557;2011-01-14;Sexta;22:15:00;SP;116;208.0;GUARULHOS;Falta de atenção;Colisão com bicicleta;Com Vítimas Fatais;Plena noite;Crescente;Ceu Claro;Dupla;Reta;Urbano;2;2
838624;2011-01-12;Quarta;15:20:00;SP;116;157.0;SAO JOSE DOS CAMPOS;Outras;Colisão lateral;Sem Vítimas;Pleno dia;Crescente;Ceu Claro;Múltipla;Reta;Rural;2;2
838740;2011-01-15;Sábado;13:30:00;SP;116;225.0;GUARULHOS;Não guardar distância de segurança;Colisão lateral;Sem Vítimas;Pleno dia;Crescente;Ceu Claro;Múltipla;Reta;Urbano;2;2
838741;2011-01-15;Sábado;05:25:00;SP;116;189.3;SANTA ISABEL;Dormindo;Colisão traseira;Com Vítimas Feridas;Amanhecer;Crescente;Nublado;Dupla;Reta;Rural;2;2
838772;2011-01-15;Sábado;06:45:00;SP;116;170.3;JACAREI;Outras;Capotamento;Sem Vítimas;Amanhecer;Decrescente;Nublado;Dupla;Reta;Rural;2;2
838803;2011-01-12;Quarta;14:30:00;SP;116;153.2;SAO JOSE DOS CAMPOS;Falta de atenção;Colisão lateral;Com Vítimas Feridas;Pleno dia;Crescente;Sol;Simples;Reta;Urbano;2;2
838828;2011-01-12;Quarta;22:20:00;SP;116;171.0;JACAREI;Outras;Colisão traseira;Sem Vítimas;Plena noite;Crescente;Chuva;Dupla;Reta;Rural;2;2
838888;2011-01-04;Terça;07:30:00;SP;116;154.5;SAO JOSE DOS CAMPOS;Falta de atenção;Colisão lateral;Sem Vítimas;Pleno dia;Crescente;Chuva;Dupla;Reta;Urbano;2;2
838946;2011-01-15;Sábado;18:20:00;SP;116;210.8;GUARULHOS;Falta de atenção;Colisão traseira;Sem Vítimas;Pleno dia;Crescente;Sol;Múltipla;Reta;Urbano;3;3
838964;2011-01-11;Terça;11:40:00;SP;116;214.5;GUARULHOS;Falta de atenção;Colisão traseira;Sem Vítimas;Pleno dia;Decrescente;Chuva;Múltipla;Reta;Urbano;2;2
839004;2011-01-15;Sábado;19:00:00;SP;116;112.4;TAUBATE;Falta de atenção;Colisão traseira;Com Vítimas Feridas;Pleno dia;Crescente;Chuva;Dupla;Reta;Urbano;8;5
839061;2011-01-16;Domingo;00:45:00;SP;116;197.0;ARUJA;Defeito mecânico em veículo;Colisão com objeto móvel;Sem Vítimas;Plena noite;Decrescente;Nublado;Dupla;Reta;Urbano;2;2
839117;2011-01-08;Sábado;01:15:00;SP;116;182.3;SANTA ISABEL;Outras;Colisão traseira;Sem Vítimas;Plena noite;Decrescente;Ceu Claro;Múltipla;Reta;Rural;2;2
839148;2011-01-15;Sábado;18:00:00;SP;116;182.3;SANTA ISABEL;Outras;Colisão traseira;Sem Vítimas;Pleno dia;Decrescente;Ceu Claro;Múltipla;Reta;Rural;2;2
839225;2011-01-09;Domingo;23:20:00;SP;116;147.0;SAO JOSE DOS CAMPOS;Outras;Colisão traseira;Sem Vítimas;Plena noite;Decrescente;Nublado;Dupla;Reta;Urbano;2;2
839261;2011-01-10;Segunda;20:44:00;SP;116;122.8;CACAPAVA;Outras;Colisão com objeto fixo;Sem Vítimas;Plena noite;Crescente;Nublado;Dupla;Reta;Urbano;1;1
839287;2011-01-14;Sexta;16:10:00;SP;116;102.0;PINDAMONHANGABA;Outras;Colisão traseira;Sem Vítimas;Pleno dia;Decrescente;Nublado;Dupla;Reta;Urbano;3;3
839293;2011-01-16;Domingo;13:40:00;SP;116;189.6;SANTA ISABEL;Não guardar distância de segurança;Colisão traseira;Sem Vítimas;Pleno dia;Crescente;Chuva;Dupla;Reta;Rural;2;2
839299;2011-01-04;Terça;11:50:00;SP;116;223.0;GUARULHOS;Defeito mecânico em veículo;Colisão lateral;Com Vítimas Feridas;Pleno dia;Crescente;Chuva;Múltipla;Reta;Urbano;2;2
839318;2011-01-16;Domingo;13:39:00;SP;116;190.0;SANTA ISABEL;Não guardar distância de segurança;Colisão traseira;Sem Vítimas;Pleno dia;Crescente;Chuva;Dupla;Reta;Rural;2;2
839320;2011-01-13;Quinta;10:50:00;SP;116;221.0;GUARULHOS;Defeito mecânico em veículo;Colisão com objeto fixo;Sem Vítimas;Pleno dia;Crescente;Chuva;Múltipla;Reta;Urbano;1;1
839347;2011-01-13;Quinta;11:15:00;SP;116;216.0;GUARULHOS;Outras;Colisão traseira;Sem Vítimas;Pleno dia;Decrescente;Chuva;Múltipla;Reta;Urbano;2;2
839365;2011-01-13;Quinta;11:40:00;SP;116;216.0;GUARULHOS;Outras;Tombamento;Sem Vítimas;Pleno dia;Decrescente;Chuva;Múltipla;Curva;Urbano;1;1
839378;2011-01-14;Sexta;00:30:00;SP;116;219.0;GUARULHOS;Outras;Colisão traseira;Sem Vítimas;Plena noite;Crescente;Nublado;Múltipla;Reta;Urbano;2;2
839389;2011-01-14;Sexta;16:40:00;SP;116;108.5;TAUBATE;Outras;Colisão traseira;Sem Vítimas;Pleno dia;Crescente;Chuva;Dupla;Reta;Urbano;8;8
839401;2011-01-14;Sexta;04:30:00;SP;116;208.5;GUARULHOS;Outras;Colisão traseira;Com Vítimas Feridas;Plena noite;Crescente;Nublado;Dupla;Reta;Urbano;3;2
839451;2011-01-16;Domingo;18:30:00;SP;116;127.2;CACAPAVA;Outras;Colisão lateral;Com Vítimas Feridas;Pleno dia;Decrescente;Chuva;Dupla;Reta;Urbano;3;2
839463;2011-01-07;Sexta;15:30:00;SP;116;165.0;JACAREI;Não guardar distância de segurança;Colisão traseira;Sem Vítimas;Pleno dia;Crescente;Chuva;Dupla;Reta;Urbano;2;2
839583;2011-01-16;Domingo;23:10:00;SP;116;117.1;TAUBATE;Outras;Queda de motocicleta / bicicleta / veículo;Com Vítimas Feridas;Plena noite;Decrescente;Chuva;Dupla;Reta;Urbano;1;1
839738;2011-01-13;Quinta;16:00:00;SP;116;142.8;SAO JOSE DOS CAMPOS;Outras;Colisão traseira;Sem Vítimas;Pleno dia;Crescente;Chuva;Dupla;Reta;Urbano;2;2
839741;2011-01-13;Quinta;11:35:00;SP;116;186.9;SANTA ISABEL;Outras;Saída de Pista;Sem Vítimas;Pleno dia;Decrescente;Chuva;Simples;Reta;Rural;1;1
839822;2011-01-15;Sábado;20:40:00;SP;116;145.0;SAO JOSE DOS CAMPOS;Outras;Colisão traseira;Sem Vítimas;Plena noite;Crescente;Nublado;Dupla;Reta;Urbano;2;2
839842;2011-01-13;Quinta;19:22:00;SP;116;146.0;SAO JOSE DOS CAMPOS;Outras;Colisão traseira;Sem Vítimas;Plena noite;Crescente;Ceu Claro;Dupla;Reta;Urbano;3;3
839912;2011-01-10;Segunda;15:30:00;SP;116;147.0;SAO JOSE DOS CAMPOS;Não guardar distância de segurança;Colisão traseira;Sem Vítimas;Pleno dia;Decrescente;Chuva;Dupla;Reta;Urbano;2;2
839936;2011-01-16;Domingo;02:00:00;SP;116;135.7;SAO JOSE DOS CAMPOS;Outras;Atropelamento de pessoa;Sem Vítimas;Pleno dia;Decrescente;Nublado;Dupla;Reta;Urbano;2;1
839972;2011-01-17;Segunda;15:40:00;SP;116;143.1;SAO JOSE DOS CAMPOS;Outras;Colisão traseira;Sem Vítimas;Pleno dia;Crescente;Ceu Claro;Dupla;Reta;Urbano;2;2
839979;2011-01-15;Sábado;18:50:00;SP;116;113.0;TAUBATE;Outras;Colisão traseira;Sem Vítimas;Pleno dia;Crescente;Chuva;Dupla;Reta;Urbano;3;3
840422;2011-01-13;Quinta;05:50:00;SP;116;189.0;SANTA ISABEL;Dormindo;Colisão traseira;Com Vítimas Feridas;Amanhecer;Crescente;Nublado;Dupla;Reta;Rural;2;2
840445;2011-01-16;Domingo;21:40:00;SP;116;205.0;GUARULHOS;Outras;Colisão com objeto fixo;Com Vítimas Feridas;Plena noite;Crescente;Chuva;Dupla;Reta;Urbano;1;1
840450;2011-01-16;Domingo;17:30:00;SP;116;144.5;SAO JOSE DOS CAMPOS;Falta de atenção;Colisão traseira;Sem Vítimas;Pleno dia;Crescente;Nublado;Dupla;Reta;Urbano;3;3
840488;2011-01-14;Sexta;21:00:00;SP;116;165.0;JACAREI;Não guardar distância de segurança;Colisão traseira;Sem Vítimas;Plena noite;Decrescente;Chuva;Múltipla;Reta;Rural;2;2
840546;2011-01-17;Segunda;18:00:00;SP;116;212.0;GUARULHOS;Outras;Colisão traseira;Sem Vítimas;Pleno dia;Decrescente;Nublado;Múltipla;Reta;Urbano;2;2
840559;2011-01-14;Sexta;14:15:00;SP;116;133.9;CACAPAVA;Falta de atenção;Colisão traseira;Sem Vítimas;Pleno dia;Decrescente;Ceu Claro;Dupla;Reta;Rural;3;3
840647;2011-01-18;Terça;17:50:00;SP;116;192.3;SANTA ISABEL;Outras;Capotamento;Sem Vítimas;Pleno dia;Decrescente;Chuva;Dupla;Reta;Rural;1;1
840652;2011-01-17;Segunda;14:10:00;SP;116;221.5;GUARULHOS;Defeito mecânico em veículo;Queda de motocicleta / bicicleta / veículo;Com Vítimas Feridas;Pleno dia;Crescente;Nublado;Múltipla;Reta;Urbano;1;1
840827;2011-01-19;Quarta;04:00:00;SP;116;144.9;SAO JOSE DOS CAMPOS;Outras;Colisão com objeto fixo;Sem Vítimas;Plena noite;Crescente;Nublado;Dupla;Reta;Urbano;2;2
840939;2011-01-15;Sábado;20:40:00;SP;116;159.7;JACAREI;Outras;Colisão traseira;Com Vítimas Feridas;Plena noite;Crescente;Ceu Claro;Dupla;Reta;Urbano;3;3
840996;2011-01-13;Quinta;16:45:00;SP;116;218.5;GUARULHOS;Dormindo;Colisão com objeto fixo;Sem Vítimas;Pleno dia;Crescente;Nublado;Múltipla;Reta;Urbano;1;1
841008;2011-01-19;Quarta;13:05:00;SP;116;125.0;CACAPAVA;Outras;Colisão lateral;Sem Vítimas;Pleno dia;Crescente;Sol;Dupla;Reta;Rural;2;2
841035;2011-01-19;Quarta;07:15:00;SP;116;220.0;GUARULHOS;Falta de atenção;Colisão lateral;Sem Vítimas;Pleno dia;Decrescente;Nublado;Múltipla;Reta;Urbano;2;2
841060;2011-01-19;Quarta;14:00:00;SP;116;214.0;GUARULHOS;Falta de atenção;Colisão traseira;Sem Vítimas;Pleno dia;Crescente;Sol;Múltipla;Reta;Urbano;2;2
841096;2011-01-16;Domingo;18:12:00;SP;116;101.8;PINDAMONHANGABA;Outras;Queda de motocicleta / bicicleta / veículo;Com Vítimas Feridas;Pleno dia;Crescente;Chuva;Dupla;Reta;Rural;2;2
841154;2011-01-16;Domingo;15:15:00;SP;116;219.0;GUARULHOS;Outras;Colisão traseira;Sem Vítimas;Pleno dia;Crescente;Chuva;Múltipla;Reta;Urbano;2;2
841213;2011-01-19;Quarta;16:10:00;SP;116;225.3;GUARULHOS;Falta de atenção;Colisão lateral;Sem Vítimas;Pleno dia;Decrescente;Chuva;Múltipla;Reta;Urbano;2;2
841217;2011-01-19;Quarta;17:30:00;SP;116;157.0;SAO JOSE DOS CAMPOS;Outras;Atropelamento de pessoa;Com Vítimas Feridas;Pleno dia;Crescente;Chuva;Dupla;Reta;Urbano;2;1
841233;2011-01-19;Quarta;17:00:00;SP;116;228.8;SAO PAULO;Outras;Colisão traseira;Sem Vítimas;Pleno dia;Decrescente;Ceu Claro;Múltipla;Reta;Urbano;2;2
841235;2011-01-15;Sábado;13:45:00;SP;116;153.0;SAO JOSE DOS CAMPOS;Não guardar distância de segurança;Colisão traseira;Sem Vítimas;Pleno dia;Decrescente;Ceu Claro;Múltipla;Reta;Rural;2;2
841322;2011-01-11;Terça;13:30:00;SP;116;156.5;SAO JOSE DOS CAMPOS;Outras;Colisão lateral;Sem Vítimas;Pleno dia;Crescente;Nublado;Dupla;Reta;Urbano;2;2
841345;2011-01-19;Quarta;23:30:00;SP;116;198.0;ARUJA;Falta de atenção;Colisão traseira;Com Vítimas Feridas;Plena noite;Crescente;Nublado;Dupla;Reta;Urbano;3;2
841379;2011-01-19;Quarta;10:40:00;SP;116;109.9;TAUBATE;Falta de atenção;Colisão lateral;Sem Vítimas;Pleno dia;Crescente;Sol;Dupla;Reta;Urbano;2;2
841478;2011-01-13;Quinta;09:55:00;SP;116;146.0;SAO JOSE DOS CAMPOS;Outras;Colisão traseira;Sem Vítimas;Pleno dia;Crescente;Chuva;Dupla;Reta;Urbano;3;3
841513;2011-01-17;Segunda;16:30:00;SP;116;227.0;GUARULHOS;Dormindo;Colisão traseira;Sem Vítimas;Pleno dia;Decrescente;Ceu Claro;Múltipla;Reta;Urbano;2;2
841532;2011-01-20;Quinta;07:30:00;SP;116;221.0;GUARULHOS;Não guardar distância de segurança;Colisão traseira;Com Vítimas Feridas;Pleno dia;Decrescente;Chuva;Dupla;Reta;Urbano;3;2
841560;2011-01-13;Quinta;15:28:00;SP;116;158.0;SAO JOSE DOS CAMPOS;Outras;Colisão lateral;Sem Vítimas;Pleno dia;Decrescente;Chuva;Dupla;Reta;Urbano;2;2
841614;2011-01-20;Quinta;13:45:00;SP;116;176.5;GUARAREMA;Defeito mecânico em veículo;Queda de motocicleta / bicicleta / veículo;Com Vítimas Feridas;Pleno dia;Decrescente;Ceu Claro;Dupla;Reta;Rural;1;1
841617;2011-01-20;Quinta;12:25:00;SP;116;145.5;SAO JOSE DOS CAMPOS;Não guardar distância de segurança;Colisão traseira;Sem Vítimas;Pleno dia;Crescente;Nublado;Dupla;Reta;Urbano;2;2
841629;2011-01-20;Quinta;14:00:00;SP;116;145.5;SAO JOSE DOS CAMPOS;Não guardar distância de segurança;Colisão traseira;Sem Vítimas;Pleno dia;Decrescente;Ceu Claro;Dupla;Reta;Urbano;2;2
841667;2011-01-20;Quinta;12:30:00;SP;116;145.0;SAO JOSE DOS CAMPOS;Falta de atenção;Colisão traseira;Sem Vítimas;Pleno dia;Crescente;Nublado;Dupla;Reta;Urbano;2;2
841686;2011-01-20;Quinta;12:00:00;SP;116;207.0;GUARULHOS;Outras;Colisão frontal;Com Vítimas Feridas;Pleno dia;Decrescente;Nublado;Dupla;Reta;Urbano;2;2
841694;2011-01-20;Quinta;15:30:00;SP;116;136.0;SAO JOSE DOS CAMPOS;Outras;Colisão traseira;Sem Vítimas;Pleno dia;Crescente;Sol;Dupla;Reta;Urbano;3;3
841711;2011-01-20;Quinta;13:30:00;SP;116;142.0;SAO JOSE DOS CAMPOS;Outras;Colisão lateral;Com Vítimas Feridas;Pleno dia;Decrescente;Sol;Dupla;Reta;Urbano;2;2
841724;2011-01-17;Segunda;07:00:00;SP;116;220.0;GUARULHOS;Outras;Colisão traseira;Sem Vítimas;Pleno dia;Decrescente;Chuva;Múltipla;Reta;Urbano;2;2
841727;2011-01-20;Quinta;14:45:00;SP;116;217.0;GUARULHOS;Outras;Colisão lateral;Sem Vítimas;Pleno dia;Decrescente;Nublado;Múltipla;Reta;Urbano;2;2
841730;2011-01-20;Quinta;11:40:00;SP;116;224.0;GUARULHOS;Outras;Colisão com objeto fixo;Sem Vítimas;Pleno dia;Crescente;Nublado;Múltipla;Reta;Urbano;1;1
841736;2011-01-17;Segunda;07:11:00;SP;116;227.0;GUARULHOS;Outras;Colisão traseira;Com Vítimas Feridas;Amanhecer;Decrescente;Ceu Claro;Múltipla;Reta;Urbano;4;2
841786;2011-01-15;Sábado;06:00:00;SP;116;155.0;SAO JOSE DOS CAMPOS;Outras;Colisão traseira;Com Vítimas Fatais;Amanhecer;Crescente;Nublado;Múltipla;Reta;Urbano;2;2
841787;2011-01-20;Quinta;12:23:00;SP;116;210.0;GUARULHOS;Falta de atenção;Colisão traseira;Sem Vítimas;Pleno dia;Decrescente;Nublado;Dupla;Reta;Urbano;3;3
841924;2011-01-21;Sexta;00:25:00;SP;116;140.0;SAO JOSE DOS CAMPOS;Dormindo;Colisão traseira;Com Vítimas Feridas;Plena noite;Crescente;Ceu Claro;Dupla;Reta;Urbano;2;2
841948;2011-01-18;Terça;05:45:00;SP;116;117.1;TAUBATE;Outras;Colisão com objeto fixo;Com Vítimas Feridas;Amanhecer;Crescente;Ceu Claro;Dupla;Reta;Rural;2;1
841959;2011-01-21;Sexta;08:00:00;SP;116;219.0;GUARULHOS;Falta de atenção;Colisão traseira;Com Vítimas Feridas;Amanhecer;Crescente;Nublado;Simples;Curva;Urbano;2;2
842083;2011-01-17;Segunda;18:40:00;SP;116;143.2;SAO JOSE DOS CAMPOS;Falta de atenção;Colisão traseira;Sem Vítimas;Anoitecer;Crescente;Nublado;Dupla;Reta;Urbano;2;2
842115;2011-01-17;Segunda;21:40:00;SP;116;126.5;CACAPAVA;Outras;Atropelamento de animal;Sem Vítimas;Plena noite;Decrescente;Nublado;Dupla;Reta;Urbano;1;1