id;data_inversa;dia_semana;horario;uf;br;km;municipio;causa_acidente;tipo_acidente;classificacao_acidente;fase_dia;sentido_via;condicao_metereologica;tipo_pista;tracado_via;uso_solo;pessoas;veiculos
860183;2011-02-21;Segunda;08:40:00;SP;116;224.0;GUARULHOS;Outras;Colisão traseira;Com Vítimas Feridas;Amanhecer;Crescente;Sol;Múltipla;Reta;Urbano;2;2
860220;2011-02-21;Segunda;07:45:00;SP;116;226.0;GUARULHOS;Falta de atenção;Colisão traseira;Sem Vítimas;Amanhecer;Crescente;Sol;Dupla;Reta;Urbano;3;3
860226;2011-02-21;Segunda;19:00:00;SP;116;227.0;GUARULHOS;Outras;Atropelamento de pessoa;Com Vítimas Fatais;Plena noite;Crescente;Ceu Claro;Múltipla;Reta;Urbano;2;1
860280;2011-02-23;Quarta;07:30:00;SP;116;148.0;SAO JOSE DOS CAMPOS;Outras;Colisão traseira;Com Vítimas Feridas;Amanhecer;Crescente;Ceu Claro;Múltipla;Reta;Rural;2;2
860349;2011-02-24;Quinta;19:00:00;SP;116;228.0;SAO PAULO;Outras;Colisão traseira;Sem Vítimas;Anoitecer;Decrescente;Nublado;Múltipla;Reta;Urbano;2;2
860430;2011-02-24;Quinta;16:00:00;SP;116;107.5;TAUBATE;Outras;Colisão traseira;Com Vítimas Feridas;Pleno dia;Decrescente;Chuva;Dupla;Reta;Urbano;2;2
860436;2011-02-25;Sexta;00:30:00;SP;116;220.0;GUARULHOS;Outras;Atropelamento de pessoa;Com Vítimas Fatais;Plena noite;Crescente;Ceu Claro;Múltipla;Reta;Urbano;2;1
860472;2011-02-20;Domingo;01:40:00;SP;116;227.0;GUARULHOS;Falta de atenção;Colisão traseira;Sem Vítimas;Plena noite;Crescente;Ceu Claro;Múltipla;Reta;Urbano;2;2
860490;2011-02-19;Sábado;05:30:00;SP;116;222.8;GUARULHOS;Ingestão de álcool;Colisão traseira;Com Vítimas Feridas;Plena noite;Decrescente;Ceu Claro;Múltipla;Reta;Urbano;4;2
860597;2011-02-24;Quinta;07:15:00;SP;116;193.4;SANTA ISABEL;Outras;Colisão lateral;Com Vítimas Feridas;Pleno dia;Crescente;Nublado;Simples;Reta;Rural;3;3
860690;2011-02-21;Segunda;20:20:00;SP;116;228.0;SAO PAULO;Não guardar distância de segurança;Colisão traseira;Sem Vítimas;Plena noite;Crescente;Nublado;Múltipla;Reta;Urbano;2;2
860694;2011-02-25;Sexta;11:00:00;SP;116;217.0;GUARULHOS;Outras;Atropelamento de pessoa;Com Vítimas Feridas;Pleno dia;Decrescente;Sol;Múltipla;Reta;Urbano;2;1
860697;2011-02-22;Terça;09:30:00;SP;116;222.0;GUARULHOS;Falta de atenção;Colisão traseira;Sem Vítimas;Pleno dia;Decrescente;Sol;Múltipla;Reta;Urbano;2;2
860708;2011-02-22;Terça;07:10:00;SP;116;226.0;GUARULHOS;Outras;Colisão traseira;Sem Vítimas;Pleno dia;Crescente;Sol;Múltipla;Reta;Urbano;2;2
860780;2011-02-25;Sexta;16:50:00;SP;116;122.0;CACAPAVA;Outras;Colisão traseira;Com Vítimas Feridas;Pleno dia;Crescente;Chuva;Dupla;Reta;Rural;8;4
860788;2011-02-25;Sexta;11:35:00;SP;116;219.0;GUARULHOS;Não guardar distância de segurança;Colisão traseira;Sem Vítimas;Pleno dia;Decrescente;Sol;Múltipla;Reta;Urbano;2;2
860799;2011-02-25;Sexta;11:35:00;SP;116;219.0;GUARULHOS;Falta de atenção;Colisão traseira;Sem Vítimas;Pleno dia;Decrescente;Sol;Múltipla;Reta;Urbano;4;4
860813;2011-02-25;Sexta;17:20:00;SP;116;219.0;GUARULHOS;Não guardar distância de segurança;Colisão traseira;Sem Vítimas;Pleno dia;Decrescente;Sol;Múltipla;Reta;Urbano;2;2
860879;2011-02-25;Sexta;22:30:00;SP;116;149.0;SAO JOSE DOS CAMPOS;Outras;Capotamento;Com Vítimas Feridas;Plena noite;Decrescente;Ceu Claro;Dupla;Reta;Urbano;1;1
860898;2011-02-25;Sexta;17:30:00;SP;116;124.5;CACAPAVA;Outras;Colisão traseira;Sem Vítimas;Pleno dia;Decrescente;Nublado;Dupla;Reta;Rural;2;2
861196;2011-02-26;Sábado;13:10:00;SP;116;217.7;GUARULHOS;Não guardar distância de segurança;Colisão traseira;Sem Vítimas;Pleno dia;Decrescente;Ceu Claro;Múltipla;Reta;Urbano;3;3
861228;2011-02-19;Sábado;19:05:00;SP;116;155.8;SAO JOSE DOS CAMPOS;Outras;Saída de Pista;Sem Vítimas;Pleno dia;Crescente;Ceu Claro;Dupla;Reta;Urbano;2;2
861250;2011-02-26;Sábado;12:20:00;SP;116;114.0;TAUBATE;Outras;Colisão traseira;Sem Vítimas;Pleno dia;Decrescente;Sol;Dupla;Reta;Urbano;2;2
861271;2011-02-20;Domingo;04:50:00;SP;116;162.0;SAO JOSE DOS CAMPOS;Animais na Pista;Colisão com objeto fixo;Sem Vítimas;Plena noite;Crescente;Ceu Claro;Dupla;Reta;Urbano;1;1
861288;2011-02-26;Sábado;13:20:00;SP;116;104.5;TAUBATE;Ultrapassagem indevida;Colisão lateral;Sem Vítimas;Pleno dia;Decrescente;Sol;Dupla;Reta;Urbano;3;3
861370;2011-02-26;Sábado;15:30:00;SP;116;221.9;GUARULHOS;Outras;Colisão com objeto fixo;Sem Vítimas;Pleno dia;Decrescente;Ceu Claro;Múltipla;Reta;Urbano;1;1
861624;2011-02-27;Domingo;09:00:00;SP;116;165.0;JACAREI;Outras;Colisão lateral;Sem Vítimas;Pleno dia;Crescente;Nublado;Simples;Reta;Rural;2;2
861657;2011-02-25;Sexta;12:00:00;SP;116;222.0;GUARULHOS;Outras;Capotamento;Sem Vítimas;Pleno dia;Crescente;Sol;Múltipla;Reta;Urbano;1;1
861691;2011-02-21;Segunda;15:18:00;SP;116;186.0;SANTA ISABEL;Defeito na via;Colisão com objeto fixo;Sem Vítimas;Pleno dia;Crescente;Chuva;Dupla;Reta;Rural;1;1
861698;2011-02-22;Terça;08:00:00;SP;116;144.4;SAO JOSE DOS CAMPOS;Não guardar distância de segurança;Colisão traseira;Sem Vítimas;Pleno dia;Crescente;Ceu Claro;Dupla;Reta;Urbano;4;4
861714;2011-02-24;Quinta;06:30:00;SP;116;222.0;GUARULHOS;Outras;Colisão lateral;Com Vítimas Feridas;Pleno dia;Crescente;Ceu Claro;Múltipla;Reta;Urbano;2;2
861738;2011-02-27;Domingo;13:50:00;SP;116;211.0;GUARULHOS;Falta de atenção;Colisão lateral;Sem Vítimas;Pleno dia;Crescente;Chuva;Múltipla;Reta;Urbano;2;2
861764;2011-02-27;Domingo;17:20:00;SP;116;143.2;SAO JOSE DOS CAMPOS;Falta de atenção;Colisão traseira;Sem Vítimas;Pleno dia;Crescente;Chuva;Dupla;Reta;Urbano;3;3
861765;2011-02-27;Domingo;16:45:00;SP;116;102.0;PINDAMONHANGABA;Outras;Colisão lateral;Sem Vítimas;Pleno dia;Crescente;Chuva;Dupla;Reta;Urbano;2;2
861810;2011-02-26;Sábado;06:50:00;SP;116;226.0;GUARULHOS;Outras;Colisão traseira;Sem Vítimas;Pleno dia;Decrescente;Ceu Claro;Múltipla;Reta;Urbano;2;2
861814;2011-02-24;Quinta;20:30:00;SP;116;156.0;SAO JOSE DOS CAMPOS;Outras;Colisão traseira;Sem Vítimas;Plena noite;Crescente;Chuva;Dupla;Reta;Urbano;3;3
861849;2011-02-24;Quinta;06:50:00;SP;116;153.0;SAO JOSE DOS CAMPOS;Outras;Colisão traseira;Sem Vítimas;Pleno dia;Decrescente;Ceu Claro;Dupla;Reta;Urbano;2;2
861852;2011-02-24;Quinta;21:00:00;SP;116;156.0;SAO JOSE DOS CAMPOS;Não guardar distância de segurança;Colisão traseira;Sem Vítimas;Plena noite;Decrescente;Chuva;Dupla;Reta;Urbano;3;3
861873;2011-02-23;Quarta;17:25:00;SP;116;165.0;JACAREI;Outras;Colisão traseira;Sem Vítimas;Pleno dia;Decrescente;Ceu Claro;Múltipla;Reta;Rural;2;2
861898;2011-02-27;Domingo;15:00:00;SP;116;229.0;SAO PAULO;Não guardar distância de segurança;Colisão traseira;Sem Vítimas;Pleno dia;Crescente;Chuva;Múltipla;Reta;Urbano;2;2
861910;2011-02-22;Terça;22:50:00;SP;116;216.7;GUARULHOS;Outras;Colisão traseira;Sem Vítimas;Plena noite;Crescente;Chuva;Múltipla;Reta;Urbano;3;3
861946;2011-02-27;Domingo;18:20:00;SP;116;112.8;TAUBATE;Outras;Colisão traseira;Sem Vítimas;Plena noite;Crescente;Chuva;Dupla;Reta;Urbano;2;2
862050;2011-02-27;Domingo;04:30:00;SP;116;127.5;CACAPAVA;Outras;Capotamento;Com Vítimas Feridas;Plena noite;Decrescente;Ceu Claro;Dupla;Reta;Urbano;2;1
862218;2011-02-28;Segunda;07:20:00;SP;116;212.0;GUARULHOS;Falta de atenção;Colisão lateral;Com Vítimas Feridas;Pleno dia;Decrescente;Ceu Claro;Múltipla;Reta;Urbano;2;2
862240;2011-02-28;Segunda;09:30:00;SP;116;212.2;GUARULHOS;Falta de atenção;Colisão traseira;Com Vítimas Feridas;Pleno dia;Crescente;Ceu Claro;Múltipla;Reta;Urbano;2;2
862276;2011-02-28;Segunda;08:05:00;SP;116;217.3;GUARULHOS;Não guardar distância de segurança;Colisão lateral;Com Vítimas Feridas;Pleno dia;Crescente;Nublado;Múltipla;Reta;Urbano;2;2
862293;2011-02-27;Domingo;05:00:00;SP;116;145.0;SAO JOSE DOS CAMPOS;Outras;Queda de motocicleta / bicicleta / veículo;Com Vítimas Feridas;Amanhecer;Decrescente;Ceu Claro;Múltipla;Reta;Rural;1;1
862321;2011-02-21;Segunda;07:15:00;SP;116;226.0;GUARULHOS;Outras;Colisão traseira;Sem Vítimas;Amanhecer;Crescente;Ceu Claro;Múltipla;Reta;Urbano;3;3
862345;2011-02-21;Segunda;19:30:00;SP;116;227.0;GUARULHOS;Outras;Colisão traseira;Sem Vítimas;Anoitecer;Decrescente;Ceu Claro;Múltipla;Reta;Urbano;3;3
862392;2011-02-25;Sexta;10:30:00;SP;116;211.0;GUARULHOS;Outras;Colisão traseira;Sem Vítimas;Pleno dia;Decrescente;Nublado;Múltipla;Reta;Urbano;2;2
862406;2011-02-21;Segunda;06:30:00;SP;116;209.0;GUARULHOS;Outras;Colisão traseira;Com Vítimas Feridas;Pleno dia;Crescente;Ceu Claro;Dupla;Reta;Urbano;2;2
862408;2011-02-28;Segunda;18:10:00;SP;116;203.0;ARUJA;Outras;Colisão com objeto fixo;Sem Vítimas;Plena noite;Decrescente;Chuva;Dupla;Reta;Urbano;1;1
862428;2011-02-27;Domingo;22:35:00;SP;116;207.0;GUARULHOS;Falta de atenção;Atropelamento de pessoa;Com Vítimas Fatais;Plena noite;Crescente;Nublado;Dupla;Reta;Urbano;2;1
862430;2011-02-25;Sexta;08:00:00;SP;116;214.0;GUARULHOS;Não guardar distância de segurança;Colisão lateral;Com Vítimas Feridas;Pleno dia;Decrescente;Ceu Claro;Múltipla;Reta;Urbano;2;2
862442;2011-02-25;Sexta;15:50:00;SP;116;212.0;GUARULHOS;Não guardar distância de segurança;Colisão traseira;Sem Vítimas;Pleno dia;Decrescente;Ceu Claro;Múltipla;Reta;Urbano;2;2
862505;2011-02-23;Quarta;21:10:00;SP;116;145.0;SAO JOSE DOS CAMPOS;Ingestão de álcool;Capotamento;Com Vítimas Feridas;Plena noite;Decrescente;Ceu Claro;Dupla;Reta;Urbano;1;1
862577;2011-02-28;Segunda;16:40:00;SP;116;218.2;GUARULHOS;Outras;Colisão traseira;Com Vítimas Feridas;Pleno dia;Decrescente;Chuva;Múltipla;Reta;Urbano;2;2
862637;2011-02-24;Quinta;20:05:00;SP;116;156.0;SAO JOSE DOS CAMPOS;Outras;Colisão traseira;Sem Vítimas;Plena noite;Crescente;Ceu Claro;Dupla;Reta;Urbano;2;2
862714;2011-02-23;Quarta;05:40:00;SP;116;109.5;TAUBATE;Ingestão de álcool;Colisão lateral;Sem Vítimas;Amanhecer;Decrescente;Nublado;Dupla;Reta;Urbano;2;2
862717;2011-02-22;Terça;20:00:00;SP;116;217.5;GUARULHOS;Falta de atenção;Colisão com objeto fixo;Sem Vítimas;Plena noite;Crescente;Nublado;Múltipla;Reta;Urbano;2;2
862744;2011-02-23;Quarta;03:40:00;SP;116;225.0;GUARULHOS;Não guardar distância de segurança;Colisão traseira;Sem Vítimas;Plena noite;Crescente;Ceu Claro;Múltipla;Reta;Urbano;3;3
862760;2011-02-23;Quarta;22:15:00;SP;116;162.0;JACAREI;Outras;Queda de motocicleta / bicicleta / veículo;Com Vítimas Feridas;Plena noite;Crescente;Ceu Claro;Simples;Reta;Urbano;2;1
862775;2011-02-21;Segunda;23:55:00;SP;116;175.8;GUARAREMA;Outras;Tombamento;Sem Vítimas;Plena noite;Decrescente;Ceu Claro;Dupla;Reta;Urbano;1;1
862834;2011-03-01;Terça;11:20:00;SP;116;165.0;JACAREI;Falta de atenção;Colisão traseira;Sem Vítimas;Pleno dia;Crescente;Nublado;Simples;Reta;Rural;2;2
862846;2011-03-01;Terça;07:45:00;SP;116;142.5;SAO JOSE DOS CAMPOS;Outras;Colisão traseira;Sem Vítimas;Pleno dia;Crescente;Ceu Claro;Dupla;Reta;Urbano;3;3
862933;2011-03-01;Terça;16:20:00;SP;116;110.5;TAUBATE;Outras;Colisão frontal;Sem Vítimas;Pleno dia;Crescente;Chuva;Dupla;Reta;Urbano;2;2
862937;2011-03-01;Terça;09:20:00;SP;116;158.5;JACAREI;Outras;Colisão lateral;Sem Vítimas;Pleno dia;Crescente;Sol;Dupla;Reta;Rural;3;3
863018;2011-03-01;Terça;07:20:00;SP;116;215.0;GUARULHOS;Defeito mecânico em veículo;Queda de motocicleta / bicicleta / veículo;Com Vítimas Feridas;Pleno dia;Crescente;Chuva;Dupla;Reta;Urbano;1;1
863070;2011-02-27;Domingo;13:05:00;SP;116;146.0;SAO JOSE DOS CAMPOS;Outras;Saída de Pista;Com Vítimas Feridas;Pleno dia;Crescente;Ceu Claro;Múltipla;Reta;Urbano;2;2
863074;2011-02-28;Segunda;23:20:00;SP;116;173.0;JACAREI;Outras;Tombamento;Com Vítimas Feridas;Plena noite;Crescente;Chuva;Dupla;Reta;Rural;1;1
863077;2011-02-25;Sexta;22:00:00;SP;116;117.9;TAUBATE;Outras;Colisão traseira;Com Vítimas Feridas;Plena noite;Crescente;Nublado;Dupla;Reta;Urbano;3;3
863148;2011-02-27;Domingo;15:50:00;SP;116;145.2;SAO JOSE DOS CAMPOS;Outras;Saída de Pista;Sem Vítimas;Pleno dia;Decrescente;Nublado;Múltipla;Reta;Urbano;1;1
863151;2011-02-27;Domingo;19:20:00;SP;116;219.0;GUARULHOS;Falta de atenção;Colisão traseira;Sem Vítimas;Plena noite;Decrescente;Chuva;Simples;Reta;Urbano;2;2
863152;2011-02-28;Segunda;09:45:00;SP;116;166.0;JACAREI;Outras;Colisão lateral;Sem Vítimas;Pleno dia;Crescente;Nublado;Dupla;Reta;Rural;2;2
863158;2011-02-27;Domingo;12:20:00;SP;116;228.0;GUARULHOS;Outras;Colisão lateral;Com Vítimas Feridas;Pleno dia;Decrescente;Nublado;Múltipla;Reta;Urbano;2;2
863163;2011-02-27;Domingo;11:20:00;SP;116;220.0;GUARULHOS;Outras;Colisão com objeto fixo;Ignorado;Pleno dia;Decrescente;Ceu Claro;Múltipla;Reta;Urbano;1;1
863164;2011-02-26;Sábado;08:50:00;SP;116;212.0;GUARULHOS;Falta de atenção;Colisão traseira;Sem Vítimas;Pleno dia;Crescente;Ceu Claro;Múltipla;Reta;Urbano;2;2
863166;2011-02-28;Segunda;11:45:00;SP;116;154.0;SAO JOSE DOS CAMPOS;Outras;Colisão lateral;Sem Vítimas;Pleno dia;Crescente;Nublado;Dupla;Reta;Rural;2;2
863182;2011-02-28;Segunda;15:25:00;SP;116;176.5;GUARAREMA;Outras;Colisão com objeto fixo;Sem Vítimas;Pleno dia;Decrescente;Chuva;Dupla;Curva;Rural;1;1
863282;2011-02-27;Domingo;22:35:00;SP;116;166.0;JACAREI;Ingestão de álcool;Saída de Pista;Sem Vítimas;Plena noite;Decrescente;Ceu Claro;Dupla;Reta;Rural;1;1
863286;2011-02-27;Domingo;22:50:00;SP;116;216.5;GUARULHOS;Defeito mecânico em veículo;Colisão traseira;Com Vítimas Feridas;Pleno dia;Crescente;Chuva;Múltipla;Reta;Urbano;3;2
863344;2011-03-02;Quarta;15:45:00;SP;116;109.1;TAUBATE;Outras;Colisão traseira;Sem Vítimas;Pleno dia;Decrescente;Nublado;Dupla;Reta;Urbano;2;2
863356;2011-03-02;Quarta;14:10:00;SP;116;183.9;SANTA ISABEL;Outras;Colisão lateral;Sem Vítimas;Pleno dia;Decrescente;Chuva;Dupla;Reta;Rural;2;2
863383;2011-03-02;Quarta;00:40:00;SP;116;176.1;GUARAREMA;Dormindo;Colisão traseira;Com Vítimas Fatais;Plena noite;Decrescente;Nublado;Múltipla;Reta;Urbano;2;2
863412;2011-03-01;Terça;18:00:00;SP;116;144.7;SAO JOSE DOS CAMPOS;Falta de atenção;Colisão lateral;Sem Vítimas;Pleno dia;Decrescente;Chuva;Dupla;Reta;Urbano;2;2
863478;2011-02-23;Quarta;14:30:00;SP;116;144.1;SAO JOSE DOS CAMPOS;Outras;Colisão lateral;Sem Vítimas;Pleno dia;Decrescente;Nublado;Dupla;Reta;Urbano;3;3
863513;2011-03-02;Quarta;15:00:00;SP;116;183.9;SANTA ISABEL;Outras;Saída de Pista;Com Vítimas Feridas;Pleno dia;Decrescente;Chuva;Dupla;Reta;Rural;2;1
863540;2011-02-28;Segunda;15:40:00;SP;116;147.5;SAO JOSE DOS CAMPOS;Defeito na via;Colisão traseira;Sem Vítimas;Pleno dia;Decrescente;Chuva;Dupla;Reta;Urbano;2;2
863549;2011-03-02;Quarta;18:00:00;SP;116;187.0;SANTA ISABEL;Outras;Saída de Pista;Sem Vítimas;Anoitecer;Crescente;Chuva;Dupla;Curva;Rural;1;1
863801;2011-02-27;Domingo;14:05:00;SP;116;144.5;SAO JOSE DOS CAMPOS;Outras;Colisão traseira;Sem Vítimas;Pleno dia;Crescente;Sol;Dupla;Reta;Urbano;4;4
863810;2011-03-01;Terça;06:40:00;SP;116;144.0;SAO JOSE DOS CAMPOS;Falta de atenção;Colisão lateral;Sem Vítimas;Pleno dia;Crescente;Nublado;Dupla;Reta;Urbano;2;2
863825;2011-03-03;Quinta;10:40:00;SP;116;144.0;SAO JOSE DOS CAMPOS;Não guardar distância de segurança;Colisão traseira;Sem Vítimas;Pleno dia;Crescente;Chuva;Dupla;Reta;Urbano;2;2
863826;2011-02-27;Domingo;20:30:00;SP;116;99.0;PINDAMONHANGABA;Outras;Colisão traseira;Sem Vítimas;Plena noite;Decrescente;Chuva;Dupla;Reta;Urbano;2;2
863828;2011-03-03;Quinta;09:45:00;SP;116;117.0;TAUBATE;Outras;Colisão lateral;Sem Vítimas;Pleno dia;Decrescente;Chuva;Dupla;Reta;Urbano;2;2
863856;2011-03-03;Quinta;10:10:00;SP;116;225.0;GUARULHOS;Defeito mecânico em veículo;Colisão traseira;Sem Vítimas;Pleno dia;Decrescente;Chuva;Múltipla;Reta;Urbano;2;2
863898;2011-02-28;Segunda;06:28:00;SP;116;147.0;SAO JOSE DOS CAMPOS;Outras;Tombamento;Sem Vítimas;Pleno dia;Crescente;Nublado;Dupla;Reta;Urbano;1;1
863913;2011-02-28;Segunda;04:20:00;SP;116;196.0;ARUJA;Dormindo;Saída de Pista;Com Vítimas Feridas;Plena noite;Decrescente;Nublado;Dupla;Reta;Urbano;1;1
864257;2011-02-27;Domingo;19:30:00;SP;116;224.0;GUARULHOS;Outras;Colisão com objeto fixo;Sem Vítimas;Plena noite;Crescente;Chuva;Múltipla;Reta;Urbano;2;2
864265;2011-03-02;Quarta;20:30:00;SP;116;220.0;GUARULHOS;Outras;Colisão traseira;Sem Vítimas;Plena noite;Crescente;Chuva;Múltipla;Reta;Urbano;3;3
864279;2011-03-02;Quarta;13:50:00;SP;116;218.0;GUARULHOS;Outras;Colisão traseira;Com Vítimas Feridas;Pleno dia;Crescente;Chuva;Múltipla;Reta;Urbano;5;4
864362;2011-03-03;Quinta;17:25:00;SP;116;144.0;SAO JOSE DOS CAMPOS;Outras;Colisão traseira;Sem Vítimas;Pleno dia;Crescente;Ceu Claro;Dupla;Reta;Urbano;2;2
864388;2011-03-03;Quinta;19:30:00;SP;116;159.0;JACAREI;Outras;Colisão traseira;Sem Vítimas;Plena noite;Decrescente;Chuva;Simples;Reta;Urbano;3;3
864509;2011-03-04;Sexta;09:05:00;SP;116;116.5;TAUBATE;Outras;Colisão lateral;Sem Vítimas;Pleno dia;Crescente;Chuva;Dupla;Reta;Rural;2;2
864536;2011-03-04;Sexta;02:40:00;SP;116;208.0;GUARULHOS;Outras;Colisão com objeto fixo;Sem Vítimas;Plena noite;Crescente;Nublado;Dupla;Reta;Urbano;1;1
864569;2011-03-04;Sexta;14:10:00;SP;116;217.0;GUARULHOS;Não guardar distância de segurança;Colisão lateral;Sem Vítimas;Pleno dia;Decrescente;Chuva;Múltipla;Reta;Urbano;2;2
864591;2011-02-25;Sexta;11:20:00;SP;116;146.0;SAO JOSE DOS CAMPOS;Outras;Colisão com objeto fixo;Sem Vítimas;Pleno dia;Crescente;Sol;Dupla;Reta;Urbano;2;2
864607;2011-02-28;Segunda;16:30:00;SP;116;148.0;SAO JOSE DOS CAMPOS;Outras;Colisão traseira;Sem Vítimas;Plena noite;Decrescente;Chuva;Múltipla;Reta;Urbano;3;3
864611;2011-02-28;Segunda;17:00:00;SP;116;148.0;SAO JOSE DOS CAMPOS;Outras;Colisão traseira;Sem Vítimas;Pleno dia;Crescente;Chuva;Dupla;Reta;Urbano;3;3
864621;2011-02-26;Sábado;16:00:00;SP;116;171.5;JACAREI;Outras;Colisão lateral;Sem Vítimas;Pleno dia;Crescente;Sol;Dupla;Curva;Rural;3;3
864624;2011-03-04;Sexta;07:30:00;SP;116;105.7;TAUBATE;Outras;Queda de motocicleta / bicicleta / veículo;Com Vítimas Feridas;Pleno dia;Decrescente;Nublado;Dupla;Reta;Rural;2;1
864635;2011-03-01;Terça;19:15:00;SP;116;227.0;GUARULHOS;Outras;Colisão lateral;Com Vítimas Feridas;Anoitecer;Decrescente;Chuva;Múltipla;Reta;Urbano;2;2
864638;2011-03-04;Sexta;07:35:00;SP;116;147.6;SAO JOSE DOS CAMPOS;Outras;Colisão lateral;Sem Vítimas;Pleno dia;Crescente;Ceu Claro;Múltipla;Reta;Urbano;2;2
864702;2011-03-04;Sexta;15:30:00;SP;116;211.5;GUARULHOS;Falta de atenção;Colisão lateral;Sem Vítimas;Pleno dia;Crescente;Chuva;Múltipla;Reta;Urbano;2;2
864712;2011-03-04;Sexta;16:00:00;SP;116;211.5;GUARULHOS;Falta de atenção;Colisão traseira;Sem Vítimas;Pleno dia;Crescente;Chuva;Múltipla;Reta;Urbano;2;2
864718;2011-03-04;Sexta;16:10:00;SP;116;218.0;GUARULHOS;Outras;Colisão lateral;Sem Vítimas;Pleno dia;Decrescente;Chuva;Múltipla;Reta;Urbano;2;2
864763;2011-03-01;Terça;21:30:00;SP;116;219.0;GUARULHOS;Outras;Colisão traseira;Com Vítimas Feridas;Plena noite;Decrescente;Ceu Claro;Múltipla;Reta;Urbano;3;2
864788;2011-03-04;Sexta;16:00:00;SP;116;118.9;TAUBATE;Outras;Colisão traseira;Sem Vítimas;Pleno dia;Crescente;Chuva;Dupla;Reta;Rural;2;2
864804;2011-03-02;Quarta;10:35:00;SP;116;152.0;SAO JOSE DOS CAMPOS;Desobediência à sinalização;Colisão traseira;Sem Vítimas;Pleno dia;Decrescente;Chuva;Múltipla;Reta;Rural;2;2
864860;2011-03-04;Sexta;07:30:00;SP;116;228.0;SAO PAULO;Outras;Colisão traseira;Com Vítimas Feridas;Pleno dia;Crescente;Nublado;Múltipla;Reta;Urbano;3;3
864876;2011-03-04;Sexta;20:20:00;SP;116;195.5;ARUJA;Outras;Atropelamento de pessoa;Com Vítimas Feridas;Plena noite;Decrescente;Nublado;Dupla;Reta;Urbano;2;1
864898;2011-03-04;Sexta;18:15:00;SP;116;222.0;GUARULHOS;Outras;Colisão traseira;Com Vítimas Feridas;Anoitecer;Decrescente;Chuva;Múltipla;Reta;Urbano;3;2
864924;2011-03-04;Sexta;13:20:00;SP;116;222.7;GUARULHOS;Outras;Colisão lateral;Sem Vítimas;Pleno dia;Decrescente;Chuva;Múltipla;Reta;Urbano;2;2
864936;2011-03-04;Sexta;19:40:00;SP;116;221.0;GUARULHOS;Outras;Colisão lateral;Sem Vítimas;Plena noite;Decrescente;Chuva;Múltipla;Reta;Urbano;2;2
864979;2011-03-04;Sexta;23:40:00;SP;116;212.0;GUARULHOS;Outras;Colisão lateral;Sem Vítimas;Plena noite;Decrescente;Nublado;Múltipla;Reta;Urbano;2;2
864986;2011-03-04;Sexta;22:30:00;SP;116;218.0;GUARULHOS;Falta de atenção;Colisão lateral;Com Vítimas Feridas;Plena noite;Decrescente;Chuva;Múltipla;Reta;Urbano;2;2
865122;2011-03-04;Sexta;23:30:00;SP;116;125.0;CACAPAVA;Outras;Colisão traseira;Sem Vítimas;Plena noite;Decrescente;Chuva;Dupla;Reta;Rural;2;2
865231;2011-03-04;Sexta;18:50:00;SP;116;117.8;TAUBATE;Falta de atenção;Colisão traseira;Sem Vítimas;Plena noite;Decrescente;Chuva;Dupla;Reta;Urbano;2;2
865327;2011-03-02;Quarta;07:30:00;SP;116;221.0;GUARULHOS;Outras;Colisão lateral;Sem Vítimas;Pleno dia;Crescente;Nublado;Múltipla;Reta;Urbano;2;2
865430;2011-03-05;Sábado;11:55:00;SP;116;131.0;CACAPAVA;Outras;Colisão traseira;Sem Vítimas;Pleno dia;Decrescente;Chuva;Dupla;Reta;Urbano;2;2
865476;2011-03-02;Quarta;15:18:00;SP;116;197.0;ARUJA;Outras;Tombamento;Sem Vítimas;Pleno dia;Decrescente;Nublado;Dupla;Reta;Urbano;1;1
865499;2011-03-05;Sábado;14:20:00;SP;116;147.0;SAO JOSE DOS CAMPOS;Falta de atenção;Colisão com objeto fixo;Sem Vítimas;Pleno dia;Decrescente;Chuva;Dupla;Reta;Urbano;2;2
865529;2011-03-05;Sábado;08:45:00;SP;116;121.0;CACAPAVA;Falta de atenção;Colisão traseira;Sem Vítimas;Pleno dia;Decrescente;Chuva;Dupla;Reta;Rural;2;2
865543;2011-03-05;Sábado;14:35:00;SP;116;119.0;CACAPAVA;Ingestão de álcool;Colisão traseira;Sem Vítimas;Pleno dia;Decrescente;Chuva;Dupla;Reta;Urbano;2;2
865637;2011-03-05;Sábado;13:40:00;SP;116;215.7;GUARULHOS;Falta de atenção;Colisão traseira;Sem Vítimas;Pleno dia;Decrescente;Chuva;Múltipla;Reta;Urbano;2;2
865703;2011-03-01;Terça;06:40:00;SP;116;216.7;GUARULHOS;Não guardar distância de segurança;Colisão lateral;Com Vítimas Feridas;Pleno dia;Crescente;Ceu Claro;Múltipla;Reta;Urbano;3;2