id;data_inversa;dia_semana;horario;uf;br;km;municipio;causa_acidente;tipo_acidente;classificacao_acidente;fase_dia;sentido_via;condicao_metereologica;tipo_pista;tracado_via;uso_solo;pessoas;veiculos
875186;2011-03-17;Quinta;09:15:00;SP;116;146.0;SAO JOSE DOS CAMPOS;Ingestão de álcool;Colisão frontal;Com Vítimas Feridas;Pleno dia;Crescente;Sol;Dupla;Reta;Urbano;3;2
875249;2011-03-19;Sábado;23:30:00;SP;116;192.0;SANTA ISABEL;Dormindo;Saída de Pista;Com Vítimas Feridas;Plena noite;Decrescente;Chuva;Simples;Curva;Rural;1;1
875271;2011-03-19;Sábado;03:52:00;SP;116;106.7;TAUBATE;Outras;Queda de motocicleta / bicicleta / veículo;Com Vítimas Feridas;Plena noite;Crescente;Ceu Claro;Dupla;Reta;Urbano;1;1
875313;2011-02-01;Terça;08:30:00;SP;116;219.0;GUARULHOS;Não guardar distância de segurança;Colisão lateral;Sem Vítimas;Pleno dia;Decrescente;Sol;Múltipla;Reta;Urbano;2;2
875314;2011-03-19;Sábado;07:00:00;SP;116;125.0;CACAPAVA;Velocidade incompatível;Colisão com objeto fixo;Sem Vítimas;Pleno dia;Decrescente;Nublado;Dupla;Reta;Urbano;1;1
875395;2011-03-20;Domingo;16:50:00;SP;116;165.0;JACAREI;Outras;Colisão traseira;Sem Vítimas;Pleno dia;Crescente;Ceu Claro;Múltipla;Reta;Rural;2;2
875398;2011-01-25;Terça;18:35:00;SP;116;138.4;SAO JOSE DOS CAMPOS;Outras;Colisão lateral;Sem Vítimas;Anoitecer;Crescente;Sol;Dupla;Reta;Rural;2;2
875489;2011-03-19;Sábado;21:45:00;SP;116;222.7;GUARULHOS;Outras;Colisão traseira;Sem Vítimas;Plena noite;Crescente;Chuva;Múltipla;Reta;Urbano;2;2
875609;2011-03-22;Terça;15:45:00;SP;116;165.0;JACAREI;Outras;Colisão traseira;Sem Vítimas;Pleno dia;Crescente;Ceu Claro;Dupla;Reta;Rural;2;2
875690;2011-03-18;Sexta;18:50:00;SP;116;206.0;GUARULHOS;Não guardar distância de segurança;Colisão traseira;Sem Vítimas;Plena noite;Crescente;Chuva;Dupla;Reta;Urbano;3;3
875728;2011-03-18;Sexta;14:00:00;SP;116;178.0;GUARAREMA;Falta de atenção;Colisão traseira;Com Vítimas Fatais;Pleno dia;Crescente;Ceu Claro;Dupla;Reta;Rural;3;2
875740;2011-03-17;Quinta;22:40:00;SP;116;224.0;GUARULHOS;Outras;Colisão lateral;Sem Vítimas;Plena noite;Decrescente;Ceu Claro;Múltipla;Reta;Urbano;2;2
875787;2011-03-23;Quarta;00:44:00;SP;116;133.1;CACAPAVA;Outras;Colisão traseira;Com Vítimas Feridas;Plena noite;Crescente;Ceu Claro;Dupla;Reta;Urbano;2;2
875859;2011-03-15;Terça;00:50:00;SP;116;149.0;SAO JOSE DOS CAMPOS;Ingestão de álcool;Colisão traseira;Sem Vítimas;Plena noite;Decrescente;Nublado;Dupla;Reta;Urbano;2;2
875882;2011-03-22;Terça;05:00:00;SP;116;226.0;GUARULHOS;Outras;Colisão com objeto fixo;Sem Vítimas;Amanhecer;Crescente;Ceu Claro;Múltipla;Reta;Urbano;1;1
875887;2011-03-17;Quinta;17:30:00;SP;116;227.5;SAO PAULO;Outras;Colisão lateral;Sem Vítimas;Anoitecer;Decrescente;Ceu Claro;Múltipla;Reta;Urbano;2;2
876003;2011-03-19;Sábado;10:30:00;SP;116;149.0;SAO JOSE DOS CAMPOS;Outras;Colisão lateral;Sem Vítimas;Pleno dia;Decrescente;Ceu Claro;Dupla;Reta;Urbano;2;2
876051;2011-03-22;Terça;08:15:00;SP;116;100.8;PINDAMONHANGABA;Falta de atenção;Colisão lateral;Sem Vítimas;Pleno dia;Decrescente;Ceu Claro;Dupla;Reta;Urbano;2;2
876056;2011-03-18;Sexta;18:15:00;SP;116;135.0;SAO JOSE DOS CAMPOS;Velocidade incompatível;Colisão com objeto fixo;Sem Vítimas;Anoitecer;Crescente;Chuva;Dupla;Reta;Rural;1;1
876195;2011-03-22;Terça;17:25:00;SP;116;165.0;JACAREI;Outras;Colisão traseira;Com Vítimas Feridas;Pleno dia;Crescente;Ceu Claro;Dupla;Reta;Rural;2;2
876198;2011-03-19;Sábado;17:30:00;SP;116;220.0;GUARULHOS;Não guardar distância de segurança;Colisão lateral;Sem Vítimas;Pleno dia;Decrescente;Chuva;Múltipla;Reta;Urbano;3;3
876200;2011-03-21;Segunda;16:30:00;SP;116;204.0;ARUJA;Não guardar distância de segurança;Colisão traseira;Sem Vítimas;Pleno dia;Crescente;Nublado;Simples;Reta;Urbano;2;2
876248;2011-03-23;Quarta;05:00:00;SP;116;151.0;SAO JOSE DOS CAMPOS;Outras;Colisão com bicicleta;Com Vítimas Feridas;Plena noite;Decrescente;Ceu Claro;Dupla;Reta;Rural;2;2
876357;2011-03-24;Quinta;02:15:00;SP;116;133.7;CACAPAVA;Falta de atenção;Colisão traseira;Com Vítimas Feridas;Plena noite;Crescente;Ceu Claro;Dupla;Reta;Urbano;3;2
876487;2011-03-16;Quarta;10:50:00;SP;116;188.9;SANTA ISABEL;Falta de atenção;Colisão traseira;Sem Vítimas;Pleno dia;Crescente;Nublado;Dupla;Reta;Rural;2;2
876507;2011-03-23;Quarta;08:00:00;SP;116;158.0;JACAREI;Não guardar distância de segurança;Colisão traseira;Com Vítimas Feridas;Pleno dia;Decrescente;Ceu Claro;Dupla;Reta;Urbano;2;2
876535;2011-03-14;Segunda;16:20:00;SP;116;168.0;JACAREI;Outras;Colisão lateral;Sem Vítimas;Pleno dia;Crescente;Ceu Claro;Dupla;Reta;Urbano;2;2
876555;2011-03-24;Quinta;09:00:00;SP;116;134.2;SAO JOSE DOS CAMPOS;Outras;Colisão traseira;Sem Vítimas;Pleno dia;Decrescente;Sol;Dupla;Reta;Rural;2;2
876560;2011-03-24;Quinta;09:20:00;SP;116;110.7;TAUBATE;Outras;Queda de motocicleta / bicicleta / veículo;Com Vítimas Feridas;Pleno dia;Decrescente;Sol;Dupla;Reta;Urbano;1;1
876580;2011-03-18;Sexta;18:50:00;SP;116;143.5;SAO JOSE DOS CAMPOS;Falta de atenção;Colisão lateral;Com Vítimas Feridas;Plena noite;Crescente;Ceu Claro;Dupla;Reta;Urbano;2;2
876612;2011-03-22;Terça;12:00:00;SP;116;226.0;GUARULHOS;Outras;Queda de motocicleta / bicicleta / veículo;Com Vítimas Feridas;Pleno dia;Decrescente;Sol;Múltipla;Reta;Urbano;2;2
876615;2011-03-18;Sexta;09:15:00;SP;116;166.9;JACAREI;Não guardar distância de segurança;Colisão traseira;Sem Vítimas;Pleno dia;Crescente;Sol;Dupla;Reta;Rural;2;2
876616;2011-03-22;Terça;19:30:00;SP;116;227.0;GUARULHOS;Falta de atenção;Colisão traseira;Sem Vítimas;Plena noite;Crescente;Ceu Claro;Múltipla;Reta;Urbano;2;2
876746;2011-03-24;Quinta;09:50:00;SP;116;229.0;SAO PAULO;Defeito mecânico em veículo;Queda de motocicleta / bicicleta / veículo;Com Vítimas Feridas;Pleno dia;Crescente;Sol;Múltipla;Reta;Urbano;1;1
876758;2011-03-24;Quinta;11:45:00;SP;116;219.0;GUARULHOS;Falta de atenção;Colisão traseira;Sem Vítimas;Pleno dia;Decrescente;Sol;Múltipla;Reta;Urbano;2;2
876760;2011-03-22;Terça;21:20:00;SP;116;226.5;GUARULHOS;Outras;Colisão traseira;Sem Vítimas;Pleno dia;Decrescente;Nublado;Múltipla;Reta;Urbano;2;2
876774;2011-03-22;Terça;16:35:00;SP;116;228.0;SAO PAULO;Outras;Queda de motocicleta / bicicleta / veículo;Com Vítimas Feridas;Pleno dia;Crescente;Sol;Múltipla;Reta;Urbano;2;1
876775;2011-03-24;Quinta;15:30:00;SP;116;222.0;GUARULHOS;Falta de atenção;Colisão lateral;Sem Vítimas;Pleno dia;Decrescente;Sol;Múltipla;Reta;Urbano;2;2
876776;2011-03-24;Quinta;12:45:00;SP;116;225.0;GUARULHOS;Falta de atenção;Colisão lateral;Sem Vítimas;Pleno dia;Crescente;Sol;Múltipla;Reta;Urbano;2;2
876793;2011-03-22;Terça;07:00:00;SP;116;221.0;GUARULHOS;Outras;Colisão traseira;Com Vítimas Feridas;Pleno dia;Crescente;Nublado;Múltipla;Reta;Urbano;3;3
876796;2011-03-14;Segunda;20:20:00;SP;116;210.0;GUARULHOS;Outras;Colisão lateral;Sem Vítimas;Plena noite;Decrescente;Nublado;Múltipla;Reta;Urbano;3;3
876812;2011-03-24;Quinta;13:10:00;SP;116;224.0;GUARULHOS;Não guardar distância de segurança;Colisão traseira;Sem Vítimas;Pleno dia;Crescente;Sol;Múltipla;Reta;Urbano;2;2
876816;2011-03-20;Domingo;19:20:00;SP;116;180.9;GUARAREMA;Outras;Colisão traseira;Sem Vítimas;Plena noite;Crescente;Nublado;Múltipla;Reta;Rural;3;3
876819;2011-03-24;Quinta;18:15:00;SP;116;229.0;SAO PAULO;Não guardar distância de segurança;Colisão lateral;Com Vítimas Feridas;Anoitecer;Decrescente;Nublado;Múltipla;Reta;Urbano;2;2
876823;2011-03-22;Terça;10:30:00;SP;116;165.0;JACAREI;Outras;Colisão traseira;Sem Vítimas;Pleno dia;Decrescente;Nublado;Múltipla;Reta;Rural;2;2
876832;2011-03-18;Sexta;18:15:00;SP;116;210.0;GUARULHOS;Outras;Colisão traseira;Com Vítimas Feridas;Plena noite;Crescente;Chuva;Múltipla;Reta;Urbano;2;2
876836;2011-03-23;Quarta;06:05:00;SP;116;149.8;SAO JOSE DOS CAMPOS;Outras;Colisão traseira;Sem Vítimas;Amanhecer;Decrescente;Nublado;Dupla;Reta;Rural;2;2
876851;2011-03-24;Quinta;21:00:00;SP;116;99.0;PINDAMONHANGABA;Outras;Derramamento de Carga;Sem Vítimas;Plena noite;Decrescente;Chuva;Simples;Curva;Rural;1;1
876896;2011-03-24;Quinta;10:30:00;SP;116;182.0;SANTA ISABEL;Outras;Colisão traseira;Sem Vítimas;Pleno dia;Decrescente;Ceu Claro;Múltipla;Reta;Rural;2;2
876938;2011-03-24;Quinta;07:20:00;SP;116;158.9;JACAREI;Outras;Colisão traseira;Sem Vítimas;Pleno dia;Crescente;Nublado;Simples;Reta;Urbano;2;2
877307;2011-03-25;Sexta;08:00:00;SP;116;141.0;SAO JOSE DOS CAMPOS;Outras;Colisão com objeto fixo;Sem Vítimas;Pleno dia;Crescente;Ceu Claro;Dupla;Reta;Urbano;1;1
877345;2011-03-25;Sexta;19:18:00;SP;116;143.0;SAO JOSE DOS CAMPOS;Outras;Colisão traseira;Com Vítimas Feridas;Plena noite;Crescente;Nublado;Dupla;Reta;Urbano;3;2
877359;2011-03-25;Sexta;17:30:00;SP;116;155.0;SAO JOSE DOS CAMPOS;Não guardar distância de segurança;Colisão traseira;Sem Vítimas;Pleno dia;Crescente;Ceu Claro;Dupla;Reta;Urbano;2;2
877427;2011-03-26;Sábado;02:45:00;SP;116;154.0;SAO JOSE DOS CAMPOS;Outras;Colisão com objeto fixo;Sem Vítimas;Plena noite;Decrescente;Ceu Claro;Dupla;Reta;Urbano;1;1
877461;2011-03-25;Sexta;14:00:00;SP;116;182.0;SANTA ISABEL;Outras;Colisão traseira;Sem Vítimas;Pleno dia;Decrescente;Ceu Claro;Dupla;Reta;Rural;3;2
877515;2011-03-20;Domingo;04:10:00;SP;116;203.0;ARUJA;Outras;Colisão traseira;Sem Vítimas;Plena noite;Crescente;Nublado;Dupla;Reta;Rural;2;2
877541;2011-03-23;Quarta;21:00:00;SP;116;223.0;GUARULHOS;Falta de atenção;Colisão traseira;Sem Vítimas;Plena noite;Crescente;Nublado;Múltipla;Reta;Urbano;2;2
877605;2011-03-22;Terça;22:45:00;SP;116;134.4;SAO JOSE DOS CAMPOS;Falta de atenção;Colisão traseira;Com Vítimas Fatais;Plena noite;Decrescente;Ceu Claro;Dupla;Reta;Rural;3;3
877672;2011-03-25;Sexta;09:15:00;SP;116;147.0;SAO JOSE DOS CAMPOS;Falta de atenção;Colisão traseira;Sem Vítimas;Pleno dia;Crescente;Ceu Claro;Dupla;Reta;Urbano;2;2
877723;2011-03-25;Sexta;23:10:00;SP;116;220.0;GUARULHOS;Falta de atenção;Colisão lateral;Sem Vítimas;Plena noite;Decrescente;Ceu Claro;Múltipla;Reta;Urbano;2;2
877778;2011-03-25;Sexta;15:45:00;SP;116;229.0;SAO PAULO;Não guardar distância de segurança;Colisão traseira;Sem Vítimas;Pleno dia;Decrescente;Sol;Múltipla;Reta;Urbano;2;2
877801;2011-03-26;Sábado;18:30:00;SP;116;100.0;PINDAMONHANGABA;Outras;Colisão com objeto fixo;Sem Vítimas;Anoitecer;Decrescente;Ceu Claro;Dupla;Reta;Urbano;1;1
877973;2011-03-20;Domingo;18:40:00;SP;116;165.0;JACAREI;Outras;Colisão traseira;Sem Vítimas;Pleno dia;Decrescente;Ceu Claro;Múltipla;Reta;Urbano;2;2
878015;2011-03-27;Domingo;07:40:00;SP;116;219.0;GUARULHOS;Falta de atenção;Colisão lateral;Sem Vítimas;Pleno dia;Decrescente;Ceu Claro;Dupla;Reta;Urbano;2;2
878027;2011-03-23;Quarta;18:50:00;SP;116;103.0;PINDAMONHANGABA;Falta de atenção;Colisão lateral;Sem Vítimas;Plena noite;Crescente;Ceu Claro;Dupla;Reta;Rural;4;4
878058;2011-03-25;Sexta;16:00:00;SP;116;227.0;GUARULHOS;Não guardar distância de segurança;Colisão lateral;Sem Vítimas;Pleno dia;Decrescente;Sol;Múltipla;Reta;Urbano;2;2
878081;2011-03-23;Quarta;13:30:00;SP;116;226.0;GUARULHOS;Falta de atenção;Colisão traseira;Com Vítimas Feridas;Pleno dia;Crescente;Ceu Claro;Múltipla;Reta;Urbano;2;2
878089;2011-03-23;Quarta;22:30:00;SP;116;160.0;JACAREI;Defeito mecânico em veículo;Colisão traseira;Com Vítimas Feridas;Plena noite;Crescente;Ceu Claro;Dupla;Reta;Urbano;3;3
878095;2011-03-24;Quinta;00:01:00;SP;116;210.0;GUARULHOS;Outras;Atropelamento de animal;Sem Vítimas;Plena noite;Crescente;Ceu Claro;Múltipla;Reta;Urbano;1;1
878191;2011-03-27;Domingo;15:00:00;SP;116;153.0;SAO JOSE DOS CAMPOS;Falta de atenção;Colisão traseira;Sem Vítimas;Pleno dia;Crescente;Ceu Claro;Simples;Reta;Urbano;2;2
878200;2011-03-22;Terça;22:40:00;SP;116;219.0;GUARULHOS;Outras;Colisão lateral;Com Vítimas Feridas;Plena noite;Decrescente;Ceu Claro;Múltipla;Reta;Urbano;2;2
878206;2011-03-23;Quarta;11:30:00;SP;116;228.0;GUARULHOS;Falta de atenção;Colisão lateral;Com Vítimas Feridas;Pleno dia;Decrescente;Sol;Múltipla;Reta;Urbano;2;2
878300;2011-03-25;Sexta;19:30:00;SP;116;147.8;SAO JOSE DOS CAMPOS;Outras;Colisão traseira;Sem Vítimas;Plena noite;Decrescente;Ceu Claro;Dupla;Reta;Urbano;3;3
878343;2011-03-20;Domingo;15:10:00;SP;116;156.0;SAO JOSE DOS CAMPOS;Outras;Colisão com objeto fixo;Sem Vítimas;Pleno dia;Crescente;Sol;Dupla;Reta;Urbano;1;1
878354;2011-03-25;Sexta;02:40:00;SP;116;152.0;SAO JOSE DOS CAMPOS;Outras;Capotamento;Com Vítimas Feridas;Plena noite;Crescente;Nublado;Dupla;Reta;Urbano;1;1
878414;2011-03-25;Sexta;05:15:00;SP;116;169.5;JACAREI;Outras;Colisão traseira;Sem Vítimas;Amanhecer;Crescente;Ceu Claro;Simples;Reta;Rural;2;2
878440;2011-03-27;Domingo;18:00:00;SP;116;227.0;GUARULHOS;Falta de atenção;Capotamento;Com Vítimas Feridas;Plena noite;Decrescente;Nublado;Múltipla;Curva;Urbano;1;1
878446;2011-03-27;Domingo;19:43:00;SP;116;136.0;SAO JOSE DOS CAMPOS;Outras;Colisão traseira;Sem Vítimas;Plena noite;Decrescente;Nublado;Dupla;Reta;Urbano;4;4
878465;2011-03-27;Domingo;06:10:00;SP;116;224.9;GUARULHOS;Não guardar distância de segurança;Colisão traseira;Sem Vítimas;Amanhecer;Decrescente;Nublado;Múltipla;Reta;Urbano;2;2
878487;2011-03-24;Quinta;06:30:00;SP;116;165.0;JACAREI;Outras;Colisão traseira;Sem Vítimas;Pleno dia;Crescente;Ceu Claro;Múltipla;Reta;Rural;2;2
878492;2011-03-25;Sexta;16:30:00;SP;116;155.6;SAO JOSE DOS CAMPOS;Outras;Colisão traseira;Com Vítimas Feridas;Pleno dia;Decrescente;Chuva;Dupla;Reta;Urbano;5;4
878494;2011-03-26;Sábado;13:08:00;SP;116;152.7;SAO JOSE DOS CAMPOS;Outras;Colisão traseira;Com Vítimas Feridas;Pleno dia;Decrescente;Sol;Dupla;Reta;Urbano;3;3
878509;2011-03-27;Domingo;17:20:00;SP;116;126.4;CACAPAVA;Falta de atenção;Colisão traseira;Com Vítimas Feridas;Pleno dia;Crescente;Ceu Claro;Dupla;Reta;Urbano;2;2
878748;2011-03-26;Sábado;19:45:00;SP;116;139.9;SAO JOSE DOS CAMPOS;Defeito mecânico em veículo;Colisão traseira;Sem Vítimas;Plena noite;Crescente;Nublado;Dupla;Reta;Urbano;2;2
878796;2011-03-27;Domingo;06:40:00;SP;116;182.3;SANTA ISABEL;Falta de atenção;Colisão traseira;Sem Vítimas;Amanhecer;Decrescente;Ceu Claro;Múltipla;Reta;Rural;3;3
878840;2011-03-25;Sexta;16:15:00;SP;116;204.0;ARUJA;Outras;Colisão traseira;Sem Vítimas;Pleno dia;Crescente;Nublado;Simples;Reta;Urbano;2;2
878855;2011-03-28;Segunda;13:10:00;SP;116;220.8;GUARULHOS;Outras;Colisão lateral;Sem Vítimas;Pleno dia;Decrescente;Sol;Múltipla;Reta;Urbano;2;2
878861;2011-03-28;Segunda;16:20:00;SP;116;223.2;GUARULHOS;Não guardar distância de segurança;Colisão traseira;Sem Vítimas;Pleno dia;Decrescente;Sol;Múltipla;Reta;Urbano;2;2
878864;2011-03-28;Segunda;18:30:00;SP;116;202.0;ARUJA;Não guardar distância de segurança;Colisão traseira;Sem Vítimas;Anoitecer;Decrescente;Ceu Claro;Dupla;Reta;Urbano;2;2
878876;2011-03-28;Segunda;19:30:00;SP;116;124.4;CACAPAVA;Defeito mecânico em veículo;Colisão traseira;Sem Vítimas;Plena noite;Decrescente;Nublado;Dupla;Reta;Rural;3;3
878878;2011-03-05;Sábado;05:15:00;SP;116;147.5;SAO JOSE DOS CAMPOS;Outras;Colisão com objeto fixo;Sem Vítimas;Amanhecer;Crescente;Chuva;Dupla;Reta;Urbano;1;1
878883;2011-03-26;Sábado;00:45:00;SP;116;104.2;TAUBATE;Falta de atenção;Colisão lateral;Sem Vítimas;Plena noite;Crescente;Ceu Claro;Dupla;Reta;Urbano;3;3
878891;2011-03-28;Segunda;11:40:00;SP;116;210.0;GUARULHOS;Outras;Colisão lateral;Sem Vítimas;Pleno dia;Decrescente;Ceu Claro;Dupla;Reta;Urbano;2;2
878925;2011-03-28;Segunda;17:40:00;SP;116;217.2;GUARULHOS;Falta de atenção;Colisão traseira;Sem Vítimas;Anoitecer;Decrescente;Ceu Claro;Múltipla;Reta;Urbano;3;3
879002;2011-03-28;Segunda;15:30:00;SP;116;163.5;JACAREI;Desobediência à sinalização;Colisão lateral;Sem Vítimas;Pleno dia;Decrescente;Ceu Claro;Dupla;Reta;Rural;3;3
879026;2011-03-28;Segunda;17:30:00;SP;116;222.8;GUARULHOS;Não guardar distância de segurança;Colisão traseira;Sem Vítimas;Pleno dia;Decrescente;Sol;Múltipla;Reta;Urbano;2;2
879031;2011-03-28;Segunda;20:43:00;SP;116;111.1;TAUBATE;Outras;Colisão lateral;Sem Vítimas;Plena noite;Crescente;Chuva;Dupla;Reta;Urbano;3;3
879061;2011-03-27;Domingo;14:30:00;SP;116;167.0;JACAREI;Ultrapassagem indevida;Colisão Transversal;Sem Vítimas;Pleno dia;Decrescente;Ceu Claro;Dupla;Reta;Rural;2;2
879126;2011-03-26;Sábado;00:40:00;SP;116;127.2;CACAPAVA;Outras;Colisão com objeto fixo;Sem Vítimas;Amanhecer;Decrescente;Ceu Claro;Dupla;Reta;Urbano;1;1
879149;2011-03-27;Domingo;18:50:00;SP;116;227.0;SAO PAULO;Falta de atenção;Colisão com bicicleta;Com Vítimas Fatais;Plena noite;Crescente;Nublado;Múltipla;Cruzamento;Urbano;2;2
879168;2011-03-27;Domingo;05:20:00;SP;116;226.0;GUARULHOS;Falta de atenção;Queda de motocicleta / bicicleta / veículo;Com Vítimas Feridas;Amanhecer;Crescente;Ceu Claro;Múltipla;Reta;Urbano;2;1
879220;2011-03-28;Segunda;05:45:00;SP;116;165.0;JACAREI;Outras;Colisão traseira;Sem Vítimas;Amanhecer;Decrescente;Ceu Claro;Múltipla;Reta;Rural;2;2
879246;2011-03-26;Sábado;10:40:00;SP;116;218.0;GUARULHOS;Falta de atenção;Colisão lateral;Sem Vítimas;Pleno dia;Crescente;Ceu Claro;Simples;Reta;Urbano;4;4
879279;2011-03-23;Quarta;23:00:00;SP;116;164.0;JACAREI;Não guardar distância de segurança;Colisão traseira;Sem Vítimas;Plena noite;Decrescente;Ceu Claro;Dupla;Reta;Rural;2;2
879301;2011-03-22;Terça;19:05:00;SP;116;155.4;SAO JOSE DOS CAMPOS;Outras;Colisão traseira;Sem Vítimas;Plena noite;Decrescente;Ceu Claro;Dupla;Reta;Urbano;2;2
879373;2011-03-29;Terça;17:40:00;SP;116;107.5;TAUBATE;Falta de atenção;Colisão lateral;Sem Vítimas;Anoitecer;Decrescente;Chuva;Dupla;Reta;Urbano;2;2
879393;2011-03-23;Quarta;22:30:00;SP;116;160.0;JACAREI;Falta de atenção;Colisão lateral;Sem Vítimas;Plena noite;Decrescente;Ceu Claro;Dupla;Reta;Urbano;2;2
879426;2011-03-26;Sábado;13:45:00;SP;116;213.0;GUARULHOS;Falta de atenção;Colisão lateral;Sem Vítimas;Pleno dia;Crescente;Ceu Claro;Múltipla;Reta;Urbano;3;3
879455;2011-03-26;Sábado;18:50:00;SP;116;148.0;SAO JOSE DOS CAMPOS;Outras;Colisão com objeto fixo;Sem Vítimas;Anoitecer;Decrescente;Ceu Claro;Dupla;Reta;Rural;1;1
879462;2011-03-25;Sexta;06:45:00;SP;116;222.0;GUARULHOS;Outras;Colisão traseira;Sem Vítimas;Amanhecer;Crescente;Ceu Claro;Múltipla;Reta;Urbano;3;3
879530;2011-03-30;Quarta;03:35:00;SP;116;130.0;CACAPAVA;Outras;Colisão lateral;Sem Vítimas;Plena noite;Decrescente;Ceu Claro;Simples;Reta;Urbano;2;2
879584;2011-03-23;Quarta;08:05:00;SP;116;109.8;TAUBATE;Outras;Queda de motocicleta / bicicleta / veículo;Sem Vítimas;Pleno dia;Crescente;Sol;Dupla;Reta;Urbano;1;1
879660;2011-03-30;Quarta;07:20:00;SP;116;165.0;JACAREI;Falta de atenção;Colisão traseira;Sem Vítimas;Pleno dia;Crescente;Nublado;Múltipla;Reta;Urbano;2;2
879778;2011-03-27;Domingo;04:40:00;SP;116;132.6;CACAPAVA;Ingestão de álcool;Colisão com objeto fixo;Com Vítimas Feridas;Amanhecer;Crescente;Nublado;Dupla;Reta;Rural;2;2
879807;2011-03-30;Quarta;05:00:00;SP;116;104.1;TAUBATE;Outras;Colisão com objeto fixo;Com Vítimas Fatais;Plena noite;Decrescente;Ceu Claro;Dupla;Reta;Urbano;2;2
879837;2011-03-30;Quarta;14:15:00;SP;116;108.1;TAUBATE;Outras;Colisão lateral;Sem Vítimas;Pleno dia;Crescente;Chuva;Dupla;Reta;Urbano;3;3
879876;2011-03-29;Terça;17:40:00;SP;116;227.0;GUARULHOS;Ultrapassagem indevida;Colisão lateral;Sem Vítimas;Pleno dia;Crescente;Sol;Dupla;Reta;Urbano;2;2
879922;2011-03-25;Sexta;10:30:00;SP;116;229.0;GUARULHOS;Outras;Colisão lateral;Sem Vítimas;Pleno dia;Crescente;Ceu Claro;Múltipla;Reta;Urbano;2;2
879944;2011-03-25;Sexta;14:30:00;SP;116;227.0;GUARULHOS;Outras;Colisão traseira;Sem Vítimas;Pleno dia;Crescente;Ceu Claro;Múltipla;Reta;Urbano;2;2
880163;2011-03-28;Segunda;15:10:00;SP;116;164.0;JACAREI;Outras;Tombamento;Sem Vítimas;Pleno dia;Crescente;Chuva;Dupla;Reta;Rural;1;1
880189;2011-03-30;Quarta;06:45:00;SP;116;229.0;SAO PAULO;Outras;Colisão lateral;Com Vítimas Feridas;Pleno dia;Crescente;Nublado;Múltipla;Reta;Urbano;3;3
880192;2011-03-28;Segunda;02:00:00;SP;116;203.0;ARUJA;Outras;Colisão com objeto móvel;Sem Vítimas;Plena noite;Crescente;Nublado;Múltipla;Reta;Urbano;1;1
880245;2011-03-29;Terça;17:45:00;SP;116;147.0;SAO JOSE DOS CAMPOS;Não guardar distância de segurança;Colisão traseira;Sem Vítimas;Pleno dia;Decrescente;Ceu Claro;Dupla;Reta;Urbano;2;2
880251;2011-03-28;Segunda;21:00:00;SP;116;154.0;SAO JOSE DOS CAMPOS;Outras;Colisão com objeto fixo;Sem Vítimas;Plena noite;Decrescente;Nublado;Dupla;Reta;Urbano;1;1
880286;2011-03-30;Quarta;16:30:00;SP;116;145.8;SAO JOSE DOS CAMPOS;Falta de atenção;Colisão lateral;Sem Vítimas;Pleno dia;Decrescente;Nublado;Dupla;Reta;Urbano;2;2
880308;2011-03-30;Quarta;18:50:00;SP;116;149.3;SAO JOSE DOS CAMPOS;Não guardar distância de segurança;Colisão traseira;Sem Vítimas;Plena noite;Decrescente;Nublado;Dupla;Reta;Urbano;4;4
880364;2011-03-27;Domingo;16:20:00;SP;116;129.0;CACAPAVA;Outras;Colisão traseira;Com Vítimas Feridas;Pleno dia;Crescente;Chuva;Dupla;Reta;Urbano;7;5
880369;2011-03-28;Segunda;00:30:00;SP;116;128.9;CACAPAVA;Outras;Colisão traseira;Com Vítimas Feridas;Plena noite;Decrescente;Ceu Claro;Dupla;Reta;Urbano;2;2
880372;2011-03-31;Quinta;08:40:00;SP;116;140.0;SAO JOSE DOS CAMPOS;Outras;Colisão traseira;Sem Vítimas;Pleno dia;Crescente;Sol;Dupla;Reta;Urbano;2;2
880389;2011-03-28;Segunda;07:30:00;SP;116;145.0;SAO JOSE DOS CAMPOS;Outras;Colisão com objeto fixo;Sem Vítimas;Amanhecer;Decrescente;Ceu Claro;Simples;Reta;Urbano;1;1
880469;2011-03-31;Quinta;19:00:00;SP;116;176.0;GUARAREMA;Falta de atenção;Colisão frontal;Com Vítimas Feridas;Plena noite;Crescente;Nublado;Simples;Reta;Rural;3;2
880556;2011-03-31;Quinta;19:20:00;SP;116;107.0;TAUBATE;Falta de atenção;Colisão traseira;Sem Vítimas;Plena noite;Decrescente;Nublado;Dupla;Reta;Urbano;5;5
880569;2011-03-29;Terça;03:20:00;SP;116;153.0;SAO JOSE DOS CAMPOS;Dormindo;Colisão com objeto fixo;Sem Vítimas;Plena noite;Decrescente;Nublado;Dupla;Reta;Urbano;1;1