id;data_inversa;dia_semana;horario;uf;br;km;municipio;causa_acidente;tipo_acidente;classificacao_acidente;fase_dia;sentido_via;condicao_metereologica;tipo_pista;tracado_via;uso_solo;pessoas;veiculos
880588;2011-03-25;Sexta;18:30:00;SP;116;154.4;SAO JOSE DOS CAMPOS;Outras;Colisão com objeto fixo;Sem Vítimas;Anoitecer;Decrescente;Ceu Claro;Dupla;Reta;Urbano;1;1
880624;2011-03-30;Quarta;17:50:00;SP;116;144.6;SAO JOSE DOS CAMPOS;Outras;Queda de motocicleta / bicicleta / veículo;Com Vítimas Feridas;Pleno dia;Crescente;Nublado;Dupla;Reta;Urbano;1;1
880642;2011-03-30;Quarta;08:20:00;SP;116;162.0;JACAREI;Outras;Colisão lateral;Sem Vítimas;Pleno dia;Crescente;Sol;Dupla;Reta;Urbano;2;2
880757;2011-03-25;Sexta;09:30:00;SP;116;209.0;GUARULHOS;Outras;Colisão traseira;Sem Vítimas;Pleno dia;Crescente;Ceu Claro;Múltipla;Reta;Urbano;2;2
880774;2011-03-30;Quarta;12:15:00;SP;116;219.6;GUARULHOS;Outras;Colisão com objeto fixo;Sem Vítimas;Pleno dia;Decrescente;Sol;Múltipla;Reta;Urbano;1;1
880778;2011-03-30;Quarta;16:45:00;SP;116;225.0;GUARULHOS;Outras;Queda de motocicleta / bicicleta / veículo;Com Vítimas Feridas;Pleno dia;Decrescente;Sol;Múltipla;Reta;Urbano;2;1
880844;2011-04-01;Sexta;13:30:00;SP;116;156.9;SAO JOSE DOS CAMPOS;Falta de atenção;Colisão traseira;Sem Vítimas;Pleno dia;Crescente;Sol;Simples;Cruzamento;Urbano;2;2
881003;2011-04-01;Sexta;19:40:00;SP;116;219.0;GUARULHOS;Falta de atenção;Colisão traseira;Sem Vítimas;Plena noite;Decrescente;Nublado;Múltipla;Reta;Urbano;2;2
881005;2011-04-01;Sexta;21:40:00;SP;116;220.0;GUARULHOS;Ultrapassagem indevida;Queda de motocicleta / bicicleta / veículo;Com Vítimas Feridas;Plena noite;Decrescente;Nublado;Múltipla;Reta;Urbano;2;2
881177;2011-03-31;Quinta;22:40:00;SP;116;222.0;GUARULHOS;Outras;Queda de motocicleta / bicicleta / veículo;Com Vítimas Feridas;Plena noite;Decrescente;Nublado;Dupla;Reta;Urbano;2;1
881186;2011-04-02;Sábado;07:59:00;SP;116;159.0;JACAREI;Falta de atenção;Colisão traseira;Sem Vítimas;Pleno dia;Crescente;Ceu Claro;Múltipla;Reta;Urbano;2;2
881194;2011-03-31;Quinta;16:45:00;SP;116;221.0;GUARULHOS;Outras;Queda de motocicleta / bicicleta / veículo;Com Vítimas Feridas;Pleno dia;Crescente;Nublado;Múltipla;Reta;Urbano;3;2
881242;2011-04-02;Sábado;10:00:00;SP;116;182.0;SANTA ISABEL;Falta de atenção;Colisão traseira;Sem Vítimas;Pleno dia;Decrescente;Ceu Claro;Múltipla;Reta;Urbano;2;2
881246;2011-04-02;Sábado;11:00:00;SP;116;156.8;SAO JOSE DOS CAMPOS;Dormindo;Saída de Pista;Sem Vítimas;Pleno dia;Crescente;Ceu Claro;Múltipla;Reta;Urbano;1;1
881424;2011-04-02;Sábado;18:45:00;SP;116;164.5;JACAREI;Outras;Saída de Pista;Sem Vítimas;Plena noite;Decrescente;Chuva;Dupla;Reta;Rural;1;1
881427;2011-04-02;Sábado;19:50:00;SP;116;155.0;SAO JOSE DOS CAMPOS;Outras;Colisão lateral;Sem Vítimas;Plena noite;Decrescente;Chuva;Dupla;Reta;Urbano;2;2
881455;2011-04-02;Sábado;21:30:00;SP;116;122.0;CACAPAVA;Outras;Colisão com objeto fixo;Sem Vítimas;Plena noite;Crescente;Chuva;Dupla;Reta;Rural;1;1
881552;2011-04-03;Domingo;03:42:00;SP;116;148.0;SAO JOSE DOS CAMPOS;Ingestão de álcool;Colisão traseira;Com Vítimas Feridas;Plena noite;Decrescente;Chuva;Dupla;Reta;Urbano;2;2
881570;2011-04-02;Sábado;22:45:00;SP;116;177.0;GUARAREMA;Desobediência à sinalização;Colisão traseira;Com Vítimas Feridas;Plena noite;Crescente;Chuva;Dupla;Reta;Urbano;3;2
881599;2011-03-31;Quinta;19:42:00;SP;116;113.9;TAUBATE;Falta de atenção;Colisão traseira;Com Vítimas Feridas;Plena noite;Crescente;Nublado;Dupla;Reta;Urbano;12;10
881642;2011-03-31;Quinta;10:50:00;SP;116;228.0;SAO PAULO;Não guardar distância de segurança;Colisão traseira;Com Vítimas Feridas;Pleno dia;Crescente;Nublado;Múltipla;Reta;Urbano;2;2
881681;2011-04-03;Domingo;10:00:00;SP;116;125.0;CACAPAVA;Falta de atenção;Colisão lateral;Sem Vítimas;Pleno dia;Decrescente;Sol;Dupla;Reta;Urbano;2;2
881718;2011-04-03;Domingo;07:36:00;SP;116;154.0;SAO JOSE DOS CAMPOS;Outras;Colisão com objeto fixo;Sem Vítimas;Pleno dia;Decrescente;Chuva;Dupla;Reta;Urbano;1;1
881759;2011-04-03;Domingo;14:30:00;SP;116;218.2;GUARULHOS;Falta de atenção;Colisão lateral;Com Vítimas Feridas;Pleno dia;Decrescente;Chuva;Múltipla;Reta;Urbano;4;4
881766;2011-03-27;Domingo;18:00:00;SP;116;147.5;SAO JOSE DOS CAMPOS;Outras;Colisão lateral;Sem Vítimas;Anoitecer;Decrescente;Nublado;Simples;Reta;Urbano;2;2
881774;2011-03-30;Quarta;18:20:00;SP;116;148.0;SAO JOSE DOS CAMPOS;Outras;Colisão traseira;Sem Vítimas;Plena noite;Decrescente;Ceu Claro;Dupla;Reta;Urbano;4;4
881819;2011-04-01;Sexta;19:50:00;SP;116;142.9;SAO JOSE DOS CAMPOS;Falta de atenção;Colisão traseira;Sem Vítimas;Plena noite;Crescente;Ceu Claro;Dupla;Reta;Urbano;3;3
881836;2011-04-03;Domingo;19:45:00;SP;116;145.0;SAO JOSE DOS CAMPOS;Outras;Colisão com objeto fixo;Sem Vítimas;Plena noite;Decrescente;Chuva;Múltipla;Reta;Urbano;1;1
882301;2011-04-01;Sexta;16:55:00;SP;116;155.5;SAO JOSE DOS CAMPOS;Outras;Queda de motocicleta / bicicleta / veículo;Com Vítimas Feridas;Pleno dia;Crescente;Ceu Claro;Múltipla;Reta;Rural;1;1
882354;2011-03-31;Quinta;14:40:00;SP;116;219.0;GUARULHOS;Não guardar distância de segurança;Colisão lateral;Sem Vítimas;Pleno dia;Decrescente;Nublado;Múltipla;Reta;Urbano;3;3
882367;2011-04-01;Sexta;17:15:00;SP;116;154.0;SAO JOSE DOS CAMPOS;Não guardar distância de segurança;Colisão traseira;Sem Vítimas;Pleno dia;Decrescente;Sol;Dupla;Reta;Urbano;3;3
882381;2011-03-31;Quinta;19:00:00;SP;116;229.0;GUARULHOS;Não guardar distância de segurança;Colisão traseira;Sem Vítimas;Plena noite;Decrescente;Nublado;Múltipla;Reta;Urbano;4;4
882389;2011-04-04;Segunda;09:40:00;SP;116;211.0;GUARULHOS;Falta de atenção;Colisão lateral;Sem Vítimas;Pleno dia;Decrescente;Nublado;Múltipla;Cruzamento;Urbano;2;2
882459;2011-03-29;Terça;06:30:00;SP;116;220.0;GUARULHOS;Outras;Colisão traseira;Sem Vítimas;Amanhecer;Decrescente;Ceu Claro;Múltipla;Reta;Urbano;2;2
882467;2011-04-04;Segunda;08:10:00;SP;116;155.2;SAO JOSE DOS CAMPOS;Outras;Queda de motocicleta / bicicleta / veículo;Com Vítimas Feridas;Pleno dia;Decrescente;Chuva;Dupla;Reta;Urbano;1;1
882489;2011-04-01;Sexta;19:00:00;SP;116;181.0;SANTA ISABEL;Falta de atenção;Colisão lateral;Sem Vítimas;Plena noite;Decrescente;Nublado;Dupla;Reta;Rural;2;2
882508;2011-04-04;Segunda;23:00:00;SP;116;121.5;CACAPAVA;Outras;Colisão com objeto fixo;Sem Vítimas;Plena noite;Crescente;Ceu Claro;Dupla;Reta;Urbano;1;1
882567;2011-03-29;Terça;13:30:00;SP;116;204.0;ARUJA;Outras;Colisão traseira;Sem Vítimas;Pleno dia;Decrescente;Ceu Claro;Dupla;Reta;Urbano;2;2
882575;2011-03-31;Quinta;13:45:00;SP;116;148.0;SAO JOSE DOS CAMPOS;Outras;Colisão lateral;Com Vítimas Feridas;Pleno dia;Crescente;Ceu Claro;Dupla;Reta;Urbano;3;2
882582;2011-04-02;Sábado;03:55:00;SP;116;113.0;TAUBATE;Outras;Colisão traseira;Com Vítimas Feridas;Plena noite;Crescente;Nublado;Dupla;Reta;Urbano;2;2
882681;2011-03-29;Terça;23:50:00;SP;116;175.5;BARRA DO TURVO;Falta de atenção;Colisão com objeto fixo;Sem Vítimas;Plena noite;Crescente;Chuva;Simples;Curva;Rural;1;1
882720;2011-04-02;Sábado;17:30:00;SP;116;224.0;GUARULHOS;Outras;Colisão com bicicleta;Com Vítimas Feridas;Pleno dia;Crescente;Ceu Claro;Múltipla;Reta;Urbano;2;2
882739;2011-04-03;Domingo;00:50:00;SP;116;229.0;SAO PAULO;Outras;Capotamento;Sem Vítimas;Plena noite;Decrescente;Nublado;Múltipla;Reta;Urbano;1;1
882755;2011-03-31;Quinta;19:30:00;SP;116;226.0;GUARULHOS;Falta de atenção;Colisão traseira;Sem Vítimas;Plena noite;Decrescente;Ceu Claro;Múltipla;Reta;Urbano;2;2
882772;2011-03-31;Quinta;19:40:00;SP;116;189.0;SANTA ISABEL;Outras;Colisão lateral;Com Vítimas Feridas;Plena noite;Crescente;Nublado;Dupla;Reta;Rural;2;2
882807;2011-04-05;Terça;15:40:00;SP;116;164.0;JACAREI;Velocidade incompatível;Colisão com objeto fixo;Sem Vítimas;Pleno dia;Crescente;Chuva;Dupla;Reta;Rural;1;1
882858;2011-04-02;Sábado;18:45:00;SP;116;215.0;GUARULHOS;Outras;Colisão traseira;Sem Vítimas;Plena noite;Decrescente;Chuva;Múltipla;Reta;Urbano;7;7
882926;2011-04-05;Terça;16:00:00;SP;116;222.8;GUARULHOS;Outras;Colisão lateral;Sem Vítimas;Pleno dia;Decrescente;Sol;Múltipla;Reta;Urbano;2;2
883024;2011-04-05;Terça;13:40:00;SP;116;229.7;SAO PAULO;Outras;Colisão traseira;Sem Vítimas;Pleno dia;Crescente;Sol;Múltipla;Reta;Urbano;2;2
883185;2011-03-22;Terça;12:20:00;SP;116;214.0;GUARULHOS;Outras;Colisão lateral;Com Vítimas Feridas;Pleno dia;Decrescente;Ceu Claro;Múltipla;Reta;Urbano;3;2
883194;2011-04-04;Segunda;06:30:00;SP;116;187.0;SANTA ISABEL;Outras;Colisão com objeto fixo;Sem Vítimas;Amanhecer;Crescente;Chuva;Dupla;Curva;Urbano;1;1
883218;2011-01-25;Terça;22:50:00;SP;116;169.0;JACAREI;Outras;Colisão traseira;Com Vítimas Feridas;Plena noite;Crescente;Ceu Claro;Dupla;Reta;Urbano;3;3
883230;2011-04-05;Terça;11:00:00;SP;116;214.0;GUARULHOS;Defeito mecânico em veículo;Colisão traseira;Sem Vítimas;Pleno dia;Crescente;Ceu Claro;Múltipla;Reta;Urbano;2;2
883256;2011-03-06;Domingo;04:23:00;SP;116;173.0;JACAREI;Ingestão de álcool;Colisão traseira;Sem Vítimas;Plena noite;Crescente;Ceu Claro;Dupla;Reta;Urbano;6;6
883322;2011-04-05;Terça;16:15:00;SP;116;109.0;TAUBATE;Falta de atenção;Colisão traseira;Com Vítimas Feridas;Pleno dia;Crescente;Nublado;Dupla;Reta;Urbano;4;2
883380;2011-04-06;Quarta;17:20:00;SP;116;157.5;SAO JOSE DOS CAMPOS;Falta de atenção;Colisão traseira;Sem Vítimas;Pleno dia;Decrescente;Ceu Claro;Dupla;Reta;Urbano;3;3
883381;2011-04-04;Segunda;01:25:00;SP;116;198.0;ARUJA;Outras;Saída de Pista;Com Vítimas Feridas;Plena noite;Crescente;Nublado;Dupla;Curva;Urbano;1;1
883383;2011-04-01;Sexta;22:10:00;SP;116;150.0;SAO JOSE DOS CAMPOS;Não guardar distância de segurança;Colisão traseira;Sem Vítimas;Plena noite;Decrescente;Nublado;Simples;Reta;Urbano;4;4
883468;2011-04-01;Sexta;19:50:00;SP;116;113.3;TAUBATE;Outras;Colisão traseira;Sem Vítimas;Plena noite;Decrescente;Nublado;Dupla;Reta;Urbano;2;2
883738;2011-04-04;Segunda;18:50:00;SP;116;150.0;SAO JOSE DOS CAMPOS;Outras;Colisão traseira;Com Vítimas Feridas;Anoitecer;Crescente;Ignorada;Dupla;Reta;Rural;2;2
883757;2011-04-07;Quinta;09:30:00;SP;116;143.6;SAO JOSE DOS CAMPOS;Dormindo;Colisão traseira;Com Vítimas Feridas;Plena noite;Crescente;Ceu Claro;Dupla;Reta;Urbano;2;2
883798;2011-04-05;Terça;21:58:00;SP;116;206.7;GUARULHOS;Ingestão de álcool;Colisão frontal;Com Vítimas Feridas;Plena noite;Decrescente;Ceu Claro;Dupla;Reta;Urbano;3;2
883825;2011-03-27;Domingo;06:30:00;SP;116;145.0;SAO JOSE DOS CAMPOS;Ingestão de álcool;Colisão com objeto fixo;Com Vítimas Feridas;Pleno dia;Crescente;Nublado;Dupla;Reta;Urbano;1;1
883859;2011-04-02;Sábado;23:30:00;SP;116;175.0;JACAREI;Outras;Saída de Pista;Sem Vítimas;Plena noite;Crescente;Chuva;Dupla;Reta;Rural;1;1
883860;2011-04-06;Quarta;11:45:00;SP;116;222.0;GUARULHOS;Outras;Colisão traseira;Com Vítimas Feridas;Pleno dia;Decrescente;Ceu Claro;Múltipla;Reta;Urbano;2;2
883876;2011-04-06;Quarta;18:00:00;SP;116;222.0;GUARULHOS;Outras;Queda de motocicleta / bicicleta / veículo;Com Vítimas Feridas;Anoitecer;Crescente;Nublado;Múltipla;Reta;Urbano;1;1
883915;2011-04-04;Segunda;08:00:00;SP;116;219.0;GUARULHOS;Não guardar distância de segurança;Colisão traseira;Sem Vítimas;Pleno dia;Crescente;Ceu Claro;Múltipla;Reta;Urbano;3;3
883975;2011-04-07;Quinta;19:00:00;SP;116;226.0;GUARULHOS;Falta de atenção;Colisão Transversal;Sem Vítimas;Plena noite;Decrescente;Nublado;Múltipla;Reta;Urbano;2;2
884019;2011-04-07;Quinta;18:30:00;SP;116;156.0;SAO JOSE DOS CAMPOS;Outras;Colisão traseira;Sem Vítimas;Anoitecer;Decrescente;Ceu Claro;Dupla;Reta;Urbano;2;2
884080;2011-04-05;Terça;06:30:00;SP;116;219.0;GUARULHOS;Ultrapassagem indevida;Colisão lateral;Com Vítimas Feridas;Pleno dia;Crescente;Ceu Claro;Múltipla;Reta;Urbano;2;2
884284;2011-04-01;Sexta;04:00:00;SP;116;223.0;GUARULHOS;Falta de atenção;Queda de motocicleta / bicicleta / veículo;Com Vítimas Feridas;Plena noite;Decrescente;Nublado;Múltipla;Reta;Urbano;2;2
884332;2011-04-08;Sexta;10:00:00;SP;116;146.5;SAO JOSE DOS CAMPOS;Outras;Colisão traseira;Com Vítimas Feridas;Pleno dia;Crescente;Ceu Claro;Dupla;Reta;Rural;2;2
884381;2011-04-08;Sexta;08:30:00;SP;116;119.0;CACAPAVA;Outras;Colisão traseira;Sem Vítimas;Pleno dia;Crescente;Nublado;Dupla;Reta;Urbano;2;2
884432;2011-04-01;Sexta;05:26:00;SP;116;146.3;SAO JOSE DOS CAMPOS;Outras;Colisão lateral;Sem Vítimas;Pleno dia;Decrescente;Sol;Dupla;Reta;Urbano;2;2
884457;2011-04-08;Sexta;06:30:00;SP;116;229.0;SAO PAULO;Falta de atenção;Colisão lateral;Sem Vítimas;Pleno dia;Crescente;Ceu Claro;Múltipla;Reta;Rural;2;2
884545;2011-04-08;Sexta;14:30:00;SP;116;130.0;CACAPAVA;Defeito mecânico em veículo;Colisão com objeto móvel;Sem Vítimas;Pleno dia;Decrescente;Ceu Claro;Dupla;Reta;Urbano;2;2
884601;2011-04-08;Sexta;20:00:00;SP;116;148.0;SAO JOSE DOS CAMPOS;Outras;Colisão traseira;Sem Vítimas;Plena noite;Crescente;Ignorada;Dupla;Reta;Urbano;2;2
884608;2011-04-08;Sexta;19:30:00;SP;116;219.0;GUARULHOS;Falta de atenção;Colisão lateral;Sem Vítimas;Plena noite;Decrescente;Ceu Claro;Múltipla;Reta;Urbano;2;2
884844;2011-04-09;Sábado;01:30:00;SP;116;148.0;SAO JOSE DOS CAMPOS;Outras;Colisão lateral;Sem Vítimas;Plena noite;Crescente;Nevoeiro/neblina;Dupla;Reta;Rural;2;2
884872;2011-04-09;Sábado;07:15:00;SP;116;218.9;GUARULHOS;Velocidade incompatível;Colisão com objeto fixo;Sem Vítimas;Pleno dia;Decrescente;Nublado;Múltipla;Reta;Urbano;1;1
885007;2011-04-05;Terça;08:30:00;SP;116;139.3;SAO JOSE DOS CAMPOS;Outras;Colisão traseira;Com Vítimas Feridas;Pleno dia;Decrescente;Ceu Claro;Dupla;Reta;Urbano;2;2
885027;2011-04-06;Quarta;09:00:00;SP;116;225.5;GUARULHOS;Outras;Colisão com objeto móvel;Sem Vítimas;Pleno dia;Crescente;Ceu Claro;Múltipla;Reta;Urbano;1;1
885034;2011-04-06;Quarta;09:00:00;SP;116;225.5;GUARULHOS;Outras;Colisão com objeto móvel;Com Vítimas Feridas;Pleno dia;Crescente;Ceu Claro;Múltipla;Reta;Urbano;1;1
885064;2011-04-06;Quarta;17:00:00;SP;116;224.0;GUARULHOS;Falta de atenção;Colisão lateral;Sem Vítimas;Pleno dia;Crescente;Sol;Dupla;Reta;Urbano;2;2
885094;2011-04-09;Sábado;16:40:00;SP;116;122.6;CACAPAVA;Outras;Colisão traseira;Sem Vítimas;Pleno dia;Crescente;Chuva;Dupla;Reta;Rural;2;2
885116;2011-04-09;Sábado;16:45:00;SP;116;122.6;CACAPAVA;Outras;Colisão traseira;Sem Vítimas;Pleno dia;Crescente;Chuva;Dupla;Reta;Urbano;2;2
885123;2011-04-09;Sábado;16:41:00;SP;116;122.6;CACAPAVA;Outras;Colisão traseira;Sem Vítimas;Pleno dia;Crescente;Chuva;Dupla;Reta;Rural;2;2
885146;2011-04-09;Sábado;17:28:00;SP;116;114.4;TAUBATE;Outras;Colisão com objeto fixo;Sem Vítimas;Anoitecer;Decrescente;Chuva;Dupla;Reta;Urbano;1;1
885166;2011-04-09;Sábado;16:50:00;SP;116;122.5;CACAPAVA;Outras;Colisão traseira;Sem Vítimas;Pleno dia;Crescente;Chuva;Dupla;Reta;Rural;2;2
885199;2011-04-09;Sábado;20:30:00;SP;116;209.8;GUARULHOS;Falta de atenção;Colisão lateral;Sem Vítimas;Plena noite;Crescente;Nublado;Múltipla;Reta;Urbano;2;2
885302;2011-04-10;Domingo;04:45:00;SP;116;107.0;TAUBATE;Dormindo;Queda de motocicleta / bicicleta / veículo;Com Vítimas Feridas;Plena noite;Crescente;Ceu Claro;Dupla;Reta;Urbano;2;1
885358;2011-04-09;Sábado;04:30:00;SP;116;148.0;SAO JOSE DOS CAMPOS;Outras;Colisão traseira;Sem Vítimas;Plena noite;Crescente;Nublado;Simples;Reta;Urbano;2;2
885391;2011-04-04;Segunda;15:00:00;SP;116;149.0;SAO JOSE DOS CAMPOS;Outras;Colisão com objeto móvel;Sem Vítimas;Pleno dia;Crescente;Ceu Claro;Dupla;Reta;Urbano;1;1
885393;2011-04-07;Quinta;01:25:00;SP;116;121.9;CACAPAVA;Outras;Capotamento;Sem Vítimas;Plena noite;Crescente;Ceu Claro;Dupla;Reta;Rural;1;1
885542;2011-04-07;Quinta;13:15:00;SP;116;186.0;SANTA ISABEL;Falta de atenção;Colisão com objeto fixo;Sem Vítimas;Pleno dia;Decrescente;Ceu Claro;Dupla;Curva;Rural;2;2
885550;2011-04-07;Quinta;23:20:00;SP;116;204.0;ARUJA;Outras;Colisão traseira;Sem Vítimas;Plena noite;Decrescente;Ceu Claro;Dupla;Reta;Rural;2;2
885600;2011-03-31;Quinta;22:00:00;SP;116;224.0;GUARULHOS;Falta de atenção;Colisão traseira;Sem Vítimas;Plena noite;Crescente;Ceu Claro;Múltipla;Reta;Urbano;2;2
885606;2011-04-10;Domingo;18:25:00;SP;116;107.7;TAUBATE;Outras;Colisão traseira;Sem Vítimas;Anoitecer;Crescente;Chuva;Dupla;Reta;Urbano;2;2
885607;2011-04-07;Quinta;03:40:00;SP;116;113.2;TAUBATE;Outras;Colisão com objeto fixo;Com Vítimas Feridas;Plena noite;Decrescente;Ceu Claro;Dupla;Reta;Urbano;2;2
885796;2011-04-10;Domingo;18:25:00;SP;116;101.0;PINDAMONHANGABA;Outras;Queda de motocicleta / bicicleta / veículo;Com Vítimas Feridas;Plena noite;Decrescente;Nublado;Múltipla;Reta;Rural;1;1
885798;2011-04-08;Sexta;06:25:00;SP;116;182.0;SANTA ISABEL;Outras;Colisão traseira;Sem Vítimas;Amanhecer;Decrescente;Nublado;Múltipla;Reta;Urbano;2;2
885815;2011-04-08;Sexta;03:40:00;SP;116;111.0;TAUBATE;Falta de atenção;Colisão traseira;Com Vítimas Feridas;Plena noite;Decrescente;Nublado;Dupla;Reta;Urbano;2;2
885836;2011-04-02;Sábado;19:30:00;SP;116;190.0;SANTA ISABEL;Outras;Colisão traseira;Sem Vítimas;Plena noite;Crescente;Chuva;Dupla;Reta;Rural;3;3
885887;2011-04-09;Sábado;20:20:00;SP;116;210.0;GUARULHOS;Falta de atenção;Colisão traseira;Sem Vítimas;Plena noite;Crescente;Nublado;Múltipla;Reta;Urbano;3;3
885917;2011-04-09;Sábado;21:20:00;SP;116;210.8;GUARULHOS;Falta de atenção;Colisão traseira;Com Vítimas Feridas;Plena noite;Decrescente;Nublado;Múltipla;Reta;Urbano;4;3
885978;2011-04-08;Sexta;16:00:00;SP;116;229.0;SAO PAULO;Falta de atenção;Colisão lateral;Com Vítimas Feridas;Pleno dia;Decrescente;Ceu Claro;Múltipla;Reta;Urbano;4;3
886097;2011-04-11;Segunda;11:30:00;SP;116;180.0;GUARAREMA;Outras;Colisão traseira;Sem Vítimas;Pleno dia;Crescente;Sol;Múltipla;Reta;Rural;2;2
886118;2011-04-11;Segunda;15:00:00;SP;116;182.0;SANTA ISABEL;Outras;Colisão traseira;Sem Vítimas;Pleno dia;Decrescente;Sol;Múltipla;Reta;Rural;2;2
886127;2011-04-09;Sábado;10:00:00;SP;116;146.0;SAO JOSE DOS CAMPOS;Outras;Colisão traseira;Sem Vítimas;Pleno dia;Decrescente;Ceu Claro;Dupla;Reta;Urbano;2;2
886147;2011-04-09;Sábado;11:40:00;SP;116;154.0;SAO JOSE DOS CAMPOS;Outras;Colisão com objeto fixo;Sem Vítimas;Pleno dia;Crescente;Ceu Claro;Dupla;Reta;Urbano;1;1
886171;2011-04-09;Sábado;06:40:00;SP;116;210.0;GUARULHOS;Falta de atenção;Capotamento;Sem Vítimas;Pleno dia;Crescente;Ceu Claro;Dupla;Cruzamento;Urbano;1;1
886181;2011-04-08;Sexta;11:05:00;SP;116;210.0;GUARULHOS;Falta de atenção;Colisão traseira;Sem Vítimas;Pleno dia;Crescente;Ceu Claro;Dupla;Reta;Urbano;3;3
886185;2011-04-11;Segunda;09:10:00;SP;116;220.0;GUARULHOS;Outras;Colisão lateral;Com Vítimas Feridas;Pleno dia;Decrescente;Sol;Múltipla;Reta;Urbano;3;3
886200;2011-04-08;Sexta;05:40:00;SP;116;216.4;GUARULHOS;Outras;Colisão traseira;Com Vítimas Feridas;Amanhecer;Decrescente;Nevoeiro/neblina;Múltipla;Reta;Urbano;4;3
886201;2011-04-11;Segunda;12:40:00;SP;116;219.5;GUARULHOS;Outras;Colisão traseira;Sem Vítimas;Pleno dia;Decrescente;Sol;Múltipla;Reta;Urbano;2;2
886214;2011-04-11;Segunda;16:30:00;SP;116;149.0;SAO JOSE DOS CAMPOS;Outras;Queda de motocicleta / bicicleta / veículo;Com Vítimas Feridas;Pleno dia;Decrescente;Nublado;Dupla;Reta;Urbano;3;3
886215;2011-04-11;Segunda;17:40:00;SP;116;222.3;GUARULHOS;Outras;Colisão lateral;Sem Vítimas;Pleno dia;Decrescente;Ceu Claro;Múltipla;Reta;Urbano;2;2
886225;2011-04-11;Segunda;18:30:00;SP;116;226.0;GUARULHOS;Outras;Colisão lateral;Sem Vítimas;Anoitecer;Decrescente;Ceu Claro;Múltipla;Reta;Urbano;2;2
886234;2011-04-11;Segunda;13:50:00;SP;116;217.0;GUARULHOS;Outras;Colisão traseira;Sem Vítimas;Pleno dia;Crescente;Sol;Múltipla;Reta;Urbano;4;4
886238;2011-04-11;Segunda;19:10:00;SP;116;219.6;GUARULHOS;Falta de atenção;Colisão traseira;Com Vítimas Feridas;Plena noite;Decrescente;Ceu Claro;Múltipla;Reta;Urbano;3;2
886239;2011-04-11;Segunda;16:40:00;SP;116;149.6;SAO JOSE DOS CAMPOS;Outras;Colisão traseira;Sem Vítimas;Pleno dia;Decrescente;Chuva;Múltipla;Reta;Urbano;2;2
886261;2011-04-11;Segunda;18:30:00;SP;116;211.0;GUARULHOS;Falta de atenção;Colisão traseira;Sem Vítimas;Anoitecer;Decrescente;Ceu Claro;Múltipla;Reta;Urbano;2;2
886277;2011-04-11;Segunda;18:40:00;SP;116;149.0;SAO JOSE DOS CAMPOS;Outras;Colisão traseira;Sem Vítimas;Anoitecer;Crescente;Nublado;Múltipla;Reta;Urbano;3;3
886378;2011-04-09;Sábado;20:00:00;SP;116;152.0;SAO JOSE DOS CAMPOS;Ingestão de álcool;Colisão lateral;Sem Vítimas;Plena noite;Crescente;Nublado;Dupla;Reta;Urbano;2;2
886429;2011-04-10;Domingo;15:40:00;SP;116;214.0;GUARULHOS;Outras;Colisão traseira;Sem Vítimas;Pleno dia;Decrescente;Chuva;Múltipla;Reta;Urbano;3;3
886441;2011-04-10;Domingo;14:39:00;SP;116;109.4;TAUBATE;Falta de atenção;Colisão traseira;Com Vítimas Feridas;Pleno dia;Crescente;Ceu Claro;Dupla;Reta;Urbano;6;5
886500;2011-04-06;Quarta;11:40:00;SP;116;222.0;GUARULHOS;Outras;Colisão traseira;Sem Vítimas;Pleno dia;Decrescente;Ceu Claro;Múltipla;Reta;Urbano;2;2
886524;2011-04-09;Sábado;05:25:00;SP;116;100.0;PINDAMONHANGABA;Outras;Colisão traseira;Sem Vítimas;Amanhecer;Decrescente;Ceu Claro;Dupla;Reta;Rural;2;2
886527;2011-04-08;Sexta;21:50:00;SP;116;150.9;SAO JOSE DOS CAMPOS;Outras;Colisão traseira;Sem Vítimas;Plena noite;Crescente;Chuva;Dupla;Reta;Urbano;2;2
886637;2011-04-12;Terça;12:45:00;SP;116;131.0;CACAPAVA;Ultrapassagem indevida;Tombamento;Com Vítimas Feridas;Pleno dia;Decrescente;Ceu Claro;Dupla;Reta;Urbano;2;2
886767;2011-04-12;Terça;19:00:00;SP;116;113.0;TAUBATE;Outras;Colisão traseira;Sem Vítimas;Plena noite;Decrescente;Ceu Claro;Dupla;Reta;Urbano;2;2
886875;2011-04-12;Terça;21:45:00;SP;116;171.7;JACAREI;Outras;Saída de Pista;Com Vítimas Feridas;Plena noite;Decrescente;Chuva;Dupla;Reta;Rural;1;1