id;data_inversa;dia_semana;horario;uf;br;km;municipio;causa_acidente;tipo_acidente;classificacao_acidente;fase_dia;sentido_via;condicao_metereologica;tipo_pista;tracado_via;uso_solo;pessoas;veiculos
895189;2011-04-21;Quinta;06:50:00;SP;116;119.0;TAUBATE;Outras;Colisão traseira;Sem Vítimas;Amanhecer;Decrescente;Ceu Claro;Dupla;Reta;Urbano;3;3
895193;2011-04-21;Quinta;06:30:00;SP;116;118.0;TAUBATE;Outras;Colisão traseira;Sem Vítimas;Pleno dia;Decrescente;Sol;Dupla;Reta;Urbano;2;2
895209;2011-04-21;Quinta;03:55:00;SP;116;125.0;CACAPAVA;Ingestão de álcool;Saída de Pista;Sem Vítimas;Plena noite;Decrescente;Ceu Claro;Dupla;Curva;Urbano;1;1
895285;2011-04-20;Quarta;21:40:00;SP;116;214.9;GUARULHOS;Não guardar distância de segurança;Danos Eventuais;Com Vítimas Feridas;Plena noite;Decrescente;Ceu Claro;Múltipla;Reta;Urbano;2;2
895313;2011-04-21;Quinta;04:40:00;SP;116;142.3;SAO JOSE DOS CAMPOS;Outras;Atropelamento de pessoa;Com Vítimas Fatais;Plena noite;Crescente;Ceu Claro;Dupla;Reta;Urbano;2;1
895324;2011-04-20;Quarta;18:00:00;SP;116;122.0;CACAPAVA;Outras;Colisão traseira;Com Vítimas Feridas;Pleno dia;Decrescente;Ceu Claro;Dupla;Reta;Urbano;3;2
895348;2011-04-22;Sexta;01:30:00;SP;116;160.0;JACAREI;Falta de atenção;Colisão traseira;Sem Vítimas;Plena noite;Decrescente;Nublado;Dupla;Reta;Urbano;2;2
895368;2011-04-22;Sexta;01:50:00;SP;116;147.6;SAO JOSE DOS CAMPOS;Dormindo;Colisão traseira;Com Vítimas Feridas;Plena noite;Decrescente;Nublado;Dupla;Reta;Urbano;6;2
895381;2011-04-24;Domingo;12:45:00;SP;116;103.0;PINDAMONHANGABA;Falta de atenção;Colisão traseira;Com Vítimas Feridas;Pleno dia;Crescente;Ceu Claro;Dupla;Reta;Rural;9;5
895420;2011-04-24;Domingo;15:30:00;SP;116;159.0;JACAREI;Outras;Colisão traseira;Sem Vítimas;Pleno dia;Crescente;Sol;Dupla;Reta;Rural;2;2
895485;2011-04-21;Quinta;15:15:00;SP;116;210.0;GUARULHOS;Outras;Colisão lateral;Com Vítimas Feridas;Pleno dia;Decrescente;Sol;Dupla;Reta;Urbano;4;3
895702;2011-04-21;Quinta;06:55:00;SP;116;118.5;TAUBATE;Outras;Colisão traseira;Sem Vítimas;Amanhecer;Decrescente;Ceu Claro;Dupla;Reta;Urbano;3;3
895971;2011-04-25;Segunda;08:00:00;SP;116;140.3;SAO JOSE DOS CAMPOS;Outras;Colisão traseira;Sem Vítimas;Pleno dia;Crescente;Sol;Dupla;Reta;Rural;2;2
896077;2011-04-14;Quinta;13:00:00;SP;116;224.0;GUARULHOS;Outras;Colisão traseira;Sem Vítimas;Pleno dia;Decrescente;Ceu Claro;Múltipla;Reta;Urbano;2;2
896170;2011-04-24;Domingo;17:20:00;SP;116;209.0;GUARULHOS;Falta de atenção;Colisão lateral;Sem Vítimas;Plena noite;Crescente;Nublado;Dupla;Reta;Urbano;2;2
896205;2011-04-21;Quinta;16:30:00;SP;116;209.5;GUARULHOS;Falta de atenção;Colisão com objeto fixo;Sem Vítimas;Pleno dia;Decrescente;Sol;Múltipla;Reta;Urbano;1;1
896320;2011-04-22;Sexta;14:00:00;SP;116;222.0;GUARULHOS;Falta de atenção;Colisão traseira;Sem Vítimas;Pleno dia;Decrescente;Sol;Múltipla;Reta;Urbano;2;2
896369;2011-04-18;Segunda;07:10:00;SP;116;226.0;GUARULHOS;Outras;Colisão traseira;Sem Vítimas;Amanhecer;Crescente;Ceu Claro;Múltipla;Reta;Urbano;3;3
896375;2011-04-22;Sexta;21:40:00;SP;116;226.0;GUARULHOS;Outras;Colisão lateral;Sem Vítimas;Plena noite;Decrescente;Ceu Claro;Múltipla;Reta;Urbano;2;2
896396;2011-04-25;Segunda;17:30:00;SP;116;218.5;GUARULHOS;Outras;Colisão com objeto fixo;Sem Vítimas;Anoitecer;Crescente;Ceu Claro;Múltipla;Curva;Urbano;1;1
896492;2011-04-25;Segunda;18:20:00;SP;116;112.0;TAUBATE;Outras;Colisão com objeto fixo;Sem Vítimas;Plena noite;Crescente;Ceu Claro;Dupla;Reta;Urbano;1;1
896507;2011-04-25;Segunda;09:10:00;SP;116;226.6;GUARULHOS;Falta de atenção;Colisão traseira;Sem Vítimas;Pleno dia;Decrescente;Sol;Múltipla;Reta;Urbano;3;3
896516;2011-04-25;Segunda;18:15:00;SP;116;211.5;GUARULHOS;Outras;Colisão traseira;Com Vítimas Feridas;Plena noite;Decrescente;Ceu Claro;Múltipla;Reta;Urbano;7;4
896540;2011-04-25;Segunda;08:00:00;SP;116;226.4;GUARULHOS;Outras;Colisão traseira;Sem Vítimas;Pleno dia;Crescente;Chuva;Múltipla;Reta;Urbano;2;2
896548;2011-04-25;Segunda;18:00:00;SP;116;219.3;GUARULHOS;Não guardar distância de segurança;Colisão traseira;Sem Vítimas;Anoitecer;Decrescente;Nublado;Múltipla;Reta;Urbano;3;3
896604;2011-04-26;Terça;04:20:00;SP;116;107.0;TAUBATE;Defeito mecânico em veículo;Colisão com objeto fixo;Sem Vítimas;Plena noite;Decrescente;Nublado;Dupla;Reta;Urbano;2;2
896847;2011-04-21;Quinta;10:00:00;SP;116;164.8;JACAREI;Não guardar distância de segurança;Colisão traseira;Sem Vítimas;Pleno dia;Crescente;Ceu Claro;Dupla;Reta;Rural;2;2
896882;2011-04-26;Terça;10:15:00;SP;116;182.0;SANTA ISABEL;Defeito na via;Colisão traseira;Sem Vítimas;Pleno dia;Decrescente;Ceu Claro;Múltipla;Reta;Urbano;2;2
896973;2011-04-24;Domingo;19:40:00;SP;116;222.8;GUARULHOS;Não guardar distância de segurança;Colisão lateral;Sem Vítimas;Plena noite;Crescente;Nublado;Múltipla;Reta;Urbano;2;2
896976;2011-04-22;Sexta;17:30:00;SP;116;216.0;GUARULHOS;Outras;Danos Eventuais;Sem Vítimas;Pleno dia;Crescente;Ceu Claro;Múltipla;Reta;Urbano;1;1
896977;2011-04-20;Quarta;21:50:00;SP;116;158.0;JACAREI;Não guardar distância de segurança;Colisão traseira;Sem Vítimas;Plena noite;Decrescente;Ceu Claro;Dupla;Reta;Urbano;2;2
897145;2011-04-26;Terça;13:30:00;SP;116;165.5;JACAREI;Falta de atenção;Colisão lateral;Sem Vítimas;Pleno dia;Crescente;Ceu Claro;Múltipla;Reta;Urbano;2;2
897294;2011-04-25;Segunda;08:20:00;SP;116;220.3;GUARULHOS;Outras;Colisão traseira;Com Vítimas Feridas;Pleno dia;Crescente;Chuva;Múltipla;Reta;Urbano;2;2
897314;2011-04-26;Terça;06:50:00;SP;116;227.7;SAO PAULO;Falta de atenção;Colisão traseira;Sem Vítimas;Pleno dia;Crescente;Nublado;Múltipla;Reta;Urbano;2;2
897324;2011-04-21;Quinta;06:45:00;SP;116;147.0;SAO JOSE DOS CAMPOS;Não guardar distância de segurança;Colisão traseira;Sem Vítimas;Pleno dia;Decrescente;Ceu Claro;Dupla;Reta;Urbano;2;2
897389;2011-04-27;Quarta;08:00:00;SP;116;219.0;GUARULHOS;Outras;Colisão traseira;Com Vítimas Feridas;Amanhecer;Decrescente;Sol;Múltipla;Reta;Urbano;2;2
897407;2011-04-24;Domingo;23:35:00;SP;116;147.0;SAO JOSE DOS CAMPOS;Falta de atenção;Colisão traseira;Com Vítimas Feridas;Plena noite;Crescente;Ceu Claro;Dupla;Reta;Urbano;2;2
897412;2011-04-27;Quarta;13:10:00;SP;116;215.2;GUARULHOS;Defeito mecânico em veículo;Colisão traseira;Sem Vítimas;Pleno dia;Decrescente;Nublado;Múltipla;Reta;Urbano;2;2
897509;2011-04-27;Quarta;17:50:00;SP;116;126.4;CACAPAVA;Outras;Colisão com objeto fixo;Sem Vítimas;Plena noite;Decrescente;Chuva;Dupla;Reta;Urbano;1;1
897532;2011-04-27;Quarta;17:50:00;SP;116;149.5;SAO JOSE DOS CAMPOS;Não guardar distância de segurança;Colisão traseira;Sem Vítimas;Plena noite;Decrescente;Chuva;Dupla;Reta;Urbano;3;3
897533;2011-04-26;Terça;07:40:00;SP;116;145.3;SAO JOSE DOS CAMPOS;Outras;Colisão lateral;Sem Vítimas;Pleno dia;Crescente;Nublado;Dupla;Reta;Urbano;2;2
897549;2011-04-21;Quinta;14:30:00;SP;116;165.0;JACAREI;Falta de atenção;Colisão lateral;Sem Vítimas;Pleno dia;Decrescente;Ceu Claro;Dupla;Reta;Urbano;2;2
897566;2011-04-20;Quarta;16:40:00;SP;116;182.0;SANTA ISABEL;Outras;Colisão traseira;Sem Vítimas;Pleno dia;Crescente;Ceu Claro;Dupla;Reta;Urbano;2;2
897635;2011-04-27;Quarta;06:30:00;SP;116;227.0;GUARULHOS;Não guardar distância de segurança;Colisão lateral;Com Vítimas Feridas;Amanhecer;Decrescente;Nublado;Simples;Curva;Urbano;2;2
897651;2011-04-27;Quarta;10:00:00;SP;116;228.0;SAO PAULO;Outras;Colisão traseira;Sem Vítimas;Pleno dia;Decrescente;Nublado;Múltipla;Reta;Urbano;2;2
897690;2011-04-21;Quinta;13:30:00;SP;116;145.0;SAO JOSE DOS CAMPOS;Não guardar distância de segurança;Colisão traseira;Sem Vítimas;Pleno dia;Decrescente;Sol;Dupla;Reta;Urbano;2;2
897696;2011-04-24;Domingo;12:00:00;SP;116;166.0;JACAREI;Outras;Queda de motocicleta / bicicleta / veículo;Com Vítimas Feridas;Pleno dia;Decrescente;Sol;Dupla;Curva;Urbano;2;1
897716;2011-04-27;Quarta;18:20:00;SP;116;147.8;SAO JOSE DOS CAMPOS;Não guardar distância de segurança;Colisão traseira;Sem Vítimas;Anoitecer;Decrescente;Chuva;Múltipla;Reta;Urbano;3;3
897941;2011-04-24;Domingo;21:20:00;SP;116;104.0;TAUBATE;Outras;Colisão traseira;Sem Vítimas;Plena noite;Crescente;Nublado;Dupla;Reta;Urbano;2;2
898110;2011-04-24;Domingo;19:51:00;SP;116;99.0;PINDAMONHANGABA;Outras;Colisão traseira;Sem Vítimas;Plena noite;Crescente;Ceu Claro;Dupla;Reta;Rural;2;2
898143;2011-04-28;Quinta;18:10:00;SP;116;148.0;SAO JOSE DOS CAMPOS;Falta de atenção;Colisão traseira;Sem Vítimas;Anoitecer;Decrescente;Chuva;Dupla;Reta;Rural;2;2
898156;2011-04-28;Quinta;19:00:00;SP;116;148.0;SAO JOSE DOS CAMPOS;Falta de atenção;Colisão traseira;Sem Vítimas;Plena noite;Decrescente;Chuva;Dupla;Reta;Rural;2;2
898182;2011-04-28;Quinta;11:00:00;SP;116;112.0;TAUBATE;Outras;Colisão lateral;Com Vítimas Feridas;Pleno dia;Crescente;Sol;Dupla;Reta;Urbano;2;2
898224;2011-04-28;Quinta;12:00:00;SP;116;211.0;GUARULHOS;Falta de atenção;Colisão traseira;Sem Vítimas;Plena noite;Decrescente;Ceu Claro;Dupla;Reta;Urbano;2;2
898235;2011-04-21;Quinta;06:00:00;SP;116;219.0;GUARULHOS;Falta de atenção;Capotamento;Sem Vítimas;Amanhecer;Decrescente;Ceu Claro;Múltipla;Reta;Urbano;1;1
898264;2011-04-28;Quinta;21:15:00;SP;116;184.0;SANTA ISABEL;Falta de atenção;Colisão traseira;Com Vítimas Feridas;Plena noite;Crescente;Ceu Claro;Dupla;Reta;Rural;4;2
898299;2011-04-24;Domingo;19:50:00;SP;116;99.0;PINDAMONHANGABA;Outras;Colisão traseira;Sem Vítimas;Plena noite;Crescente;Ceu Claro;Dupla;Reta;Rural;4;4
898306;2011-04-28;Quinta;19:34:00;SP;116;148.0;SAO JOSE DOS CAMPOS;Não guardar distância de segurança;Colisão traseira;Sem Vítimas;Plena noite;Decrescente;Nublado;Dupla;Reta;Urbano;3;3
898323;2011-04-21;Quinta;14:40:00;SP;116;178.0;GUARAREMA;Outras;Colisão com objeto fixo;Sem Vítimas;Pleno dia;Decrescente;Sol;Dupla;Reta;Rural;1;1
898511;2011-04-27;Quarta;09:20:00;SP;116;227.0;GUARULHOS;Outras;Colisão traseira;Com Vítimas Feridas;Pleno dia;Decrescente;Nublado;Múltipla;Reta;Urbano;4;3
898574;2011-04-29;Sexta;14:30:00;SP;116;226.8;GUARULHOS;Falta de atenção;Colisão traseira;Sem Vítimas;Pleno dia;Decrescente;Sol;Múltipla;Reta;Urbano;2;2
898610;2011-04-29;Sexta;08:40:00;SP;116;227.0;SAO PAULO;Não guardar distância de segurança;Colisão lateral;Com Vítimas Feridas;Pleno dia;Crescente;Sol;Múltipla;Reta;Urbano;3;2
898633;2011-04-29;Sexta;08:00:00;SP;116;143.7;SAO JOSE DOS CAMPOS;Não guardar distância de segurança;Colisão traseira;Com Vítimas Feridas;Pleno dia;Crescente;Nublado;Dupla;Reta;Urbano;2;2
898700;2011-04-26;Terça;06:10:00;SP;116;227.7;SAO PAULO;Falta de atenção;Colisão lateral;Sem Vítimas;Pleno dia;Crescente;Ceu Claro;Múltipla;Reta;Urbano;2;2
898760;2011-04-27;Quarta;15:00:00;SP;116;166.0;JACAREI;Falta de atenção;Colisão traseira;Sem Vítimas;Pleno dia;Decrescente;Ceu Claro;Simples;Reta;Rural;2;2
898779;2011-04-27;Quarta;20:30:00;SP;116;157.0;SAO JOSE DOS CAMPOS;Não guardar distância de segurança;Colisão traseira;Sem Vítimas;Plena noite;Decrescente;Nublado;Dupla;Reta;Rural;3;3
898796;2011-04-29;Sexta;09:10:00;SP;116;215.2;GUARULHOS;Falta de atenção;Colisão traseira;Sem Vítimas;Pleno dia;Crescente;Ceu Claro;Múltipla;Reta;Urbano;2;2
898798;2011-04-29;Sexta;23:25:00;SP;116;211.0;GUARULHOS;Outras;Colisão lateral;Sem Vítimas;Plena noite;Decrescente;Ceu Claro;Múltipla;Reta;Urbano;2;2
898811;2011-04-29;Sexta;23:30:00;SP;116;228.0;SAO PAULO;Outras;Colisão traseira;Sem Vítimas;Plena noite;Decrescente;Ceu Claro;Múltipla;Reta;Urbano;2;2
898818;2011-04-29;Sexta;21:10:00;SP;116;229.0;SAO PAULO;Falta de atenção;Colisão traseira;Com Vítimas Feridas;Plena noite;Crescente;Nublado;Múltipla;Reta;Urbano;4;4
898819;2011-04-29;Sexta;21:55:00;SP;116;141.3;SAO JOSE DOS CAMPOS;Outras;Saída de Pista;Sem Vítimas;Plena noite;Decrescente;Ceu Claro;Dupla;Reta;Urbano;1;1
898822;2011-04-29;Sexta;20:50:00;SP;116;226.9;GUARULHOS;Falta de atenção;Colisão frontal;Sem Vítimas;Plena noite;Crescente;Nublado;Múltipla;Reta;Urbano;2;2
898832;2011-04-29;Sexta;23:38:00;SP;116;116.9;TAUBATE;Outras;Tombamento;Com Vítimas Feridas;Plena noite;Decrescente;Nublado;Dupla;Reta;Urbano;1;1
898954;2011-04-26;Terça;19:35:00;SP;116;229.0;SAO PAULO;Falta de atenção;Colisão lateral;Sem Vítimas;Plena noite;Decrescente;Nublado;Múltipla;Reta;Urbano;2;2
899170;2011-04-26;Terça;20:30:00;SP;116;140.9;SAO JOSE DOS CAMPOS;Outras;Colisão lateral;Com Vítimas Feridas;Pleno dia;Decrescente;Ceu Claro;Dupla;Reta;Urbano;2;2
899176;2011-04-26;Terça;22:00:00;SP;116;217.0;GUARULHOS;Outras;Colisão lateral;Sem Vítimas;Plena noite;Decrescente;Ceu Claro;Múltipla;Reta;Urbano;2;2
899185;2011-04-30;Sábado;09:00:00;SP;116;211.0;GUARULHOS;Falta de atenção;Colisão lateral;Sem Vítimas;Pleno dia;Crescente;Ceu Claro;Múltipla;Reta;Urbano;3;3
899187;2011-04-29;Sexta;17:00:00;SP;116;211.4;GUARULHOS;Falta de atenção;Colisão lateral;Sem Vítimas;Pleno dia;Decrescente;Nublado;Múltipla;Reta;Urbano;2;2
899193;2011-04-29;Sexta;21:00:00;SP;116;205.2;GUARULHOS;Falta de atenção;Colisão lateral;Sem Vítimas;Plena noite;Crescente;Nevoeiro/neblina;Dupla;Reta;Rural;2;2
899203;2011-04-26;Terça;08:00:00;SP;116;182.0;SANTA ISABEL;Não guardar distância de segurança;Colisão traseira;Sem Vítimas;Pleno dia;Decrescente;Ceu Claro;Múltipla;Reta;Rural;2;2
899237;2011-04-27;Quarta;08:30:00;SP;116;224.0;GUARULHOS;Outras;Colisão traseira;Sem Vítimas;Pleno dia;Decrescente;Nublado;Múltipla;Reta;Urbano;2;2
899323;2011-05-01;Domingo;03:45:00;SP;116;101.0;PINDAMONHANGABA;Outras;Atropelamento de pessoa;Com Vítimas Feridas;Plena noite;Decrescente;Ceu Claro;Dupla;Reta;Rural;2;1
899328;2011-05-01;Domingo;01:50:00;SP;116;147.5;SAO JOSE DOS CAMPOS;Ingestão de álcool;Capotamento;Com Vítimas Feridas;Plena noite;Decrescente;Ceu Claro;Dupla;Reta;Urbano;2;1
899368;2011-05-01;Domingo;08:40:00;SP;116;211.0;GUARULHOS;Outras;Colisão lateral;Sem Vítimas;Pleno dia;Crescente;Ceu Claro;Múltipla;Reta;Urbano;2;2
899424;2011-04-30;Sábado;04:50:00;SP;116;141.0;SAO JOSE DOS CAMPOS;Outras;Colisão traseira;Sem Vítimas;Amanhecer;Crescente;Ceu Claro;Dupla;Reta;Urbano;2;2
899512;2011-05-01;Domingo;16:45:00;SP;116;164.0;JACAREI;Outras;Colisão traseira;Sem Vítimas;Pleno dia;Decrescente;Chuva;Dupla;Reta;Urbano;3;3
899527;2011-05-01;Domingo;16:55:00;SP;116;117.9;TAUBATE;Outras;Colisão traseira;Sem Vítimas;Anoitecer;Decrescente;Chuva;Dupla;Reta;Rural;2;2
899530;2011-05-01;Domingo;17:10:00;SP;116;158.5;JACAREI;Outras;Colisão lateral;Sem Vítimas;Pleno dia;Crescente;Chuva;Dupla;Reta;Urbano;2;2
899577;2011-05-01;Domingo;15:30:00;SP;116;177.7;GUARAREMA;Outras;Tombamento;Sem Vítimas;Pleno dia;Crescente;Chuva;Dupla;Curva;Urbano;1;1
899633;2011-05-01;Domingo;18:50:00;SP;116;107.5;TAUBATE;Outras;Colisão traseira;Sem Vítimas;Plena noite;Decrescente;Chuva;Dupla;Reta;Urbano;2;2
899753;2011-05-01;Domingo;04:30:00;SP;116;189.0;SANTA ISABEL;Outras;Saída de Pista;Com Vítimas Feridas;Plena noite;Decrescente;Ceu Claro;Dupla;Reta;Urbano;1;1
899870;2011-04-29;Sexta;06:50:00;SP;116;203.0;ARUJA;Falta de atenção;Colisão lateral;Sem Vítimas;Pleno dia;Crescente;Nublado;Múltipla;Reta;Urbano;2;2
900021;2011-05-02;Segunda;18:00:00;SP;116;146.7;SAO JOSE DOS CAMPOS;Outras;Colisão lateral;Com Vítimas Feridas;Plena noite;Crescente;Ceu Claro;Dupla;Reta;Urbano;2;2
900032;2011-05-01;Domingo;04:00:00;SP;116;130.8;CACAPAVA;Outras;Capotamento;Com Vítimas Feridas;Plena noite;Decrescente;Ceu Claro;Dupla;Reta;Rural;2;1
900046;2011-04-28;Quinta;17:30:00;SP;116;107.0;TAUBATE;Outras;Colisão traseira;Sem Vítimas;Anoitecer;Decrescente;Nublado;Dupla;Reta;Urbano;2;2
900055;2011-04-28;Quinta;21:20:00;SP;116;126.0;CACAPAVA;Animais na Pista;Atropelamento de animal;Sem Vítimas;Plena noite;Decrescente;Nublado;Dupla;Reta;Urbano;1;1
900147;2011-05-02;Segunda;13:20:00;SP;116;229.9;GUARULHOS;Defeito mecânico em veículo;Incêndio;Com Vítimas Fatais;Pleno dia;Crescente;Nublado;Múltipla;Reta;Urbano;3;2
900156;2011-05-02;Segunda;07:30:00;SP;116;219.0;GUARULHOS;Falta de atenção;Colisão traseira;Com Vítimas Feridas;Pleno dia;Decrescente;Ceu Claro;Múltipla;Reta;Urbano;2;2
900171;2011-05-02;Segunda;18:20:00;SP;116;224.5;GUARULHOS;Falta de atenção;Colisão traseira;Com Vítimas Feridas;Anoitecer;Decrescente;Nublado;Múltipla;Reta;Urbano;2;2
900172;2011-05-02;Segunda;18:05:00;SP;116;222.0;GUARULHOS;Não guardar distância de segurança;Colisão lateral;Sem Vítimas;Anoitecer;Decrescente;Nublado;Múltipla;Curva;Urbano;2;2
900200;2011-05-01;Domingo;20:45:00;SP;116;211.0;GUARULHOS;Outras;Atropelamento de pessoa;Com Vítimas Fatais;Plena noite;Crescente;Nublado;Múltipla;Reta;Urbano;3;2
900218;2011-05-03;Terça;00:29:00;SP;116;192.0;ARUJA;Outras;Colisão com objeto fixo;Sem Vítimas;Plena noite;Crescente;Vento;Dupla;Reta;Rural;4;4
900221;2011-05-02;Segunda;18:40:00;SP;116;224.0;GUARULHOS;Não guardar distância de segurança;Colisão traseira;Sem Vítimas;Plena noite;Decrescente;Ceu Claro;Múltipla;Reta;Urbano;3;3
900274;2011-05-02;Segunda;21:00:00;SP;116;145.8;SAO JOSE DOS CAMPOS;Outras;Colisão traseira;Com Vítimas Feridas;Plena noite;Crescente;Nublado;Dupla;Reta;Urbano;4;2
900283;2011-05-02;Segunda;08:10:00;SP;116;146.0;SAO JOSE DOS CAMPOS;Outras;Colisão traseira;Sem Vítimas;Pleno dia;Crescente;Nublado;Dupla;Reta;Urbano;2;2
900289;2011-04-29;Sexta;23:20:00;SP;116;109.9;TAUBATE;Outras;Colisão traseira;Sem Vítimas;Plena noite;Decrescente;Nublado;Dupla;Reta;Urbano;2;2
900290;2011-04-30;Sábado;05:55:00;SP;116;126.2;CACAPAVA;Outras;Colisão traseira;Sem Vítimas;Amanhecer;Crescente;Nublado;Dupla;Reta;Urbano;4;4
900305;2011-05-02;Segunda;12:45:00;SP;116;221.8;GUARULHOS;Desobediência à sinalização;Colisão lateral;Com Vítimas Feridas;Pleno dia;Decrescente;Nublado;Múltipla;Reta;Urbano;2;2
900331;2011-05-02;Segunda;15:12:00;SP;116;165.0;JACAREI;Não guardar distância de segurança;Colisão traseira;Sem Vítimas;Pleno dia;Crescente;Nublado;Múltipla;Reta;Urbano;2;2
900346;2011-04-29;Sexta;16:10:00;SP;116;168.0;JACAREI;Outras;Colisão lateral;Sem Vítimas;Pleno dia;Crescente;Nublado;Dupla;Reta;Rural;2;2
900365;2011-04-30;Sábado;04:50:00;SP;116;127.7;CACAPAVA;Outras;Atropelamento de pessoa;Com Vítimas Fatais;Plena noite;Crescente;Ceu Claro;Dupla;Curva;Urbano;5;3
900409;2011-05-02;Segunda;12:00:00;SP;116;198.1;JACAREI;Falta de atenção;Capotamento;Com Vítimas Feridas;Pleno dia;Crescente;Nublado;Dupla;Reta;Rural;1;1
900418;2011-04-23;Sábado;18:15:00;SP;116;217.0;GUARULHOS;Outras;Colisão traseira;Com Vítimas Feridas;Plena noite;Decrescente;Nublado;Múltipla;Reta;Urbano;3;2
900497;2011-05-02;Segunda;06:15:00;SP;116;205.0;GUARULHOS;Outras;Colisão com objeto móvel;Sem Vítimas;Amanhecer;Decrescente;Nublado;Dupla;Reta;Urbano;3;3
900508;2011-05-01;Domingo;15:00:00;SP;116;198.0;ARUJA;Outras;Colisão lateral;Com Vítimas Feridas;Pleno dia;Decrescente;Chuva;Dupla;Reta;Rural;3;2
900528;2011-04-19;Terça;18:20:00;SP;116;217.0;GUARULHOS;Outras;Colisão lateral;Sem Vítimas;Plena noite;Decrescente;Nublado;Múltipla;Reta;Urbano;3;3
900581;2011-05-03;Terça;13:50:00;SP;116;121.5;CACAPAVA;Outras;Colisão traseira;Com Vítimas Feridas;Pleno dia;Decrescente;Sol;Dupla;Reta;Rural;2;2
900650;2011-05-03;Terça;14:30:00;SP;116;120.8;CACAPAVA;Outras;Colisão lateral;Sem Vítimas;Pleno dia;Crescente;Sol;Dupla;Reta;Rural;2;2
900744;2011-05-03;Terça;08:25:00;SP;116;228.0;SAO PAULO;Outras;Queda de motocicleta / bicicleta / veículo;Com Vítimas Feridas;Pleno dia;Crescente;Sol;Múltipla;Reta;Urbano;1;1
900768;2011-05-03;Terça;18:50:00;SP;116;228.0;SAO PAULO;Outras;Queda de motocicleta / bicicleta / veículo;Com Vítimas Feridas;Anoitecer;Decrescente;Nublado;Múltipla;Reta;Urbano;1;1
900798;2011-05-03;Terça;15:00:00;SP;116;222.0;GUARULHOS;Não guardar distância de segurança;Colisão lateral;Sem Vítimas;Pleno dia;Decrescente;Sol;Múltipla;Reta;Urbano;2;2
901028;2011-05-03;Terça;19:50:00;SP;116;178.8;GUARAREMA;Outras;Atropelamento de pessoa;Com Vítimas Fatais;Plena noite;Crescente;Ceu Claro;Dupla;Reta;Rural;2;1
901064;2011-04-23;Sábado;08:10:00;SP;116;211.5;GUARULHOS;Outras;Colisão com objeto fixo;Com Vítimas Feridas;Pleno dia;Crescente;Ceu Claro;Múltipla;Reta;Urbano;2;1
901110;2011-05-04;Quarta;08:20:00;SP;116;108.7;TAUBATE;Falta de atenção;Colisão traseira;Sem Vítimas;Pleno dia;Decrescente;Ceu Claro;Dupla;Reta;Urbano;2;2
901177;2011-05-04;Quarta;15:15:00;SP;116;210.0;GUARULHOS;Falta de atenção;Colisão lateral;Sem Vítimas;Pleno dia;Crescente;Ceu Claro;Múltipla;Reta;Urbano;2;2
901212;2011-05-04;Quarta;13:22:00;SP;116;102.3;PINDAMONHANGABA;Falta de atenção;Tombamento;Com Vítimas Feridas;Pleno dia;Decrescente;Ceu Claro;Dupla;Reta;Rural;2;1
901259;2011-05-01;Domingo;05:50:00;SP;116;117.5;TAUBATE;Outras;Capotamento;Sem Vítimas;Amanhecer;Decrescente;Ceu Claro;Simples;Curva;Urbano;1;1
901270;2011-05-01;Domingo;06:20:00;SP;116;141.1;SAO JOSE DOS CAMPOS;Outras;Capotamento;Ignorado;Amanhecer;Crescente;Ceu Claro;Dupla;Reta;Urbano;1;1
901315;2011-05-04;Quarta;20:30:00;SP;116;168.0;JACAREI;Defeito mecânico em veículo;Colisão com objeto fixo;Sem Vítimas;Plena noite;Crescente;Ceu Claro;Dupla;Reta;Urbano;1;1
901462;2011-05-05;Quinta;07:10:00;SP;116;161.5;JACAREI;Falta de atenção;Colisão lateral;Sem Vítimas;Pleno dia;Decrescente;Nublado;Dupla;Reta;Urbano;2;2
901498;2011-02-26;Sábado;15:00:00;SP;116;176.8;GUARAREMA;Outras;Colisão com objeto fixo;Com Vítimas Feridas;Pleno dia;Crescente;Sol;Dupla;Reta;Rural;2;2
901535;2011-05-04;Quarta;06:40:00;SP;116;108.8;TAUBATE;Outras;Tombamento;Com Vítimas Fatais;Pleno dia;Crescente;Ceu Claro;Dupla;Reta;Urbano;2;2
901610;2011-05-02;Segunda;02:05:00;SP;116;223.0;GUARULHOS;Outras;Colisão com objeto fixo;Com Vítimas Feridas;Plena noite;Decrescente;Ceu Claro;Múltipla;Reta;Urbano;5;4