id;data_inversa;dia_semana;horario;uf;br;km;municipio;causa_acidente;tipo_acidente;classificacao_acidente;fase_dia;sentido_via;condicao_metereologica;tipo_pista;tracado_via;uso_solo;pessoas;veiculos
901618;2011-05-01;Domingo;10:20:00;SP;116;224.0;GUARULHOS;Outras;Colisão com objeto fixo;Com Vítimas Feridas;Pleno dia;Decrescente;Sol;Múltipla;Reta;Urbano;1;1
901642;2011-05-05;Quinta;08:15:00;SP;116;221.0;GUARULHOS;Falta de atenção;Colisão lateral;Sem Vítimas;Amanhecer;Crescente;Sol;Múltipla;Reta;Urbano;2;2
901644;2011-05-05;Quinta;10:45:00;SP;116;155.0;SAO JOSE DOS CAMPOS;Outras;Colisão traseira;Sem Vítimas;Pleno dia;Decrescente;Ceu Claro;Dupla;Reta;Urbano;2;2
901652;2011-05-04;Quarta;05:15:00;SP;116;204.0;ARUJA;Outras;Colisão traseira;Com Vítimas Feridas;Plena noite;Crescente;Nublado;Múltipla;Reta;Rural;4;2
901683;2011-05-01;Domingo;20:45:00;SP;116;227.0;SAO PAULO;Outras;Colisão traseira;Sem Vítimas;Plena noite;Decrescente;Nublado;Múltipla;Reta;Urbano;2;2
901710;2011-04-20;Quarta;10:00:00;SP;116;146.0;SAO JOSE DOS CAMPOS;Outras;Colisão traseira;Sem Vítimas;Pleno dia;Crescente;Sol;Dupla;Reta;Urbano;2;2
901754;2011-05-04;Quarta;22:30:00;SP;116;226.0;GUARULHOS;Falta de atenção;Colisão com objeto fixo;Sem Vítimas;Plena noite;Crescente;Ceu Claro;Dupla;Reta;Urbano;2;2
901779;2011-05-05;Quinta;20:30:00;SP;116;165.0;JACAREI;Falta de atenção;Colisão lateral;Sem Vítimas;Plena noite;Decrescente;Ceu Claro;Dupla;Reta;Urbano;2;2
901781;2011-05-05;Quinta;18:45:00;SP;116;144.8;SAO JOSE DOS CAMPOS;Não guardar distância de segurança;Queda de motocicleta / bicicleta / veículo;Com Vítimas Feridas;Plena noite;Crescente;Ceu Claro;Múltipla;Reta;Urbano;1;1
901811;2011-05-04;Quarta;11:45:00;SP;116;219.0;GUARULHOS;Falta de atenção;Colisão traseira;Com Vítimas Feridas;Pleno dia;Crescente;Ceu Claro;Múltipla;Reta;Urbano;2;2
901892;2011-05-01;Domingo;05:25:00;SP;116;218.0;GUARULHOS;Outras;Colisão lateral;Sem Vítimas;Amanhecer;Decrescente;Ceu Claro;Múltipla;Reta;Urbano;2;2
901903;2011-05-02;Segunda;21:20:00;SP;116;124.8;CACAPAVA;Outras;Colisão com objeto fixo;Sem Vítimas;Plena noite;Decrescente;Nublado;Dupla;Reta;Urbano;1;1
901906;2011-05-03;Terça;14:40:00;SP;116;179.0;GUARAREMA;Outras;Derramamento de Carga;Sem Vítimas;Pleno dia;Crescente;Ceu Claro;Simples;Curva;Rural;1;1
901917;2011-05-03;Terça;15:50:00;SP;116;144.9;SAO JOSE DOS CAMPOS;Ingestão de álcool;Colisão traseira;Sem Vítimas;Pleno dia;Crescente;Sol;Dupla;Reta;Urbano;2;2
901999;2011-05-04;Quarta;06:05:00;SP;116;219.0;GUARULHOS;Outras;Colisão traseira;Sem Vítimas;Amanhecer;Crescente;Nublado;Múltipla;Reta;Urbano;3;3
902025;2011-05-03;Terça;15:50:00;SP;116;224.4;GUARULHOS;Outras;Colisão traseira;Sem Vítimas;Pleno dia;Decrescente;Nublado;Múltipla;Reta;Urbano;2;2
902052;2011-05-06;Sexta;12:40:00;SP;116;219.0;GUARULHOS;Falta de atenção;Colisão traseira;Sem Vítimas;Pleno dia;Decrescente;Ceu Claro;Múltipla;Reta;Urbano;4;4
902067;2011-05-06;Sexta;08:10:00;SP;116;219.0;GUARULHOS;Não guardar distância de segurança;Colisão lateral;Com Vítimas Feridas;Pleno dia;Decrescente;Ceu Claro;Múltipla;Reta;Urbano;2;2
902087;2011-05-06;Sexta;13:00:00;SP;116;158.5;JACAREI;Outras;Colisão traseira;Sem Vítimas;Pleno dia;Crescente;Ceu Claro;Dupla;Reta;Rural;2;2
902102;2011-05-06;Sexta;16:00:00;SP;116;221.5;GUARULHOS;Não guardar distância de segurança;Colisão traseira;Sem Vítimas;Pleno dia;Decrescente;Ceu Claro;Múltipla;Reta;Urbano;2;2
902143;2011-05-06;Sexta;18:50:00;SP;116;115.8;TAUBATE;Não guardar distância de segurança;Colisão traseira;Sem Vítimas;Plena noite;Decrescente;Ceu Claro;Dupla;Reta;Urbano;3;3
902170;2011-05-06;Sexta;18:30:00;SP;116;158.0;JACAREI;Outras;Colisão traseira;Sem Vítimas;Anoitecer;Crescente;Ignorada;Dupla;Reta;Rural;2;2
902180;2011-05-06;Sexta;12:40:00;SP;116;206.0;ARUJA;Falta de atenção;Colisão lateral;Sem Vítimas;Pleno dia;Crescente;Ceu Claro;Dupla;Reta;Urbano;2;2
902188;2011-05-06;Sexta;20:00:00;SP;116;146.0;SAO JOSE DOS CAMPOS;Outras;Colisão lateral;Sem Vítimas;Plena noite;Crescente;Ceu Claro;Dupla;Reta;Urbano;2;2
902193;2011-05-06;Sexta;19:15:00;SP;116;121.0;CACAPAVA;Não guardar distância de segurança;Colisão traseira;Sem Vítimas;Plena noite;Decrescente;Ceu Claro;Dupla;Reta;Urbano;2;2
902194;2011-05-06;Sexta;19:45:00;SP;116;148.0;SAO JOSE DOS CAMPOS;Ingestão de álcool;Colisão traseira;Sem Vítimas;Plena noite;Decrescente;Ceu Claro;Dupla;Reta;Urbano;4;4
902242;2011-05-03;Terça;06:40:00;SP;116;219.0;GUARULHOS;Falta de atenção;Incêndio;Com Vítimas Feridas;Pleno dia;Crescente;Ceu Claro;Múltipla;Reta;Urbano;2;2
902251;2011-05-02;Segunda;13:40:00;SP;116;226.5;GUARULHOS;Falta de atenção;Colisão traseira;Com Vítimas Fatais;Pleno dia;Crescente;Ceu Claro;Múltipla;Reta;Urbano;2;2
902273;2011-05-07;Sábado;01:00:00;SP;116;149.0;SAO JOSE DOS CAMPOS;Falta de atenção;Colisão lateral;Sem Vítimas;Plena noite;Crescente;Ceu Claro;Dupla;Reta;Urbano;2;2
902372;2011-05-07;Sábado;05:00:00;SP;116;125.3;CACAPAVA;Outras;Colisão traseira;Com Vítimas Feridas;Plena noite;Decrescente;Ceu Claro;Dupla;Reta;Urbano;2;2
902387;2011-05-06;Sexta;23:00:00;SP;116;143.6;SAO JOSE DOS CAMPOS;Outras;Saída de Pista;Com Vítimas Feridas;Plena noite;Decrescente;Ceu Claro;Dupla;Reta;Urbano;3;2
902405;2011-05-07;Sábado;04:25:00;SP;116;159.0;JACAREI;Dormindo;Capotamento;Sem Vítimas;Plena noite;Decrescente;Ceu Claro;Dupla;Reta;Urbano;1;1
902413;2011-05-03;Terça;23:30:00;SP;116;100.8;PINDAMONHANGABA;Outras;Saída de Pista;Sem Vítimas;Plena noite;Crescente;Nublado;Dupla;Reta;Rural;1;1
902428;2011-05-04;Quarta;06:20:00;SP;116;100.2;PINDAMONHANGABA;Outras;Colisão com objeto fixo;Sem Vítimas;Amanhecer;Crescente;Ceu Claro;Dupla;Reta;Rural;1;1
902459;2011-05-05;Quinta;10:50:00;SP;116;164.0;JACAREI;Defeito mecânico em veículo;Colisão traseira;Sem Vítimas;Pleno dia;Decrescente;Ceu Claro;Dupla;Reta;Rural;2;2
902623;2011-05-07;Sábado;14:30:00;SP;116;215.6;GUARULHOS;Outras;Colisão traseira;Sem Vítimas;Pleno dia;Decrescente;Sol;Múltipla;Reta;Urbano;3;3
902631;2011-05-05;Quinta;05:40:00;SP;116;225.0;GUARULHOS;Falta de atenção;Colisão traseira;Sem Vítimas;Amanhecer;Crescente;Ceu Claro;Múltipla;Reta;Urbano;4;4
902690;2011-05-07;Sábado;17:30:00;SP;116;211.0;GUARULHOS;Outras;Colisão lateral;Sem Vítimas;Pleno dia;Decrescente;Ceu Claro;Múltipla;Reta;Urbano;2;2
902755;2011-05-04;Quarta;18:30:00;SP;116;216.8;GUARULHOS;Falta de atenção;Colisão lateral;Com Vítimas Feridas;Anoitecer;Crescente;Nublado;Múltipla;Reta;Urbano;2;2
902821;2011-05-02;Segunda;21:19:00;SP;116;124.8;CACAPAVA;Outras;Colisão com objeto fixo;Sem Vítimas;Plena noite;Decrescente;Ceu Claro;Dupla;Reta;Urbano;1;1
902825;2011-05-07;Sábado;20:40:00;SP;116;206.7;GUARULHOS;Animais na Pista;Colisão com objeto fixo;Sem Vítimas;Plena noite;Crescente;Ceu Claro;Múltipla;Reta;Urbano;2;2
902863;2011-05-07;Sábado;19:30:00;SP;116;137.3;SAO JOSE DOS CAMPOS;Ingestão de álcool;Colisão com objeto fixo;Com Vítimas Feridas;Plena noite;Decrescente;Ceu Claro;Dupla;Reta;Rural;2;1
902946;2011-05-08;Domingo;00:30:00;SP;116;210.0;GUARULHOS;Falta de atenção;Colisão traseira;Sem Vítimas;Plena noite;Crescente;Ceu Claro;Múltipla;Reta;Rural;2;2
902950;2011-05-03;Terça;14:45:00;SP;116;149.0;SAO JOSE DOS CAMPOS;Não guardar distância de segurança;Colisão traseira;Sem Vítimas;Pleno dia;Decrescente;Sol;Dupla;Reta;Urbano;4;4
902965;2011-04-29;Sexta;15:30:00;SP;116;186.0;SANTA ISABEL;Outras;Colisão traseira;Sem Vítimas;Pleno dia;Crescente;Chuva;Dupla;Reta;Rural;2;2
903014;2011-05-07;Sábado;03:23:00;SP;116;197.0;ARUJA;Velocidade incompatível;Colisão traseira;Com Vítimas Fatais;Plena noite;Decrescente;Nevoeiro/neblina;Dupla;Curva;Rural;3;3
903024;2011-05-06;Sexta;14:23:00;SP;116;222.0;GUARULHOS;Falta de atenção;Colisão lateral;Sem Vítimas;Pleno dia;Decrescente;Ceu Claro;Múltipla;Reta;Urbano;2;2
903041;2011-05-05;Quinta;05:35:00;SP;116;225.0;GUARULHOS;Falta de atenção;Colisão traseira;Sem Vítimas;Amanhecer;Crescente;Ceu Claro;Múltipla;Reta;Urbano;2;2
903065;2011-05-07;Sábado;00:50:00;SP;116;217.0;GUARULHOS;Falta de atenção;Capotamento;Sem Vítimas;Plena noite;Crescente;Nublado;Múltipla;Reta;Urbano;1;1
903123;2011-05-08;Domingo;12:45:00;SP;116;146.7;SAO JOSE DOS CAMPOS;Não guardar distância de segurança;Colisão traseira;Sem Vítimas;Pleno dia;Crescente;Ceu Claro;Dupla;Reta;Urbano;2;2
903148;2011-05-04;Quarta;22:00:00;SP;116;197.0;ARUJA;Falta de atenção;Colisão traseira;Sem Vítimas;Anoitecer;Crescente;Ceu Claro;Múltipla;Reta;Urbano;2;2
903151;2011-05-08;Domingo;12:10:00;SP;116;145.5;SAO JOSE DOS CAMPOS;Não guardar distância de segurança;Colisão traseira;Sem Vítimas;Pleno dia;Crescente;Ceu Claro;Dupla;Reta;Urbano;3;3
903189;2011-05-05;Quinta;20:00:00;SP;116;219.0;GUARULHOS;Falta de atenção;Colisão traseira;Sem Vítimas;Plena noite;Crescente;Nublado;Múltipla;Reta;Urbano;2;2
903232;2011-05-06;Sexta;08:10:00;SP;116;141.4;SAO JOSE DOS CAMPOS;Outras;Colisão lateral;Sem Vítimas;Pleno dia;Crescente;Sol;Dupla;Reta;Urbano;2;2
903251;2011-05-08;Domingo;18:30:00;SP;116;111.5;TAUBATE;Outras;Colisão traseira;Sem Vítimas;Plena noite;Decrescente;Ceu Claro;Dupla;Reta;Urbano;2;2
903267;2011-05-08;Domingo;18:31:00;SP;116;111.5;TAUBATE;Outras;Colisão traseira;Sem Vítimas;Plena noite;Decrescente;Ceu Claro;Dupla;Reta;Urbano;2;2
903270;2011-05-07;Sábado;04:30:00;SP;116;139.8;SAO JOSE DOS CAMPOS;Outras;Colisão traseira;Com Vítimas Feridas;Plena noite;Crescente;Ceu Claro;Dupla;Reta;Urbano;2;2
903297;2011-05-07;Sábado;04:45:00;SP;116;136.0;SAO JOSE DOS CAMPOS;Velocidade incompatível;Colisão lateral;Sem Vítimas;Plena noite;Decrescente;Ceu Claro;Dupla;Reta;Urbano;2;2
903311;2011-05-08;Domingo;12:10:00;SP;116;145.6;SAO JOSE DOS CAMPOS;Falta de atenção;Colisão traseira;Com Vítimas Feridas;Pleno dia;Crescente;Ceu Claro;Múltipla;Reta;Urbano;6;3
903327;2011-05-07;Sábado;13:10:00;SP;116;222.1;GUARULHOS;Não guardar distância de segurança;Colisão lateral;Sem Vítimas;Pleno dia;Crescente;Sol;Simples;Reta;Urbano;2;2
903348;2011-05-08;Domingo;13:40:00;SP;116;218.0;GUARULHOS;Outras;Colisão com objeto fixo;Sem Vítimas;Pleno dia;Crescente;Ceu Claro;Múltipla;Curva;Urbano;1;1
903437;2011-05-07;Sábado;22:00:00;SP;116;218.0;GUARULHOS;Outras;Colisão com objeto fixo;Sem Vítimas;Plena noite;Crescente;Nublado;Múltipla;Reta;Urbano;1;1
903551;2011-05-05;Quinta;22:00:00;SP;116;216.2;GUARULHOS;Outras;Atropelamento de pessoa;Com Vítimas Fatais;Plena noite;Crescente;Ceu Claro;Múltipla;Reta;Urbano;2;1
903576;2011-04-27;Quarta;07:10:00;SP;116;218.0;GUARULHOS;Outras;Colisão traseira;Sem Vítimas;Pleno dia;Decrescente;Nublado;Múltipla;Reta;Urbano;2;2
903741;2011-05-05;Quinta;18:10:00;SP;116;132.0;CACAPAVA;Outras;Colisão traseira;Com Vítimas Feridas;Anoitecer;Decrescente;Ceu Claro;Dupla;Reta;Rural;3;2
903751;2011-05-05;Quinta;22:50:00;SP;116;110.4;TAUBATE;Falta de atenção;Colisão lateral;Sem Vítimas;Plena noite;Decrescente;Ignorada;Dupla;Reta;Urbano;2;2
903791;2011-05-05;Quinta;07:30:00;SP;116;222.0;GUARULHOS;Falta de atenção;Colisão lateral;Sem Vítimas;Pleno dia;Crescente;Nublado;Múltipla;Reta;Urbano;2;2
903856;2011-05-08;Domingo;12:10:00;SP;116;204.0;ARUJA;Falta de atenção;Colisão lateral;Sem Vítimas;Pleno dia;Crescente;Ceu Claro;Dupla;Reta;Urbano;2;2
903865;2011-05-09;Segunda;07:40:00;SP;116;143.5;SAO JOSE DOS CAMPOS;Outras;Colisão traseira;Com Vítimas Feridas;Pleno dia;Crescente;Ceu Claro;Dupla;Reta;Urbano;2;2
903877;2011-05-09;Segunda;06:50:00;SP;116;223.0;GUARULHOS;Falta de atenção;Colisão lateral;Sem Vítimas;Amanhecer;Crescente;Sol;Múltipla;Reta;Urbano;4;4
903883;2011-05-05;Quinta;17:30:00;SP;116;219.0;GUARULHOS;Outras;Queda de motocicleta / bicicleta / veículo;Com Vítimas Fatais;Anoitecer;Decrescente;Nublado;Múltipla;Reta;Urbano;2;2
903904;2011-05-09;Segunda;18:25:00;SP;116;148.0;SAO JOSE DOS CAMPOS;Outras;Colisão traseira;Sem Vítimas;Plena noite;Decrescente;Ceu Claro;Múltipla;Reta;Urbano;2;2
903912;2011-05-09;Segunda;07:40:00;SP;116;223.0;GUARULHOS;Outras;Colisão traseira;Sem Vítimas;Amanhecer;Crescente;Sol;Múltipla;Reta;Urbano;2;2
903929;2011-05-09;Segunda;16:30:00;SP;116;225.0;GUARULHOS;Falta de atenção;Colisão lateral;Sem Vítimas;Pleno dia;Decrescente;Nublado;Múltipla;Reta;Urbano;2;2
904133;2011-05-09;Segunda;13:25:00;SP;116;111.9;TAUBATE;Falta de atenção;Saída de Pista;Sem Vítimas;Pleno dia;Crescente;Sol;Dupla;Reta;Urbano;2;2
904155;2011-05-10;Terça;00:19:00;SP;116;109.7;TAUBATE;Outras;Colisão traseira;Sem Vítimas;Plena noite;Decrescente;Chuva;Dupla;Reta;Urbano;2;2
904308;2011-05-06;Sexta;18:25:00;SP;116;210.0;GUARULHOS;Outras;Colisão traseira;Sem Vítimas;Plena noite;Crescente;Ceu Claro;Dupla;Reta;Urbano;3;3
904468;2011-05-07;Sábado;05:45:00;SP;116;201.0;ARUJA;Falta de atenção;Capotamento;Com Vítimas Feridas;Amanhecer;Decrescente;Ceu Claro;Múltipla;Reta;Urbano;1;1
904470;2011-05-10;Terça;15:48:00;SP;116;204.0;ARUJA;Falta de atenção;Colisão lateral;Sem Vítimas;Pleno dia;Decrescente;Ceu Claro;Múltipla;Reta;Urbano;2;2
904581;2011-05-06;Sexta;20:30:00;SP;116;227.0;GUARULHOS;Falta de atenção;Colisão lateral;Sem Vítimas;Plena noite;Decrescente;Ceu Claro;Múltipla;Reta;Urbano;2;2
904615;2011-05-06;Sexta;14:30:00;SP;116;218.0;GUARULHOS;Desobediência à sinalização;Colisão lateral;Sem Vítimas;Pleno dia;Decrescente;Ceu Claro;Dupla;Reta;Urbano;2;2
904617;2011-05-10;Terça;17:40:00;SP;116;229.0;SAO PAULO;Não guardar distância de segurança;Colisão traseira;Com Vítimas Feridas;Anoitecer;Decrescente;Nublado;Múltipla;Reta;Urbano;2;2
904635;2011-05-10;Terça;18:50:00;SP;116;119.5;CACAPAVA;Não guardar distância de segurança;Colisão traseira;Sem Vítimas;Plena noite;Decrescente;Ceu Claro;Dupla;Reta;Urbano;3;3
904671;2011-05-04;Quarta;09:45:00;SP;116;220.0;GUARULHOS;Falta de atenção;Colisão traseira;Sem Vítimas;Pleno dia;Decrescente;Ceu Claro;Múltipla;Reta;Urbano;2;2
904722;2011-05-10;Terça;23:30:00;SP;116;217.5;GUARULHOS;Outras;Colisão com objeto fixo;Sem Vítimas;Plena noite;Decrescente;Ceu Claro;Múltipla;Reta;Urbano;2;2
904846;2011-05-08;Domingo;01:10:00;SP;116;140.8;SAO JOSE DOS CAMPOS;Ingestão de álcool;Colisão traseira;Sem Vítimas;Plena noite;Decrescente;Chuva;Dupla;Reta;Urbano;4;4
904885;2011-05-09;Segunda;18:15:00;SP;116;150.0;SAO JOSE DOS CAMPOS;Outras;Colisão traseira;Sem Vítimas;Anoitecer;Crescente;Nublado;Dupla;Reta;Urbano;3;3
904891;2011-03-06;Domingo;15:20:00;SP;116;225.0;GUARULHOS;Outras;Colisão lateral;Com Vítimas Feridas;Pleno dia;Decrescente;Nublado;Múltipla;Reta;Urbano;2;2
904918;2011-05-09;Segunda;20:00:00;SP;116;167.0;JACAREI;Outras;Colisão traseira;Com Vítimas Feridas;Plena noite;Crescente;Nublado;Dupla;Reta;Urbano;2;2
904929;2011-05-09;Segunda;21:15:00;SP;116;183.0;SANTA ISABEL;Outras;Colisão traseira;Sem Vítimas;Plena noite;Crescente;Nublado;Dupla;Reta;Rural;2;2
904983;2011-05-10;Terça;07:50:00;SP;116;174.0;JACAREI;Defeito mecânico em veículo;Tombamento;Sem Vítimas;Pleno dia;Decrescente;Nublado;Dupla;Reta;Rural;1;1
904997;2011-05-09;Segunda;08:00:00;SP;116;222.0;GUARULHOS;Outras;Colisão traseira;Sem Vítimas;Pleno dia;Crescente;Ceu Claro;Múltipla;Reta;Urbano;2;2
905043;2011-05-08;Domingo;02:40:00;SP;116;154.0;SAO JOSE DOS CAMPOS;Outras;Capotamento;Com Vítimas Feridas;Plena noite;Decrescente;Ceu Claro;Dupla;Reta;Urbano;3;2
905099;2011-05-11;Quarta;10:20:00;SP;116;224.6;GUARULHOS;Não guardar distância de segurança;Queda de motocicleta / bicicleta / veículo;Com Vítimas Feridas;Pleno dia;Crescente;Sol;Múltipla;Reta;Urbano;2;2
905120;2011-05-06;Sexta;16:10:00;SP;116;158.0;JACAREI;Velocidade incompatível;Colisão traseira;Sem Vítimas;Pleno dia;Decrescente;Ceu Claro;Dupla;Reta;Urbano;3;3
905169;2011-05-08;Domingo;04:20:00;SP;116;156.0;SAO JOSE DOS CAMPOS;Não guardar distância de segurança;Colisão traseira;Com Vítimas Feridas;Plena noite;Crescente;Ceu Claro;Múltipla;Reta;Urbano;3;2
905212;2011-05-11;Quarta;17:40:00;SP;116;140.3;SAO JOSE DOS CAMPOS;Outras;Colisão traseira;Sem Vítimas;Anoitecer;Crescente;Ceu Claro;Dupla;Reta;Rural;3;3
905265;2011-05-11;Quarta;21:50:00;SP;116;128.4;CACAPAVA;Outras;Capotamento;Sem Vítimas;Plena noite;Decrescente;Ceu Claro;Dupla;Reta;Urbano;2;2
905355;2011-03-27;Domingo;15:00:00;SP;116;212.0;GUARULHOS;Falta de atenção;Colisão lateral;Sem Vítimas;Pleno dia;Decrescente;Chuva;Dupla;Reta;Urbano;2;2
905435;2011-05-11;Quarta;00:40:00;SP;116;165.0;JACAREI;Falta de atenção;Colisão traseira;Sem Vítimas;Plena noite;Decrescente;Ceu Claro;Múltipla;Reta;Rural;2;2
905436;2011-05-12;Quinta;08:10:00;SP;116;142.0;SAO JOSE DOS CAMPOS;Outras;Colisão traseira;Sem Vítimas;Pleno dia;Crescente;Nublado;Dupla;Reta;Urbano;2;2
905449;2011-05-12;Quinta;10:00:00;SP;116;111.8;TAUBATE;Outras;Colisão com objeto fixo;Sem Vítimas;Pleno dia;Crescente;Ceu Claro;Dupla;Reta;Urbano;1;1
905509;2011-05-06;Sexta;18:20:00;SP;116;147.0;SAO JOSE DOS CAMPOS;Outras;Colisão traseira;Sem Vítimas;Anoitecer;Crescente;Ceu Claro;Dupla;Reta;Urbano;3;3
905609;2011-05-06;Sexta;17:40:00;SP;116;142.3;SAO JOSE DOS CAMPOS;Outras;Colisão traseira;Sem Vítimas;Anoitecer;Decrescente;Ceu Claro;Dupla;Reta;Urbano;3;3
905755;2011-05-12;Quinta;20:30:00;SP;116;131.0;CACAPAVA;Outras;Colisão traseira;Sem Vítimas;Plena noite;Crescente;Chuva;Dupla;Reta;Urbano;3;3
905809;2011-05-06;Sexta;21:20:00;SP;116;229.0;SAO PAULO;Não guardar distância de segurança;Colisão traseira;Sem Vítimas;Plena noite;Decrescente;Ceu Claro;Múltipla;Reta;Urbano;3;3
905914;2011-05-12;Quinta;21:30:00;SP;116;144.4;SAO JOSE DOS CAMPOS;Defeito mecânico em veículo;Colisão traseira;Com Vítimas Feridas;Pleno dia;Crescente;Ceu Claro;Múltipla;Reta;Urbano;2;2
905920;2011-05-12;Quinta;18:10:00;SP;116;157.0;SAO JOSE DOS CAMPOS;Falta de atenção;Colisão traseira;Sem Vítimas;Plena noite;Crescente;Ceu Claro;Múltipla;Reta;Urbano;2;2
906000;2011-05-10;Terça;04:45:00;SP;116;111.4;TAUBATE;Dormindo;Colisão com objeto fixo;Sem Vítimas;Plena noite;Decrescente;Ceu Claro;Dupla;Reta;Urbano;1;1
906124;2011-05-11;Quarta;19:50:00;SP;116;155.0;SAO JOSE DOS CAMPOS;Não guardar distância de segurança;Colisão traseira;Sem Vítimas;Plena noite;Crescente;Ceu Claro;Dupla;Reta;Urbano;3;3
906151;2011-05-09;Segunda;20:30:00;SP;116;226.0;GUARULHOS;Ingestão de álcool;Colisão lateral;Sem Vítimas;Plena noite;Decrescente;Nublado;Múltipla;Reta;Urbano;2;2
906163;2011-05-13;Sexta;12:00:00;SP;116;107.6;TAUBATE;Outras;Tombamento;Sem Vítimas;Pleno dia;Crescente;Sol;Dupla;Reta;Urbano;1;1
906173;2011-05-09;Segunda;08:00:00;SP;116;227.0;GUARULHOS;Falta de atenção;Colisão lateral;Com Vítimas Feridas;Pleno dia;Decrescente;Nublado;Múltipla;Reta;Urbano;2;2
906190;2011-05-13;Sexta;19:10:00;SP;116;226.0;GUARULHOS;Outras;Colisão traseira;Sem Vítimas;Plena noite;Decrescente;Chuva;Múltipla;Reta;Urbano;2;2
906210;2011-05-09;Segunda;14:30:00;SP;116;227.0;GUARULHOS;Velocidade incompatível;Derramamento de Carga;Sem Vítimas;Pleno dia;Decrescente;Nublado;Múltipla;Curva;Urbano;1;1
906213;2011-05-09;Segunda;18:30:00;SP;116;228.0;SAO PAULO;Outras;Colisão traseira;Sem Vítimas;Anoitecer;Decrescente;Nublado;Múltipla;Reta;Urbano;2;2
906217;2011-05-13;Sexta;10:00:00;SP;116;220.0;GUARULHOS;Outras;Colisão lateral;Sem Vítimas;Pleno dia;Decrescente;Chuva;Múltipla;Reta;Urbano;3;3
906343;2011-05-14;Sábado;00:05:00;SP;116;134.5;SAO JOSE DOS CAMPOS;Outras;Colisão com objeto fixo;Sem Vítimas;Plena noite;Decrescente;Nublado;Dupla;Reta;Rural;1;1
906392;2011-05-14;Sábado;05:55:00;SP;116;128.0;CACAPAVA;Velocidade incompatível;Colisão com objeto fixo;Com Vítimas Feridas;Amanhecer;Decrescente;Ceu Claro;Dupla;Reta;Rural;2;1
906464;2011-05-14;Sábado;00:10:00;SP;116;212.0;GUARULHOS;Outras;Colisão com objeto fixo;Sem Vítimas;Plena noite;Decrescente;Ceu Claro;Múltipla;Reta;Urbano;2;2
906473;2011-05-13;Sexta;08:00:00;SP;116;218.0;GUARULHOS;Falta de atenção;Colisão traseira;Sem Vítimas;Pleno dia;Decrescente;Nublado;Múltipla;Reta;Urbano;2;2
906484;2011-05-13;Sexta;14:00:00;SP;116;204.0;ARUJA;Outras;Colisão traseira;Sem Vítimas;Pleno dia;Decrescente;Nublado;Dupla;Reta;Urbano;2;2
906495;2011-05-13;Sexta;18:30:00;SP;116;208.0;GUARULHOS;Outras;Queda de motocicleta / bicicleta / veículo;Com Vítimas Feridas;Anoitecer;Decrescente;Nublado;Dupla;Reta;Urbano;1;1
906499;2011-05-13;Sexta;20:00:00;SP;116;216.0;GUARULHOS;Outras;Colisão com objeto móvel;Sem Vítimas;Plena noite;Crescente;Nublado;Múltipla;Reta;Urbano;1;1
906501;2011-05-13;Sexta;22:00:00;SP;116;225.0;GUARULHOS;Falta de atenção;Colisão traseira;Sem Vítimas;Plena noite;Decrescente;Nublado;Múltipla;Reta;Urbano;2;2
906519;2011-05-12;Quinta;18:20:00;SP;116;162.0;JACAREI;Falta de atenção;Colisão traseira;Sem Vítimas;Anoitecer;Crescente;Ceu Claro;Dupla;Reta;Urbano;3;3
906596;2011-05-11;Quarta;06:00:00;SP;116;110.0;TAUBATE;Outras;Colisão com objeto fixo;Com Vítimas Feridas;Amanhecer;Decrescente;Nublado;Dupla;Reta;Urbano;2;1
906727;2011-05-14;Sábado;16:55:00;SP;116;228.0;SAO PAULO;Ingestão de álcool;Colisão lateral;Sem Vítimas;Pleno dia;Decrescente;Ceu Claro;Múltipla;Reta;Urbano;3;3
906765;2011-05-14;Sábado;18:58:00;SP;116;156.0;SAO JOSE DOS CAMPOS;Falta de atenção;Colisão traseira;Sem Vítimas;Plena noite;Decrescente;Ceu Claro;Dupla;Reta;Urbano;3;3
906767;2011-05-14;Sábado;21:26:00;SP;116;147.0;SAO JOSE DOS CAMPOS;Falta de atenção;Colisão traseira;Sem Vítimas;Plena noite;Decrescente;Ceu Claro;Dupla;Reta;Urbano;5;5
906772;2011-05-14;Sábado;17:30:00;SP;116;227.0;GUARULHOS;Outras;Colisão traseira;Com Vítimas Feridas;Pleno dia;Crescente;Ceu Claro;Múltipla;Reta;Urbano;2;2
906856;2011-05-15;Domingo;06:28:00;SP;116;145.2;SAO JOSE DOS CAMPOS;Velocidade incompatível;Capotamento;Sem Vítimas;Amanhecer;Decrescente;Ceu Claro;Dupla;Reta;Urbano;1;1