id;data_inversa;dia_semana;horario;uf;br;km;municipio;causa_acidente;tipo_acidente;classificacao_acidente;fase_dia;sentido_via;condicao_metereologica;tipo_pista;tracado_via;uso_solo;pessoas;veiculos
906890;2011-05-12;Quinta;05:00:00;SP;116;210.8;GUARULHOS;Outras;Queda de motocicleta / bicicleta / veículo;Com Vítimas Feridas;Plena noite;Decrescente;Ceu Claro;Múltipla;Reta;Urbano;2;2
906908;2011-05-12;Quinta;00:05:00;SP;116;218.5;GUARULHOS;Outras;Colisão com objeto fixo;Com Vítimas Feridas;Plena noite;Crescente;Nublado;Múltipla;Curva;Urbano;5;1
907187;2011-05-15;Domingo;17:30:00;SP;116;223.3;GUARULHOS;Outras;Atropelamento de pessoa;Com Vítimas Fatais;Anoitecer;Decrescente;Chuva;Múltipla;Reta;Urbano;2;1
907341;2011-04-04;Segunda;07:20:00;SP;116;211.0;GUARULHOS;Falta de atenção;Colisão traseira;Sem Vítimas;Pleno dia;Decrescente;Chuva;Dupla;Reta;Urbano;2;2
907379;2011-04-18;Segunda;06:45:00;SP;116;228.0;GUARULHOS;Falta de atenção;Colisão lateral;Com Vítimas Feridas;Amanhecer;Crescente;Sol;Múltipla;Reta;Urbano;2;2
907476;2011-05-16;Segunda;13:30:00;SP;116;158.8;JACAREI;Outras;Colisão com objeto fixo;Sem Vítimas;Pleno dia;Crescente;Ceu Claro;Dupla;Reta;Urbano;1;1
907548;2011-05-16;Segunda;15:50:00;SP;116;151.7;SAO JOSE DOS CAMPOS;Outras;Saída de Pista;Sem Vítimas;Pleno dia;Crescente;Ceu Claro;Dupla;Reta;Urbano;1;1
907563;2011-05-10;Terça;17:00:00;SP;116;155.0;SAO JOSE DOS CAMPOS;Defeito mecânico em veículo;Incêndio;Sem Vítimas;Pleno dia;Crescente;Ceu Claro;Simples;Reta;Urbano;1;1
907572;2011-05-16;Segunda;10:50:00;SP;116;205.9;SAO PAULO;Falta de atenção;Colisão lateral;Sem Vítimas;Pleno dia;Crescente;Ceu Claro;Múltipla;Reta;Urbano;2;2
907594;2011-05-13;Sexta;04:15:00;SP;116;212.0;GUARULHOS;Falta de atenção;Colisão com objeto fixo;Sem Vítimas;Plena noite;Decrescente;Ceu Claro;Múltipla;Reta;Urbano;1;1
907687;2011-05-16;Segunda;19:45:00;SP;116;215.0;GUARULHOS;Falta de atenção;Colisão traseira;Com Vítimas Feridas;Plena noite;Decrescente;Ceu Claro;Múltipla;Reta;Urbano;2;2
907704;2011-05-16;Segunda;20:25:00;SP;116;215.0;GUARULHOS;Falta de atenção;Colisão traseira;Sem Vítimas;Plena noite;Decrescente;Nublado;Múltipla;Reta;Urbano;2;2
907767;2011-05-16;Segunda;19:00:00;SP;116;219.0;GUARULHOS;Falta de atenção;Colisão traseira;Sem Vítimas;Pleno dia;Crescente;Ceu Claro;Múltipla;Reta;Urbano;2;2
907818;2011-05-12;Quinta;23:00:00;SP;116;227.0;GUARULHOS;Defeito mecânico em veículo;Colisão traseira;Com Vítimas Feridas;Plena noite;Decrescente;Ceu Claro;Múltipla;Reta;Urbano;4;2
907844;2011-05-16;Segunda;08:30:00;SP;116;227.0;GUARULHOS;Falta de atenção;Colisão traseira;Com Vítimas Feridas;Amanhecer;Crescente;Ceu Claro;Dupla;Reta;Urbano;2;2
907879;2011-05-17;Terça;05:05:00;SP;116;111.5;TAUBATE;Outras;Saída de Pista;Com Vítimas Feridas;Plena noite;Decrescente;Nublado;Dupla;Reta;Urbano;3;2
907903;2011-05-17;Terça;07:00:00;SP;116;145.0;SAO JOSE DOS CAMPOS;Não guardar distância de segurança;Colisão traseira;Sem Vítimas;Pleno dia;Decrescente;Nublado;Dupla;Reta;Urbano;3;3
907919;2011-05-14;Sábado;23:06:00;SP;116;148.0;SAO JOSE DOS CAMPOS;Outras;Colisão traseira;Sem Vítimas;Plena noite;Decrescente;Ceu Claro;Dupla;Reta;Urbano;2;2
907934;2011-05-14;Sábado;06:00:00;SP;116;148.0;SAO JOSE DOS CAMPOS;Ingestão de álcool;Capotamento;Com Vítimas Feridas;Amanhecer;Crescente;Nublado;Dupla;Reta;Urbano;1;1
907938;2011-05-14;Sábado;11:25:00;SP;116;228.0;GUARULHOS;Outras;Colisão lateral;Sem Vítimas;Pleno dia;Crescente;Ceu Claro;Múltipla;Reta;Urbano;2;2
907976;2011-05-11;Quarta;09:06:00;SP;116;165.0;JACAREI;Outras;Danos Eventuais;Sem Vítimas;Pleno dia;Crescente;Ceu Claro;Dupla;Reta;Rural;1;1
907988;2011-05-16;Segunda;00:05:00;SP;116;228.8;SAO PAULO;Não guardar distância de segurança;Colisão traseira;Com Vítimas Feridas;Plena noite;Decrescente;Nublado;Múltipla;Reta;Urbano;3;2
908001;2011-05-13;Sexta;20:00:00;SP;116;158.0;SAO JOSE DOS CAMPOS;Não guardar distância de segurança;Colisão traseira;Com Vítimas Feridas;Plena noite;Decrescente;Nublado;Dupla;Reta;Urbano;5;4
908005;2011-05-15;Domingo;00:30:00;SP;116;144.0;SAO JOSE DOS CAMPOS;Falta de atenção;Colisão lateral;Sem Vítimas;Plena noite;Crescente;Ceu Claro;Dupla;Reta;Urbano;2;2
908023;2011-05-15;Domingo;14:50:00;SP;116;182.0;SANTA ISABEL;Não guardar distância de segurança;Colisão traseira;Sem Vítimas;Pleno dia;Decrescente;Sol;Dupla;Reta;Rural;2;2
908065;2011-05-13;Sexta;18:30:00;SP;116;165.0;JACAREI;Outras;Colisão lateral;Sem Vítimas;Anoitecer;Crescente;Nublado;Dupla;Reta;Urbano;2;2
908173;2011-05-17;Terça;07:45:00;SP;116;229.0;SAO PAULO;Outras;Colisão com objeto fixo;Sem Vítimas;Amanhecer;Crescente;Chuva;Múltipla;Reta;Urbano;1;1
908191;2011-05-17;Terça;15:20:00;SP;116;165.0;JACAREI;Não guardar distância de segurança;Colisão traseira;Sem Vítimas;Pleno dia;Crescente;Sol;Dupla;Reta;Rural;2;2
908233;2011-05-11;Quarta;22:40:00;SP;116;147.0;SAO JOSE DOS CAMPOS;Outras;Colisão com objeto móvel;Sem Vítimas;Plena noite;Crescente;Nublado;Dupla;Reta;Urbano;2;2
908261;2011-05-17;Terça;08:30:00;SP;116;212.0;GUARULHOS;Falta de atenção;Capotamento;Com Vítimas Feridas;Pleno dia;Crescente;Nublado;Múltipla;Reta;Urbano;1;1
908308;2011-05-17;Terça;18:40:00;SP;116;99.4;PINDAMONHANGABA;Outras;Colisão com objeto fixo;Sem Vítimas;Plena noite;Decrescente;Ceu Claro;Dupla;Reta;Rural;1;1
908384;2011-05-17;Terça;08:30:00;SP;116;224.0;GUARULHOS;Outras;Colisão traseira;Sem Vítimas;Pleno dia;Crescente;Nublado;Múltipla;Reta;Urbano;2;2
908394;2011-05-13;Sexta;22:30:00;SP;116;212.0;GUARULHOS;Outras;Saída de Pista;Com Vítimas Feridas;Plena noite;Crescente;Nublado;Múltipla;Reta;Urbano;1;1
908412;2011-05-17;Terça;10:20:00;SP;116;227.0;SAO PAULO;Outras;Colisão com objeto móvel;Sem Vítimas;Pleno dia;Crescente;Nublado;Múltipla;Reta;Urbano;2;2
908568;2011-05-16;Segunda;06:45:00;SP;116;221.0;GUARULHOS;Falta de atenção;Colisão traseira;Sem Vítimas;Amanhecer;Decrescente;Nublado;Dupla;Reta;Urbano;2;2
908569;2011-05-14;Sábado;19:50:00;SP;116;222.0;GUARULHOS;Ingestão de álcool;Colisão traseira;Sem Vítimas;Plena noite;Crescente;Ceu Claro;Múltipla;Reta;Urbano;3;3
908572;2011-05-09;Segunda;07:30:00;SP;116;221.0;GUARULHOS;Outras;Colisão Transversal;Com Vítimas Feridas;Pleno dia;Crescente;Nublado;Múltipla;Reta;Urbano;2;2
908581;2011-05-14;Sábado;18:30:00;SP;116;223.0;GUARULHOS;Não guardar distância de segurança;Colisão traseira;Sem Vítimas;Plena noite;Crescente;Nublado;Múltipla;Reta;Urbano;2;2
908598;2011-05-15;Domingo;19:50:00;SP;116;152.0;SAO JOSE DOS CAMPOS;Outras;Colisão traseira;Sem Vítimas;Plena noite;Decrescente;Chuva;Dupla;Reta;Urbano;2;2
908605;2011-05-14;Sábado;15:00:00;SP;116;197.0;GUARULHOS;Outras;Queda de motocicleta / bicicleta / veículo;Com Vítimas Feridas;Pleno dia;Crescente;Ceu Claro;Múltipla;Reta;Urbano;1;1
908632;2011-05-11;Quarta;14:30:00;SP;116;218.5;GUARULHOS;Outras;Colisão traseira;Sem Vítimas;Pleno dia;Crescente;Nublado;Simples;Reta;Urbano;4;4
908645;2011-05-18;Quarta;06:40:00;SP;116;221.0;GUARULHOS;Falta de atenção;Colisão lateral;Com Vítimas Feridas;Pleno dia;Crescente;Chuva;Múltipla;Reta;Urbano;3;2
908662;2011-05-16;Segunda;09:33:00;SP;116;107.4;TAUBATE;Falta de atenção;Colisão traseira;Sem Vítimas;Pleno dia;Decrescente;Chuva;Dupla;Reta;Urbano;4;4
908667;2011-05-14;Sábado;14:50:00;SP;116;194.8;ARUJA;Outras;Colisão traseira;Com Vítimas Feridas;Pleno dia;Crescente;Nublado;Simples;Reta;Rural;3;2
908718;2011-05-15;Domingo;19:53:00;SP;116;152.0;SAO JOSE DOS CAMPOS;Outras;Colisão lateral;Sem Vítimas;Plena noite;Decrescente;Chuva;Dupla;Reta;Urbano;2;2
908725;2011-05-13;Sexta;18:30:00;SP;116;148.0;SAO JOSE DOS CAMPOS;Outras;Colisão traseira;Sem Vítimas;Anoitecer;Decrescente;Ignorada;Múltipla;Reta;Urbano;2;2
908793;2011-05-18;Quarta;07:00:00;SP;116;208.0;GUARULHOS;Falta de atenção;Colisão traseira;Com Vítimas Feridas;Pleno dia;Decrescente;Nublado;Dupla;Reta;Urbano;2;2
908805;2011-05-12;Quinta;18:30:00;SP;116;149.0;SAO JOSE DOS CAMPOS;Falta de atenção;Colisão traseira;Sem Vítimas;Anoitecer;Crescente;Ceu Claro;Dupla;Reta;Urbano;2;2
908814;2011-05-10;Terça;16:15:00;SP;116;116.0;TAUBATE;Outras;Tombamento;Com Vítimas Feridas;Pleno dia;Decrescente;Sol;Dupla;Reta;Urbano;1;1
908844;2011-05-13;Sexta;23:11:00;SP;116;143.3;SAO JOSE DOS CAMPOS;Outras;Colisão traseira;Sem Vítimas;Plena noite;Crescente;Nublado;Dupla;Reta;Urbano;2;2
908859;2011-05-14;Sábado;07:30:00;SP;116;105.0;TAUBATE;Outras;Colisão com objeto fixo;Sem Vítimas;Amanhecer;Crescente;Nublado;Dupla;Reta;Urbano;1;1
908908;2011-05-18;Quarta;08:45:00;SP;116;139.2;SAO JOSE DOS CAMPOS;Outras;Colisão traseira;Sem Vítimas;Pleno dia;Crescente;Ceu Claro;Dupla;Reta;Urbano;3;3
908947;2011-05-17;Terça;20:40:00;SP;116;215.0;GUARULHOS;Outras;Capotamento;Sem Vítimas;Pleno dia;Crescente;Nublado;Múltipla;Reta;Urbano;1;1
908980;2011-05-10;Terça;17:45:00;SP;116;117.8;TAUBATE;Outras;Colisão traseira;Com Vítimas Feridas;Plena noite;Decrescente;Ceu Claro;Dupla;Reta;Urbano;3;2
909008;2011-05-14;Sábado;07:10:00;SP;116;154.5;SAO JOSE DOS CAMPOS;Dormindo;Colisão lateral;Sem Vítimas;Pleno dia;Decrescente;Ceu Claro;Dupla;Reta;Urbano;2;2
909037;2011-05-18;Quarta;21:10:00;SP;116;182.0;SANTA ISABEL;Outras;Colisão traseira;Sem Vítimas;Plena noite;Decrescente;Nublado;Múltipla;Reta;Rural;2;2
909100;2011-05-15;Domingo;15:30:00;SP;116;144.0;SAO JOSE DOS CAMPOS;Outras;Colisão lateral;Sem Vítimas;Pleno dia;Decrescente;Nublado;Dupla;Reta;Urbano;2;2
909110;2011-05-18;Quarta;08:10:00;SP;116;141.9;SAO JOSE DOS CAMPOS;Falta de atenção;Colisão lateral;Sem Vítimas;Amanhecer;Crescente;Ceu Claro;Dupla;Reta;Urbano;2;2
909150;2011-05-18;Quarta;12:01:00;SP;116;99.0;PINDAMONHANGABA;Outras;Queda de motocicleta / bicicleta / veículo;Com Vítimas Feridas;Pleno dia;Decrescente;Ceu Claro;Simples;Curva;Rural;1;1
909166;2011-05-11;Quarta;19:10:00;SP;116;156.5;SAO JOSE DOS CAMPOS;Não guardar distância de segurança;Colisão traseira;Sem Vítimas;Plena noite;Crescente;Ceu Claro;Múltipla;Reta;Urbano;4;4
909229;2011-05-09;Segunda;23:00:00;SP;116;173.0;GUARAREMA;Outras;Colisão traseira;Sem Vítimas;Plena noite;Decrescente;Ceu Claro;Dupla;Reta;Urbano;2;2
909256;2011-05-15;Domingo;21:00:00;SP;116;139.0;SAO JOSE DOS CAMPOS;Outras;Colisão com objeto fixo;Sem Vítimas;Plena noite;Decrescente;Chuva;Dupla;Reta;Urbano;1;1
909291;2011-05-16;Segunda;15:00:00;SP;116;217.0;GUARULHOS;Falta de atenção;Colisão traseira;Sem Vítimas;Pleno dia;Decrescente;Ceu Claro;Múltipla;Reta;Urbano;2;2
909339;2011-05-19;Quinta;14:25:00;SP;116;229.3;SAO PAULO;Outras;Colisão lateral;Sem Vítimas;Pleno dia;Crescente;Sol;Múltipla;Reta;Urbano;2;2
909372;2011-05-11;Quarta;16:50:00;SP;116;157.0;SAO JOSE DOS CAMPOS;Não guardar distância de segurança;Colisão traseira;Sem Vítimas;Pleno dia;Decrescente;Ceu Claro;Dupla;Reta;Urbano;2;2
909379;2011-05-19;Quinta;14:10:00;SP;116;117.0;TAUBATE;Outras;Colisão com objeto fixo;Sem Vítimas;Pleno dia;Crescente;Sol;Simples;Reta;Urbano;2;2
909417;2011-05-16;Segunda;04:15:00;SP;116;116.5;TAUBATE;Outras;Colisão lateral;Com Vítimas Feridas;Plena noite;Crescente;Ceu Claro;Dupla;Reta;Urbano;4;2
909427;2011-05-16;Segunda;10:50:00;SP;116;180.0;GUARAREMA;Defeito mecânico em veículo;Colisão com objeto fixo;Sem Vítimas;Pleno dia;Decrescente;Nublado;Dupla;Curva;Rural;1;1
909555;2011-05-12;Quinta;06:30:00;SP;116;218.5;GUARULHOS;Outras;Colisão com objeto fixo;Sem Vítimas;Amanhecer;Crescente;Nevoeiro/neblina;Simples;Curva;Urbano;2;2
909566;2011-05-15;Domingo;22:45:00;SP;116;129.0;CACAPAVA;Outras;Colisão lateral;Sem Vítimas;Plena noite;Decrescente;Chuva;Dupla;Reta;Urbano;2;2
909659;2011-05-19;Quinta;19:00:00;SP;116;228.5;SAO PAULO;Outras;Colisão traseira;Sem Vítimas;Anoitecer;Decrescente;Nublado;Múltipla;Reta;Urbano;2;2
909676;2011-05-17;Terça;07:30:00;SP;116;116.7;TAUBATE;Outras;Colisão traseira;Com Vítimas Feridas;Pleno dia;Crescente;Nublado;Dupla;Reta;Urbano;2;2
909703;2011-05-19;Quinta;07:26:00;SP;116;150.0;SAO JOSE DOS CAMPOS;Velocidade incompatível;Colisão traseira;Sem Vítimas;Pleno dia;Crescente;Ceu Claro;Dupla;Reta;Urbano;3;3
909735;2011-05-17;Terça;19:20:00;SP;116;150.5;SAO JOSE DOS CAMPOS;Outras;Colisão com objeto fixo;Com Vítimas Feridas;Plena noite;Crescente;Nublado;Dupla;Reta;Urbano;1;1
909744;2011-05-19;Quinta;18:27:00;SP;116;163.0;JACAREI;Não guardar distância de segurança;Colisão traseira;Com Vítimas Feridas;Plena noite;Decrescente;Ceu Claro;Simples;Reta;Rural;4;4
909764;2011-05-18;Quarta;07:20:00;SP;116;157.0;SAO JOSE DOS CAMPOS;Outras;Colisão traseira;Sem Vítimas;Pleno dia;Decrescente;Sol;Dupla;Reta;Urbano;2;2
909866;2011-05-15;Domingo;19:51:00;SP;116;152.0;SAO JOSE DOS CAMPOS;Outras;Colisão traseira;Sem Vítimas;Plena noite;Decrescente;Chuva;Dupla;Reta;Urbano;2;2
909894;2011-05-20;Sexta;15:00:00;SP;116;142.6;SAO JOSE DOS CAMPOS;Outras;Colisão traseira;Sem Vítimas;Pleno dia;Crescente;Ceu Claro;Dupla;Reta;Urbano;3;3
909960;2011-05-20;Sexta;17:30:00;SP;116;140.6;SAO JOSE DOS CAMPOS;Outras;Colisão lateral;Sem Vítimas;Anoitecer;Crescente;Ceu Claro;Dupla;Reta;Urbano;2;2
909997;2011-05-20;Sexta;19:00:00;SP;116;148.0;SAO JOSE DOS CAMPOS;Não guardar distância de segurança;Colisão traseira;Sem Vítimas;Plena noite;Decrescente;Ceu Claro;Dupla;Reta;Urbano;2;2
910236;2011-05-21;Sábado;03:30:00;SP;116;224.0;SAO PAULO;Defeito mecânico em veículo;Colisão com objeto móvel;Sem Vítimas;Plena noite;Decrescente;Ceu Claro;Múltipla;Reta;Urbano;2;2
910248;2011-05-20;Sexta;22:37:00;SP;116;148.0;SAO JOSE DOS CAMPOS;Falta de atenção;Colisão traseira;Com Vítimas Feridas;Plena noite;Decrescente;Ceu Claro;Dupla;Reta;Urbano;2;2
910251;2011-05-20;Sexta;22:36:00;SP;116;147.9;SAO JOSE DOS CAMPOS;Falta de atenção;Colisão traseira;Com Vítimas Feridas;Pleno dia;Decrescente;Ceu Claro;Dupla;Reta;Urbano;3;2
910252;2011-05-20;Sexta;21:40:00;SP;116;229.0;SAO PAULO;Falta de atenção;Queda de motocicleta / bicicleta / veículo;Com Vítimas Feridas;Plena noite;Crescente;Ceu Claro;Múltipla;Reta;Urbano;1;1
910267;2011-05-20;Sexta;22:45:00;SP;116;220.0;GUARULHOS;Falta de atenção;Colisão traseira;Sem Vítimas;Plena noite;Decrescente;Ceu Claro;Múltipla;Reta;Urbano;2;2
910290;2011-05-18;Quarta;07:40:00;SP;116;145.0;SAO JOSE DOS CAMPOS;Falta de atenção;Colisão traseira;Sem Vítimas;Pleno dia;Decrescente;Ceu Claro;Dupla;Reta;Urbano;2;2
910296;2011-05-16;Segunda;16:00:00;SP;116;150.0;SAO JOSE DOS CAMPOS;Falta de atenção;Colisão lateral;Sem Vítimas;Pleno dia;Crescente;Ceu Claro;Múltipla;Reta;Rural;2;2
910314;2011-05-17;Terça;08:10:00;SP;116;158.0;JACAREI;Outras;Colisão traseira;Sem Vítimas;Pleno dia;Decrescente;Ceu Claro;Múltipla;Reta;Rural;2;2
910329;2011-05-17;Terça;11:35:00;SP;116;154.0;SAO JOSE DOS CAMPOS;Outras;Colisão traseira;Sem Vítimas;Pleno dia;Crescente;Ceu Claro;Múltipla;Reta;Rural;2;2
910339;2011-05-21;Sábado;09:30:00;SP;116;144.8;SAO JOSE DOS CAMPOS;Não guardar distância de segurança;Colisão traseira;Sem Vítimas;Pleno dia;Decrescente;Ceu Claro;Dupla;Reta;Urbano;2;2
910352;2011-05-21;Sábado;09:20:00;SP;116;144.0;SAO JOSE DOS CAMPOS;Não guardar distância de segurança;Colisão traseira;Sem Vítimas;Pleno dia;Decrescente;Ceu Claro;Dupla;Reta;Urbano;2;2
910450;2011-05-19;Quinta;23:00:00;SP;116;196.0;ARUJA;Outras;Colisão com objeto fixo;Sem Vítimas;Plena noite;Decrescente;Nublado;Dupla;Reta;Urbano;1;1
910474;2011-05-21;Sábado;08:05:00;SP;116;142.6;SAO JOSE DOS CAMPOS;Outras;Colisão traseira;Com Vítimas Feridas;Pleno dia;Decrescente;Ceu Claro;Dupla;Reta;Rural;2;2
910494;2011-05-17;Terça;19:30:00;SP;116;219.0;GUARULHOS;Outras;Colisão traseira;Sem Vítimas;Plena noite;Decrescente;Nublado;Múltipla;Reta;Urbano;2;2
910507;2011-05-18;Quarta;09:55:00;SP;116;142.8;SAO JOSE DOS CAMPOS;Outras;Colisão traseira;Sem Vítimas;Pleno dia;Decrescente;Ceu Claro;Dupla;Reta;Urbano;2;2
910571;2011-05-13;Sexta;23:00:00;SP;116;170.0;JACAREI;Ingestão de álcool;Saída de Pista;Com Vítimas Feridas;Plena noite;Decrescente;Nublado;Dupla;Reta;Urbano;1;1
910603;2011-05-16;Segunda;09:30:00;SP;116;158.0;JACAREI;Falta de atenção;Colisão traseira;Com Vítimas Feridas;Pleno dia;Decrescente;Ceu Claro;Dupla;Reta;Urbano;4;4
910636;2011-05-17;Terça;07:10:00;SP;116;225.0;GUARULHOS;Outras;Colisão traseira;Sem Vítimas;Pleno dia;Crescente;Nublado;Múltipla;Reta;Urbano;2;2
910810;2011-05-18;Quarta;07:50:00;SP;116;145.0;SAO JOSE DOS CAMPOS;Não guardar distância de segurança;Colisão traseira;Sem Vítimas;Pleno dia;Decrescente;Ceu Claro;Dupla;Reta;Urbano;2;2
910831;2011-05-14;Sábado;19:40:00;SP;116;117.5;TAUBATE;Outras;Colisão com objeto fixo;Sem Vítimas;Plena noite;Decrescente;Nublado;Dupla;Reta;Urbano;1;1
910931;2011-05-17;Terça;18:50:00;SP;116;214.0;GUARULHOS;Outras;Colisão traseira;Sem Vítimas;Plena noite;Crescente;Nublado;Múltipla;Reta;Urbano;2;2
910953;2011-05-17;Terça;15:00:00;SP;116;219.0;GUARULHOS;Outras;Colisão traseira;Com Vítimas Feridas;Pleno dia;Decrescente;Nublado;Simples;Curva;Urbano;2;2
910970;2011-05-18;Quarta;07:50:00;SP;116;210.0;GUARULHOS;Não guardar distância de segurança;Colisão traseira;Com Vítimas Feridas;Pleno dia;Crescente;Ceu Claro;Dupla;Reta;Urbano;3;2
910991;2011-05-11;Quarta;22:30:00;SP;116;219.0;GUARULHOS;Outras;Colisão traseira;Sem Vítimas;Plena noite;Crescente;Nublado;Múltipla;Reta;Urbano;3;3
911011;2011-05-22;Domingo;16:30:00;SP;116;215.0;GUARULHOS;Não guardar distância de segurança;Colisão traseira;Sem Vítimas;Pleno dia;Crescente;Ceu Claro;Múltipla;Reta;Urbano;3;3
911023;2011-05-17;Terça;10:55:00;SP;116;219.4;GUARULHOS;Outras;Colisão lateral;Sem Vítimas;Pleno dia;Crescente;Nublado;Múltipla;Reta;Urbano;2;2
911044;2011-05-19;Quinta;12:30:00;SP;116;207.0;GUARULHOS;Não guardar distância de segurança;Colisão lateral;Sem Vítimas;Pleno dia;Decrescente;Ceu Claro;Dupla;Reta;Urbano;2;2
911064;2011-05-21;Sábado;09:30:00;SP;116;214.0;GUARULHOS;Outras;Colisão traseira;Sem Vítimas;Pleno dia;Crescente;Sol;Múltipla;Reta;Urbano;4;4
911213;2011-05-22;Domingo;07:57:00;SP;116;226.0;GUARULHOS;Falta de atenção;Colisão lateral;Sem Vítimas;Pleno dia;Decrescente;Ceu Claro;Múltipla;Reta;Urbano;2;2
911214;2011-05-22;Domingo;10:30:00;SP;116;219.0;GUARULHOS;Falta de atenção;Colisão traseira;Sem Vítimas;Pleno dia;Crescente;Ceu Claro;Múltipla;Reta;Urbano;3;3
911342;2011-05-18;Quarta;17:23:00;SP;116;165.0;JACAREI;Defeito na via;Colisão traseira;Sem Vítimas;Pleno dia;Crescente;Ceu Claro;Múltipla;Reta;Rural;2;2
911351;2011-05-16;Segunda;22:50:00;SP;116;201.0;ARUJA;Falta de atenção;Tombamento;Sem Vítimas;Plena noite;Crescente;Nublado;Múltipla;Reta;Urbano;1;1
911403;2011-05-15;Domingo;08:30:00;SP;116;165.1;JACAREI;Velocidade incompatível;Danos Eventuais;Sem Vítimas;Pleno dia;Crescente;Nublado;Múltipla;Reta;Rural;1;1
911450;2011-05-20;Sexta;22:50:00;SP;116;147.8;SAO JOSE DOS CAMPOS;Falta de atenção;Colisão traseira;Sem Vítimas;Plena noite;Decrescente;Ceu Claro;Dupla;Reta;Urbano;2;2
911535;2011-05-19;Quinta;10:15:00;SP;116;108.5;TAUBATE;Outras;Colisão lateral;Sem Vítimas;Pleno dia;Decrescente;Ceu Claro;Dupla;Reta;Urbano;2;2
911544;2011-05-15;Domingo;22:15:00;SP;116;165.2;JACAREI;Não guardar distância de segurança;Colisão traseira;Sem Vítimas;Plena noite;Crescente;Chuva;Múltipla;Reta;Rural;3;3
911559;2011-05-21;Sábado;01:00:00;SP;116;219.0;GUARULHOS;Outras;Colisão traseira;Sem Vítimas;Plena noite;Decrescente;Ceu Claro;Múltipla;Reta;Urbano;3;3
911577;2011-05-19;Quinta;18:45:00;SP;116;126.2;TAUBATE;Outras;Queda de motocicleta / bicicleta / veículo;Com Vítimas Feridas;Plena noite;Decrescente;Nublado;Dupla;Reta;Urbano;1;1
911594;2011-05-18;Quarta;10:30:00;SP;116;211.0;GUARULHOS;Falta de atenção;Queda de motocicleta / bicicleta / veículo;Com Vítimas Feridas;Pleno dia;Crescente;Nublado;Simples;Reta;Urbano;2;1
911601;2011-05-20;Sexta;12:45:00;SP;116;206.0;GUARULHOS;Falta de atenção;Colisão traseira;Sem Vítimas;Pleno dia;Decrescente;Ceu Claro;Múltipla;Reta;Urbano;2;2
911619;2011-05-23;Segunda;08:20:00;SP;116;104.6;TAUBATE;Outras;Colisão traseira;Sem Vítimas;Pleno dia;Decrescente;Ceu Claro;Dupla;Reta;Rural;4;4
911671;2011-05-20;Sexta;21:30:00;SP;116;219.0;GUARULHOS;Falta de atenção;Colisão traseira;Sem Vítimas;Plena noite;Decrescente;Ceu Claro;Múltipla;Reta;Urbano;3;3
911689;2011-05-20;Sexta;13:00:00;SP;116;224.0;GUARULHOS;Outras;Atropelamento de pessoa;Com Vítimas Feridas;Pleno dia;Decrescente;Ceu Claro;Múltipla;Reta;Urbano;2;1
911757;2011-05-23;Segunda;19:40:00;SP;116;146.2;SAO JOSE DOS CAMPOS;Outras;Colisão lateral;Sem Vítimas;Plena noite;Crescente;Nublado;Dupla;Reta;Urbano;2;2
911790;2011-05-23;Segunda;07:20:00;SP;116;212.0;GUARULHOS;Outras;Colisão traseira;Sem Vítimas;Pleno dia;Crescente;Sol;Múltipla;Reta;Urbano;4;4
911801;2011-05-23;Segunda;18:50:00;SP;116;224.7;GUARULHOS;Não guardar distância de segurança;Colisão lateral;Com Vítimas Feridas;Anoitecer;Decrescente;Nublado;Múltipla;Reta;Urbano;3;2
911805;2011-05-23;Segunda;12:30:00;SP;116;227.0;GUARULHOS;Outras;Queda de motocicleta / bicicleta / veículo;Com Vítimas Feridas;Pleno dia;Crescente;Sol;Múltipla;Reta;Urbano;1;1
911921;2011-05-20;Sexta;22:40:00;SP;116;148.4;SAO JOSE DOS CAMPOS;Falta de atenção;Colisão lateral;Sem Vítimas;Plena noite;Decrescente;Ceu Claro;Dupla;Reta;Urbano;2;2
911949;2011-05-18;Quarta;18:15:00;SP;116;115.6;TAUBATE;Outras;Colisão traseira;Sem Vítimas;Plena noite;Decrescente;Ceu Claro;Dupla;Reta;Urbano;2;2
912005;2011-05-24;Terça;09:40:00;SP;116;163.0;JACAREI;Defeito mecânico em veículo;Colisão traseira;Sem Vítimas;Pleno dia;Decrescente;Ceu Claro;Dupla;Reta;Urbano;2;2
912025;2011-03-02;Quarta;18:30:00;SP;116;148.0;SAO JOSE DOS CAMPOS;Outras;Colisão traseira;Sem Vítimas;Anoitecer;Decrescente;Chuva;Dupla;Reta;Rural;2;2