id;data_inversa;dia_semana;horario;uf;br;km;municipio;causa_acidente;tipo_acidente;classificacao_acidente;fase_dia;sentido_via;condicao_metereologica;tipo_pista;tracado_via;uso_solo;pessoas;veiculos
946479;2011-07-24;Domingo;13:45:00;SP;116;158.0;JACAREI;Outras;Colisão lateral;Com Vítimas Feridas;Pleno dia;Crescente;Ceu Claro;Dupla;Reta;Urbano;2;2
946495;2011-07-25;Segunda;15:00:00;SP;116;146.0;SAO JOSE DOS CAMPOS;Outras;Colisão lateral;Sem Vítimas;Pleno dia;Crescente;Sol;Dupla;Reta;Urbano;3;3
946497;2011-07-23;Sábado;05:45:00;SP;116;148.0;SAO JOSE DOS CAMPOS;Outras;Colisão lateral;Sem Vítimas;Plena noite;Decrescente;Nublado;Dupla;Reta;Urbano;2;2
946520;2011-07-23;Sábado;05:50:00;SP;116;155.9;SAO JOSE DOS CAMPOS;Dormindo;Colisão traseira;Sem Vítimas;Amanhecer;Crescente;Nublado;Dupla;Reta;Urbano;2;2
946521;2011-07-25;Segunda;19:30:00;SP;116;218.0;GUARULHOS;Falta de atenção;Colisão lateral;Sem Vítimas;Plena noite;Decrescente;Ceu Claro;Múltipla;Reta;Urbano;2;2
946525;2011-07-25;Segunda;11:00:00;SP;116;165.0;JACAREI;Falta de atenção;Colisão traseira;Sem Vítimas;Pleno dia;Decrescente;Ceu Claro;Dupla;Reta;Urbano;2;2
946535;2011-07-24;Domingo;17:25:00;SP;116;210.0;GUARULHOS;Falta de atenção;Colisão traseira;Sem Vítimas;Anoitecer;Decrescente;Ceu Claro;Dupla;Reta;Urbano;3;3
946545;2011-07-14;Quinta;15:20:00;SP;116;226.0;GUARULHOS;Outras;Colisão traseira;Sem Vítimas;Pleno dia;Decrescente;Nublado;Múltipla;Reta;Urbano;5;5
946548;2011-07-25;Segunda;14:00:00;SP;116;144.0;SAO JOSE DOS CAMPOS;Outras;Colisão lateral;Sem Vítimas;Pleno dia;Crescente;Ceu Claro;Dupla;Reta;Rural;2;2
946556;2011-07-24;Domingo;23:30:00;SP;116;212.0;GUARULHOS;Outras;Colisão traseira;Sem Vítimas;Plena noite;Crescente;Ceu Claro;Dupla;Reta;Urbano;2;2
946672;2011-07-21;Quinta;14:00:00;SP;116;102.0;PINDAMONHANGABA;Outras;Colisão com objeto móvel;Sem Vítimas;Pleno dia;Crescente;Sol;Dupla;Reta;Rural;1;1
946680;2011-07-25;Segunda;19:00:00;SP;116;147.9;SAO JOSE DOS CAMPOS;Outras;Colisão traseira;Sem Vítimas;Plena noite;Decrescente;Ceu Claro;Dupla;Reta;Urbano;3;3
946721;2011-07-23;Sábado;04:00:00;SP;116;158.0;JACAREI;Falta de atenção;Colisão com objeto fixo;Sem Vítimas;Amanhecer;Crescente;Ceu Claro;Dupla;Curva;Urbano;1;1
946849;2011-07-19;Terça;08:05:00;SP;116;157.0;SAO JOSE DOS CAMPOS;Não guardar distância de segurança;Colisão traseira;Sem Vítimas;Pleno dia;Decrescente;Nublado;Dupla;Reta;Urbano;2;2
946933;2011-07-26;Terça;11:30:00;SP;116;219.0;GUARULHOS;Outras;Colisão traseira;Sem Vítimas;Pleno dia;Crescente;Ceu Claro;Múltipla;Reta;Urbano;2;2
946959;2011-07-24;Domingo;19:22:00;SP;116;224.0;GUARULHOS;Outras;Queda de motocicleta / bicicleta / veículo;Com Vítimas Feridas;Plena noite;Crescente;Ceu Claro;Múltipla;Reta;Urbano;1;1
946962;2011-07-26;Terça;13:20:00;SP;116;217.0;GUARULHOS;Outras;Colisão traseira;Com Vítimas Feridas;Pleno dia;Decrescente;Ceu Claro;Múltipla;Reta;Urbano;2;2
946965;2011-07-24;Domingo;15:45:00;SP;116;209.8;GUARULHOS;Outras;Colisão traseira;Sem Vítimas;Pleno dia;Crescente;Ceu Claro;Dupla;Reta;Urbano;2;2
946969;2011-07-21;Quinta;07:50:00;SP;116;144.0;SAO JOSE DOS CAMPOS;Não guardar distância de segurança;Colisão traseira;Sem Vítimas;Pleno dia;Crescente;Ceu Claro;Dupla;Reta;Urbano;3;3
947039;2011-07-22;Sexta;06:00:00;SP;116;165.0;JACAREI;Falta de atenção;Colisão traseira;Com Vítimas Feridas;Amanhecer;Decrescente;Ceu Claro;Múltipla;Reta;Rural;2;2
947056;2011-07-24;Domingo;13:00:00;SP;116;201.0;GUARULHOS;Outras;Colisão lateral;Sem Vítimas;Pleno dia;Crescente;Sol;Dupla;Reta;Rural;2;2
947078;2011-07-26;Terça;07:20:00;SP;116;186.0;SANTA ISABEL;Outras;Colisão com objeto fixo;Sem Vítimas;Pleno dia;Decrescente;Ceu Claro;Simples;Curva;Rural;2;2
947091;2011-07-24;Domingo;14:40:00;SP;116;211.0;GUARULHOS;Outras;Colisão traseira;Com Vítimas Feridas;Pleno dia;Crescente;Sol;Múltipla;Reta;Urbano;3;3
947092;2011-07-26;Terça;17:40:00;SP;116;219.0;GUARULHOS;Falta de atenção;Colisão traseira;Sem Vítimas;Plena noite;Crescente;Ceu Claro;Múltipla;Reta;Urbano;2;2
947129;2011-07-25;Segunda;20:25:00;SP;116;222.0;GUARULHOS;Desobediência à sinalização;Colisão traseira;Sem Vítimas;Plena noite;Decrescente;Ceu Claro;Múltipla;Reta;Urbano;2;2
947180;2011-07-25;Segunda;17:10:00;SP;116;218.0;GUARULHOS;Falta de atenção;Colisão traseira;Com Vítimas Feridas;Anoitecer;Decrescente;Ceu Claro;Múltipla;Reta;Urbano;3;2
947196;2011-07-24;Domingo;19:00:00;SP;116;227.0;GUARULHOS;Outras;Colisão traseira;Sem Vítimas;Plena noite;Decrescente;Nublado;Múltipla;Reta;Urbano;2;2
947209;2011-07-26;Terça;07:50:00;SP;116;210.8;GUARULHOS;Outras;Colisão traseira;Sem Vítimas;Pleno dia;Crescente;Sol;Múltipla;Reta;Urbano;2;2
947217;2011-07-26;Terça;21:00:00;SP;116;157.9;JACAREI;Outras;Saída de Pista;Sem Vítimas;Plena noite;Crescente;Ceu Claro;Dupla;Curva;Urbano;1;1
947226;2011-07-24;Domingo;19:00:00;SP;116;205.5;ARUJA;Outras;Colisão traseira;Sem Vítimas;Plena noite;Crescente;Nublado;Dupla;Reta;Urbano;3;3
947232;2011-07-25;Segunda;05:30:00;SP;116;211.6;GUARULHOS;Outras;Colisão traseira;Com Vítimas Fatais;Amanhecer;Decrescente;Nublado;Múltipla;Reta;Urbano;2;2
947360;2011-07-26;Terça;20:40:00;SP;116;196.7;ARUJA;Outras;Queda de motocicleta / bicicleta / veículo;Com Vítimas Feridas;Plena noite;Decrescente;Ceu Claro;Dupla;Curva;Urbano;2;2
947491;2011-07-27;Quarta;10:35:00;SP;116;106.1;TAUBATE;Outras;Colisão traseira;Sem Vítimas;Pleno dia;Decrescente;Ceu Claro;Dupla;Reta;Rural;4;4
947580;2011-07-26;Terça;21:20:00;SP;116;226.0;GUARULHOS;Outras;Tombamento;Com Vítimas Feridas;Plena noite;Crescente;Nublado;Simples;Reta;Urbano;2;2
947632;2011-07-27;Quarta;17:30:00;SP;116;157.0;SAO JOSE DOS CAMPOS;Falta de atenção;Colisão traseira;Sem Vítimas;Anoitecer;Decrescente;Ceu Claro;Simples;Reta;Rural;2;2
947690;2011-07-27;Quarta;17:30:00;SP;116;219.0;GUARULHOS;Falta de atenção;Colisão traseira;Com Vítimas Feridas;Anoitecer;Decrescente;Ceu Claro;Múltipla;Reta;Urbano;2;2
947721;2011-07-26;Terça;12:15:00;SP;116;161.0;JACAREI;Falta de atenção;Colisão lateral;Sem Vítimas;Pleno dia;Decrescente;Ceu Claro;Simples;Reta;Urbano;2;2
947727;2011-07-27;Quarta;19:00:00;SP;116;125.0;CACAPAVA;Outras;Colisão traseira;Sem Vítimas;Plena noite;Crescente;Ceu Claro;Dupla;Reta;Urbano;2;2
947770;2011-07-24;Domingo;01:30:00;SP;116;128.7;CACAPAVA;Outras;Colisão com objeto fixo;Sem Vítimas;Plena noite;Crescente;Ceu Claro;Dupla;Reta;Urbano;1;1
947875;2011-07-25;Segunda;02:30:00;SP;116;121.0;CACAPAVA;Ingestão de álcool;Colisão lateral;Sem Vítimas;Plena noite;Crescente;Ceu Claro;Dupla;Reta;Urbano;2;2
947949;2011-07-22;Sexta;19:19:00;SP;116;182.0;SANTA ISABEL;Velocidade incompatível;Colisão traseira;Sem Vítimas;Plena noite;Decrescente;Ceu Claro;Múltipla;Reta;Urbano;2;2
948040;2011-07-24;Domingo;21:20:00;SP;116;219.0;GUARULHOS;Outras;Colisão lateral;Sem Vítimas;Plena noite;Decrescente;Ceu Claro;Múltipla;Reta;Urbano;2;2
948042;2011-07-28;Quinta;10:10:00;SP;116;137.0;SAO JOSE DOS CAMPOS;Outras;Colisão lateral;Sem Vítimas;Pleno dia;Crescente;Ceu Claro;Dupla;Reta;Urbano;4;4
948086;2011-07-25;Segunda;06:00:00;SP;116;210.0;GUARULHOS;Outras;Queda de motocicleta / bicicleta / veículo;Com Vítimas Feridas;Amanhecer;Crescente;Nublado;Múltipla;Reta;Urbano;1;1
948094;2011-07-28;Quinta;09:14:00;SP;116;143.3;SAO JOSE DOS CAMPOS;Falta de atenção;Colisão traseira;Sem Vítimas;Pleno dia;Crescente;Ceu Claro;Dupla;Reta;Urbano;5;5
948148;2011-07-20;Quarta;18:20:00;SP;116;182.0;SANTA ISABEL;Outras;Colisão traseira;Sem Vítimas;Plena noite;Decrescente;Ceu Claro;Dupla;Reta;Urbano;3;3
948149;2011-07-28;Quinta;09:20:00;SP;116;141.9;SAO JOSE DOS CAMPOS;Outras;Colisão traseira;Sem Vítimas;Pleno dia;Crescente;Sol;Dupla;Reta;Urbano;3;3
948349;2011-07-28;Quinta;23:40:00;SP;116;124.5;CACAPAVA;Outras;Colisão traseira;Sem Vítimas;Plena noite;Decrescente;Ceu Claro;Dupla;Reta;Urbano;2;2
948435;2011-07-29;Sexta;08:25:00;SP;116;142.7;SAO JOSE DOS CAMPOS;Outras;Colisão traseira;Sem Vítimas;Pleno dia;Decrescente;Ceu Claro;Dupla;Reta;Urbano;2;2
948482;2011-07-29;Sexta;08:20:00;SP;116;217.0;GUARULHOS;Não guardar distância de segurança;Colisão traseira;Sem Vítimas;Pleno dia;Crescente;Ceu Claro;Múltipla;Reta;Urbano;2;2
948523;2011-07-28;Quinta;14:30:00;SP;116;216.0;GUARULHOS;Falta de atenção;Colisão traseira;Sem Vítimas;Pleno dia;Crescente;Ceu Claro;Múltipla;Reta;Urbano;2;2
948548;2011-06-08;Quarta;07:15:00;SP;116;146.0;SAO JOSE DOS CAMPOS;Não guardar distância de segurança;Colisão traseira;Sem Vítimas;Amanhecer;Decrescente;Ceu Claro;Múltipla;Reta;Rural;4;4
948552;2011-07-28;Quinta;06:55:00;SP;116;221.0;GUARULHOS;Não guardar distância de segurança;Colisão traseira;Sem Vítimas;Amanhecer;Decrescente;Nublado;Múltipla;Reta;Urbano;3;3
948572;2011-07-23;Sábado;06:00:00;SP;116;189.0;SANTA ISABEL;Não guardar distância de segurança;Colisão traseira;Com Vítimas Feridas;Amanhecer;Crescente;Nevoeiro/neblina;Dupla;Reta;Rural;2;2
948605;2011-07-29;Sexta;07:30:00;SP;116;165.0;JACAREI;Falta de atenção;Colisão traseira;Sem Vítimas;Pleno dia;Decrescente;Ceu Claro;Dupla;Reta;Urbano;2;2
948609;2011-07-28;Quinta;07:30:00;SP;116;210.0;GUARULHOS;Outras;Colisão traseira;Com Vítimas Feridas;Amanhecer;Crescente;Ceu Claro;Múltipla;Reta;Urbano;2;2
948623;2011-07-27;Quarta;07:25:00;SP;116;211.0;GUARULHOS;Falta de atenção;Colisão traseira;Sem Vítimas;Amanhecer;Decrescente;Ceu Claro;Múltipla;Reta;Urbano;2;2
948688;2011-07-24;Domingo;19:10:00;SP;116;217.8;GUARULHOS;Falta de atenção;Colisão traseira;Sem Vítimas;Plena noite;Crescente;Ceu Claro;Múltipla;Reta;Urbano;3;3
948714;2011-07-29;Sexta;17:15:00;SP;116;144.8;SAO JOSE DOS CAMPOS;Outras;Colisão traseira;Sem Vítimas;Pleno dia;Decrescente;Ceu Claro;Dupla;Reta;Rural;2;2
948805;2011-07-21;Quinta;17:39:00;SP;116;228.0;SAO PAULO;Outras;Atropelamento de pessoa;Com Vítimas Feridas;Anoitecer;Crescente;Ceu Claro;Dupla;Reta;Urbano;2;1
948822;2011-07-29;Sexta;21:30:00;SP;116;215.0;GUARULHOS;Falta de atenção;Colisão traseira;Sem Vítimas;Plena noite;Decrescente;Ceu Claro;Múltipla;Reta;Urbano;2;2
948855;2011-07-29;Sexta;20:30:00;SP;116;220.0;GUARULHOS;Falta de atenção;Colisão lateral;Sem Vítimas;Plena noite;Crescente;Ceu Claro;Múltipla;Reta;Urbano;3;3
948876;2011-07-29;Sexta;15:30:00;SP;116;103.6;TAUBATE;Defeito mecânico em veículo;Queda de motocicleta / bicicleta / veículo;Com Vítimas Feridas;Pleno dia;Decrescente;Sol;Dupla;Reta;Rural;2;1
948914;2011-07-30;Sábado;02:00:00;SP;116;204.0;ARUJA;Não guardar distância de segurança;Colisão lateral;Sem Vítimas;Amanhecer;Decrescente;Ceu Claro;Dupla;Reta;Urbano;2;2
949037;2011-07-30;Sábado;08:30:00;SP;116;216.0;GUARULHOS;Outras;Colisão lateral;Com Vítimas Feridas;Pleno dia;Crescente;Nublado;Múltipla;Reta;Urbano;2;2
949041;2011-07-24;Domingo;10:45:00;SP;116;158.0;JACAREI;Outras;Atropelamento de pessoa;Com Vítimas Feridas;Pleno dia;Decrescente;Ceu Claro;Dupla;Reta;Urbano;2;1
949162;2011-07-24;Domingo;17:35:00;SP;116;155.0;SAO JOSE DOS CAMPOS;Outras;Capotamento;Sem Vítimas;Pleno dia;Crescente;Ceu Claro;Dupla;Curva;Urbano;1;1
949182;2011-07-25;Segunda;06:20:00;SP;116;144.2;SAO JOSE DOS CAMPOS;Outras;Colisão com objeto fixo;Com Vítimas Feridas;Pleno dia;Decrescente;Ceu Claro;Simples;Reta;Urbano;1;1
949205;2011-07-30;Sábado;08:30:00;SP;116;219.0;GUARULHOS;Falta de atenção;Colisão traseira;Com Vítimas Feridas;Pleno dia;Crescente;Ceu Claro;Múltipla;Reta;Urbano;6;6
949206;2011-07-30;Sábado;11:30:00;SP;116;131.2;CACAPAVA;Outras;Colisão traseira;Sem Vítimas;Pleno dia;Decrescente;Nublado;Dupla;Reta;Rural;3;3
949220;2011-07-26;Terça;10:20:00;SP;116;224.0;GUARULHOS;Outras;Colisão traseira;Com Vítimas Feridas;Pleno dia;Decrescente;Ceu Claro;Múltipla;Reta;Urbano;3;2
949230;2011-07-30;Sábado;16:40:00;SP;116;149.0;SAO JOSE DOS CAMPOS;Outras;Colisão traseira;Sem Vítimas;Pleno dia;Crescente;Chuva;Dupla;Reta;Urbano;3;3
949256;2011-07-30;Sábado;13:30:00;SP;116;214.0;GUARULHOS;Outras;Colisão traseira;Com Vítimas Feridas;Pleno dia;Decrescente;Nublado;Múltipla;Reta;Urbano;2;2
949343;2011-07-30;Sábado;17:30:00;SP;116;214.0;GUARULHOS;Falta de atenção;Colisão Transversal;Sem Vítimas;Anoitecer;Decrescente;Nublado;Múltipla;Reta;Urbano;2;2
949510;2011-07-31;Domingo;00:35:00;SP;116;186.0;SANTA ISABEL;Outras;Saída de Pista;Sem Vítimas;Plena noite;Crescente;Chuva;Dupla;Reta;Rural;1;1
949620;2011-07-30;Sábado;21:00:00;SP;116;161.8;JACAREI;Não guardar distância de segurança;Colisão traseira;Com Vítimas Feridas;Plena noite;Crescente;Chuva;Dupla;Reta;Urbano;3;2
949635;2011-07-30;Sábado;17:00:00;SP;116;145.0;SAO JOSE DOS CAMPOS;Falta de atenção;Colisão traseira;Sem Vítimas;Plena noite;Decrescente;Ceu Claro;Dupla;Reta;Urbano;3;3
949650;2011-07-28;Quinta;07:10:00;SP;116;158.0;JACAREI;Falta de atenção;Colisão traseira;Sem Vítimas;Pleno dia;Decrescente;Ceu Claro;Dupla;Reta;Urbano;2;2
949710;2011-07-31;Domingo;13:10:00;SP;116;144.0;SAO JOSE DOS CAMPOS;Dormindo;Colisão traseira;Sem Vítimas;Pleno dia;Crescente;Nublado;Simples;Reta;Rural;2;2
949713;2011-07-31;Domingo;14:30:00;SP;116;151.4;SAO JOSE DOS CAMPOS;Falta de atenção;Colisão lateral;Com Vítimas Feridas;Pleno dia;Crescente;Ceu Claro;Dupla;Reta;Urbano;4;2
949790;2011-07-29;Sexta;11:40:00;SP;116;142.7;SAO JOSE DOS CAMPOS;Outras;Colisão com objeto fixo;Sem Vítimas;Pleno dia;Crescente;Sol;Dupla;Reta;Urbano;1;1
949832;2011-07-31;Domingo;07:40:00;SP;116;223.0;GUARULHOS;Falta de atenção;Colisão com objeto fixo;Sem Vítimas;Pleno dia;Decrescente;Chuva;Dupla;Curva;Urbano;1;1
949835;2011-07-30;Sábado;00:40:00;SP;116;123.0;CACAPAVA;Outras;Colisão lateral;Sem Vítimas;Plena noite;Crescente;Ceu Claro;Dupla;Reta;Urbano;2;2
949895;2011-07-20;Quarta;20:00:00;SP;116;203.4;ARUJA;Outras;Colisão com objeto móvel;Sem Vítimas;Plena noite;Crescente;Ceu Claro;Dupla;Reta;Rural;1;1
949905;2011-07-20;Quarta;20:54:00;SP;116;203.4;ARUJA;Outras;Colisão com objeto móvel;Sem Vítimas;Plena noite;Crescente;Ceu Claro;Dupla;Reta;Rural;1;1
949915;2011-07-31;Domingo;16:10:00;SP;116;138.7;SAO JOSE DOS CAMPOS;Outras;Colisão traseira;Sem Vítimas;Pleno dia;Crescente;Ceu Claro;Dupla;Reta;Urbano;2;2
949917;2011-07-20;Quarta;20:10:00;SP;116;203.4;ARUJA;Outras;Colisão com objeto móvel;Sem Vítimas;Plena noite;Crescente;Ceu Claro;Dupla;Reta;Rural;1;1
949951;2011-07-31;Domingo;18:00:00;SP;116;128.7;CACAPAVA;Outras;Colisão traseira;Sem Vítimas;Amanhecer;Crescente;Ceu Claro;Dupla;Reta;Urbano;2;2
949965;2011-07-31;Domingo;17:15:00;SP;116;130.0;CACAPAVA;Outras;Colisão traseira;Sem Vítimas;Anoitecer;Crescente;Ceu Claro;Dupla;Reta;Urbano;4;4
950097;2011-07-27;Quarta;05:30:00;SP;116;173.0;GUARAREMA;Outras;Colisão com objeto fixo;Sem Vítimas;Plena noite;Crescente;Nevoeiro/neblina;Dupla;Reta;Rural;2;2
950193;2011-07-29;Sexta;13:25:00;SP;116;182.0;SANTA ISABEL;Outras;Colisão traseira;Sem Vítimas;Pleno dia;Crescente;Ceu Claro;Múltipla;Reta;Urbano;2;2
950252;2011-07-29;Sexta;18:20:00;SP;116;160.0;JACAREI;Outras;Colisão traseira;Com Vítimas Fatais;Plena noite;Crescente;Ceu Claro;Dupla;Reta;Urbano;2;2
950280;2011-07-28;Quinta;06:30:00;SP;116;204.0;ARUJA;Outras;Colisão com objeto fixo;Sem Vítimas;Pleno dia;Crescente;Ceu Claro;Múltipla;Reta;Urbano;1;1
950337;2011-08-01;Segunda;08:20:00;SP;116;138.7;SAO JOSE DOS CAMPOS;Outras;Colisão traseira;Com Vítimas Feridas;Pleno dia;Crescente;Ceu Claro;Dupla;Reta;Urbano;9;6
950432;2011-07-28;Quinta;09:00:00;SP;116;227.0;SAO PAULO;Falta de atenção;Colisão traseira;Com Vítimas Feridas;Pleno dia;Decrescente;Sol;Múltipla;Reta;Urbano;2;2
950466;2011-08-01;Segunda;06:30:00;SP;116;219.0;GUARULHOS;Falta de atenção;Colisão traseira;Com Vítimas Feridas;Amanhecer;Crescente;Ceu Claro;Múltipla;Reta;Urbano;2;2
950482;2011-07-28;Quinta;13:30:00;SP;116;130.3;CACAPAVA;Outras;Colisão traseira;Com Vítimas Feridas;Pleno dia;Decrescente;Ceu Claro;Dupla;Reta;Rural;3;2
950501;2011-07-23;Sábado;23:30:00;SP;116;218.0;GUARULHOS;Falta de atenção;Colisão traseira;Sem Vítimas;Plena noite;Decrescente;Ceu Claro;Múltipla;Reta;Urbano;2;2
950510;2011-07-15;Sexta;18:35:00;SP;116;219.0;GUARULHOS;Falta de atenção;Colisão traseira;Sem Vítimas;Plena noite;Decrescente;Ceu Claro;Múltipla;Reta;Urbano;2;2
950519;2011-08-01;Segunda;20:31:00;SP;116;120.1;CACAPAVA;Outras;Colisão com objeto fixo;Sem Vítimas;Plena noite;Crescente;Nublado;Dupla;Reta;Rural;1;1
950520;2011-07-23;Sábado;14:30:00;SP;116;219.0;GUARULHOS;Falta de atenção;Colisão traseira;Sem Vítimas;Pleno dia;Crescente;Ceu Claro;Múltipla;Reta;Urbano;2;2
950524;2011-07-27;Quarta;20:50:00;SP;116;221.0;GUARULHOS;Falta de atenção;Colisão traseira;Sem Vítimas;Plena noite;Decrescente;Ceu Claro;Múltipla;Reta;Urbano;2;2
950530;2011-07-27;Quarta;10:45:00;SP;116;219.0;GUARULHOS;Falta de atenção;Colisão traseira;Sem Vítimas;Pleno dia;Decrescente;Ceu Claro;Múltipla;Reta;Urbano;3;3
950759;2011-07-28;Quinta;09:30:00;SP;116;220.0;GUARULHOS;Não guardar distância de segurança;Colisão traseira;Sem Vítimas;Pleno dia;Decrescente;Ceu Claro;Múltipla;Reta;Urbano;2;2
950771;2011-07-28;Quinta;08:20:00;SP;116;220.0;GUARULHOS;Não guardar distância de segurança;Colisão traseira;Sem Vítimas;Pleno dia;Decrescente;Ceu Claro;Múltipla;Reta;Urbano;3;3
950901;2011-07-28;Quinta;20:35:00;SP;116;227.8;SAO PAULO;Falta de atenção;Colisão lateral;Sem Vítimas;Plena noite;Decrescente;Ceu Claro;Múltipla;Reta;Urbano;2;2
951037;2011-08-02;Terça;17:10:00;SP;116;216.0;GUARULHOS;Falta de atenção;Colisão traseira;Sem Vítimas;Pleno dia;Decrescente;Ceu Claro;Múltipla;Reta;Urbano;2;2
951047;2011-07-30;Sábado;20:30:00;SP;116;218.0;GUARULHOS;Outras;Colisão lateral;Sem Vítimas;Plena noite;Decrescente;Chuva;Múltipla;Reta;Urbano;2;2
951062;2011-08-02;Terça;18:00:00;SP;116;227.0;SAO PAULO;Falta de atenção;Colisão lateral;Sem Vítimas;Anoitecer;Crescente;Ceu Claro;Dupla;Reta;Urbano;2;2
951066;2011-07-31;Domingo;03:30:00;SP;116;220.0;GUARULHOS;Outras;Colisão traseira;Sem Vítimas;Plena noite;Decrescente;Chuva;Múltipla;Reta;Urbano;2;2
951068;2011-08-02;Terça;16:10:00;SP;116;165.0;JACAREI;Falta de atenção;Colisão traseira;Sem Vítimas;Pleno dia;Crescente;Ceu Claro;Múltipla;Reta;Urbano;2;2
951087;2011-07-25;Segunda;22:20:00;SP;116;226.0;GUARULHOS;Falta de atenção;Colisão lateral;Sem Vítimas;Plena noite;Crescente;Ceu Claro;Dupla;Reta;Urbano;2;2
951108;2011-08-01;Segunda;13:15:00;SP;116;216.5;GUARULHOS;Outras;Colisão com objeto fixo;Com Vítimas Feridas;Pleno dia;Crescente;Sol;Múltipla;Reta;Urbano;2;1
951169;2011-07-29;Sexta;22:00:00;SP;116;186.0;SANTA ISABEL;Falta de atenção;Colisão traseira;Sem Vítimas;Plena noite;Crescente;Ceu Claro;Dupla;Reta;Rural;2;2
951189;2011-07-29;Sexta;23:35:00;SP;116;150.5;SAO JOSE DOS CAMPOS;Outras;Colisão com objeto móvel;Sem Vítimas;Plena noite;Crescente;Ceu Claro;Dupla;Reta;Rural;3;3
951199;2011-08-02;Terça;14:45:00;SP;116;214.0;GUARULHOS;Falta de atenção;Colisão traseira;Sem Vítimas;Pleno dia;Decrescente;Ceu Claro;Múltipla;Reta;Rural;2;2
951327;2011-07-31;Domingo;01:15:00;SP;116;133.0;CACAPAVA;Outras;Colisão com objeto fixo;Sem Vítimas;Plena noite;Decrescente;Nublado;Dupla;Reta;Rural;1;1
951343;2011-07-29;Sexta;19:30:00;SP;116;151.0;SAO JOSE DOS CAMPOS;Outras;Queda de motocicleta / bicicleta / veículo;Com Vítimas Feridas;Anoitecer;Crescente;Ceu Claro;Dupla;Reta;Urbano;2;1
951418;2011-08-01;Segunda;23:10:00;SP;116;215.9;GUARULHOS;Falta de atenção;Colisão traseira;Com Vítimas Feridas;Plena noite;Decrescente;Nublado;Múltipla;Reta;Urbano;9;4
951421;2011-08-02;Terça;17:00:00;SP;116;162.0;JACAREI;Outras;Colisão traseira;Com Vítimas Feridas;Pleno dia;Decrescente;Ceu Claro;Dupla;Reta;Urbano;2;2
951425;2011-08-02;Terça;18:35:00;SP;116;219.0;GUARULHOS;Falta de atenção;Colisão traseira;Com Vítimas Feridas;Anoitecer;Decrescente;Ceu Claro;Múltipla;Reta;Urbano;4;3
951429;2011-08-03;Quarta;10:05:00;SP;116;215.0;GUARULHOS;Outras;Colisão com objeto fixo;Com Vítimas Feridas;Pleno dia;Decrescente;Ceu Claro;Dupla;Reta;Urbano;2;2
951474;2011-08-01;Segunda;06:45:00;SP;116;209.0;GUARULHOS;Outras;Colisão com objeto fixo;Sem Vítimas;Amanhecer;Crescente;Ceu Claro;Múltipla;Reta;Urbano;1;1
951477;2011-08-01;Segunda;06:40:00;SP;116;214.0;GUARULHOS;Falta de atenção;Colisão lateral;Sem Vítimas;Pleno dia;Decrescente;Nublado;Múltipla;Reta;Urbano;2;2
951493;2011-07-27;Quarta;03:10:00;SP;116;167.6;JACAREI;Dormindo;Colisão traseira;Sem Vítimas;Plena noite;Decrescente;Nublado;Dupla;Reta;Rural;2;2
951550;2011-08-03;Quarta;14:38:00;SP;116;157.2;SAO JOSE DOS CAMPOS;Não guardar distância de segurança;Colisão traseira;Sem Vítimas;Pleno dia;Decrescente;Nublado;Dupla;Reta;Urbano;2;2
951594;2011-07-30;Sábado;20:00:00;SP;116;150.1;SAO JOSE DOS CAMPOS;Falta de atenção;Colisão lateral;Sem Vítimas;Plena noite;Crescente;Chuva;Dupla;Reta;Urbano;2;2
951778;2011-07-31;Domingo;02:30:00;SP;116;143.5;SAO JOSE DOS CAMPOS;Dormindo;Queda de motocicleta / bicicleta / veículo;Com Vítimas Feridas;Plena noite;Decrescente;Nublado;Dupla;Reta;Urbano;1;1
951827;2011-07-30;Sábado;20:30:00;SP;116;223.0;GUARULHOS;Outras;Queda de motocicleta / bicicleta / veículo;Sem Vítimas;Plena noite;Decrescente;Nublado;Simples;Reta;Urbano;1;1
951846;2011-07-30;Sábado;07:45:00;SP;116;223.0;GUARULHOS;Outras;Capotamento;Sem Vítimas;Amanhecer;Crescente;Nublado;Simples;Reta;Urbano;1;1
951848;2011-08-03;Quarta;15:50:00;SP;116;227.0;GUARULHOS;Não guardar distância de segurança;Colisão lateral;Sem Vítimas;Pleno dia;Decrescente;Nublado;Múltipla;Reta;Urbano;2;2
951850;2011-08-01;Segunda;06:20:00;SP;116;212.0;GUARULHOS;Outras;Colisão lateral;Sem Vítimas;Amanhecer;Decrescente;Nublado;Múltipla;Reta;Urbano;2;2
951855;2011-07-31;Domingo;18:30:00;SP;116;128.0;CACAPAVA;Outras;Colisão traseira;Com Vítimas Feridas;Anoitecer;Crescente;Ceu Claro;Dupla;Reta;Urbano;4;3