id;data_inversa;dia_semana;horario;uf;br;km;municipio;causa_acidente;tipo_acidente;classificacao_acidente;fase_dia;sentido_via;condicao_metereologica;tipo_pista;tracado_via;uso_solo;pessoas;veiculos
959000;2011-08-13;Sábado;18:25:00;SP;116;219.7;GUARULHOS;Falta de atenção;Colisão lateral;Sem Vítimas;Plena noite;Decrescente;Ceu Claro;Múltipla;Reta;Urbano;2;2
959026;2011-08-13;Sábado;14:35:00;SP;116;111.8;TAUBATE;Outras;Colisão com objeto fixo;Sem Vítimas;Pleno dia;Crescente;Ceu Claro;Dupla;Reta;Urbano;1;1
959072;2011-08-13;Sábado;19:30:00;SP;116;221.0;GUARULHOS;Outras;Atropelamento de pessoa;Com Vítimas Feridas;Plena noite;Decrescente;Ceu Claro;Múltipla;Reta;Urbano;2;1
959240;2011-08-13;Sábado;21:30:00;SP;116;158.5;JACAREI;Outras;Atropelamento de pessoa;Sem Vítimas;Plena noite;Decrescente;Ceu Claro;Dupla;Reta;Urbano;2;1
959546;2011-08-14;Domingo;19:00:00;SP;116;150.0;SAO JOSE DOS CAMPOS;Outras;Colisão traseira;Sem Vítimas;Anoitecer;Crescente;Nublado;Dupla;Reta;Rural;3;3
959547;2011-08-14;Domingo;18:30:00;SP;116;146.6;SAO JOSE DOS CAMPOS;Outras;Colisão traseira;Sem Vítimas;Pleno dia;Decrescente;Nublado;Múltipla;Reta;Urbano;3;3
959571;2011-08-10;Quarta;15:50:00;SP;116;224.0;GUARULHOS;Falta de atenção;Colisão traseira;Sem Vítimas;Pleno dia;Decrescente;Ceu Claro;Dupla;Reta;Urbano;3;3
959631;2011-08-14;Domingo;14:30:00;SP;116;219.0;GUARULHOS;Outras;Tombamento;Sem Vítimas;Pleno dia;Decrescente;Ceu Claro;Múltipla;Curva;Urbano;1;1
959635;2011-08-14;Domingo;21:35:00;SP;116;189.4;SANTA ISABEL;Outras;Colisão com objeto fixo;Sem Vítimas;Plena noite;Crescente;Chuva;Dupla;Reta;Rural;1;1
959908;2011-08-13;Sábado;19:50:00;SP;116;202.0;ARUJA;Outras;Atropelamento de pessoa;Com Vítimas Fatais;Plena noite;Crescente;Ceu Claro;Dupla;Reta;Rural;2;1
959941;2011-08-15;Segunda;06:50:00;SP;116;183.3;SANTA ISABEL;Defeito mecânico em veículo;Queda de motocicleta / bicicleta / veículo;Com Vítimas Feridas;Pleno dia;Decrescente;Nublado;Dupla;Reta;Rural;1;1
959943;2011-08-11;Quinta;19:15:00;SP;116;148.0;SAO JOSE DOS CAMPOS;Falta de atenção;Colisão traseira;Sem Vítimas;Plena noite;Decrescente;Ceu Claro;Dupla;Reta;Urbano;4;4
959973;2011-08-15;Segunda;09:00:00;SP;116;211.0;GUARULHOS;Falta de atenção;Colisão lateral;Sem Vítimas;Pleno dia;Decrescente;Ceu Claro;Múltipla;Reta;Urbano;2;2
960147;2011-08-15;Segunda;18:00:00;SP;116;104.8;TAUBATE;Outras;Queda de motocicleta / bicicleta / veículo;Com Vítimas Feridas;Anoitecer;Crescente;Ceu Claro;Múltipla;Reta;Rural;1;1
960170;2011-08-12;Sexta;16:30:00;SP;116;222.0;GUARULHOS;Outras;Colisão com objeto fixo;Com Vítimas Feridas;Pleno dia;Crescente;Ceu Claro;Dupla;Reta;Urbano;1;1
960179;2011-08-12;Sexta;16:30:00;SP;116;221.0;GUARULHOS;Falta de atenção;Colisão lateral;Sem Vítimas;Pleno dia;Decrescente;Ceu Claro;Múltipla;Reta;Urbano;2;2
960196;2011-08-12;Sexta;15:30:00;SP;116;221.0;GUARULHOS;Outras;Colisão lateral;Com Vítimas Feridas;Pleno dia;Decrescente;Ceu Claro;Múltipla;Reta;Urbano;4;4
960333;2011-08-15;Segunda;08:40:00;SP;116;219.0;GUARULHOS;Não guardar distância de segurança;Colisão lateral;Sem Vítimas;Pleno dia;Decrescente;Nublado;Múltipla;Reta;Urbano;2;2
960352;2011-08-12;Sexta;22:30:00;SP;116;117.3;TAUBATE;Outras;Colisão com objeto fixo;Sem Vítimas;Plena noite;Decrescente;Ceu Claro;Dupla;Reta;Rural;1;1
960388;2011-08-13;Sábado;03:20:00;SP;116;147.8;SAO JOSE DOS CAMPOS;Ingestão de álcool;Colisão com objeto fixo;Sem Vítimas;Plena noite;Crescente;Ceu Claro;Simples;Reta;Urbano;1;1
960411;2011-08-12;Sexta;21:00:00;SP;116;137.0;SAO JOSE DOS CAMPOS;Outras;Colisão traseira;Sem Vítimas;Plena noite;Decrescente;Ceu Claro;Dupla;Reta;Rural;2;2
960446;2011-08-08;Segunda;06:00:00;SP;116;229.0;GUARULHOS;Falta de atenção;Colisão traseira;Sem Vítimas;Amanhecer;Crescente;Nublado;Simples;Reta;Urbano;6;6
960474;2011-08-13;Sábado;08:30:00;SP;116;162.0;JACAREI;Falta de atenção;Colisão traseira;Sem Vítimas;Pleno dia;Crescente;Ceu Claro;Dupla;Reta;Rural;2;2
960483;2011-08-13;Sábado;14:30:00;SP;116;165.0;JACAREI;Não guardar distância de segurança;Colisão traseira;Sem Vítimas;Pleno dia;Decrescente;Sol;Dupla;Reta;Rural;2;2
960537;2011-08-16;Terça;04:15:00;SP;116;115.6;TAUBATE;Outras;Colisão traseira;Com Vítimas Feridas;Amanhecer;Crescente;Ceu Claro;Dupla;Reta;Urbano;4;2
960576;2011-08-16;Terça;10:32:00;SP;116;104.6;TAUBATE;Outras;Colisão lateral;Sem Vítimas;Pleno dia;Crescente;Ceu Claro;Dupla;Reta;Rural;3;3
960653;2011-08-13;Sábado;04:40:00;SP;116;142.7;SAO JOSE DOS CAMPOS;Outras;Colisão traseira;Sem Vítimas;Amanhecer;Crescente;Ceu Claro;Dupla;Reta;Urbano;2;2
960664;2011-08-16;Terça;10:30:00;SP;116;174.0;GUARAREMA;Falta de atenção;Colisão traseira;Sem Vítimas;Pleno dia;Decrescente;Ceu Claro;Simples;Reta;Rural;2;2
960665;2011-08-16;Terça;13:35:00;SP;116;125.1;CACAPAVA;Outras;Colisão com objeto fixo;Sem Vítimas;Pleno dia;Crescente;Sol;Dupla;Reta;Urbano;1;1
960669;2011-08-16;Terça;12:15:00;SP;116;99.0;PINDAMONHANGABA;Outras;Colisão com objeto móvel;Sem Vítimas;Pleno dia;Crescente;Ceu Claro;Simples;Curva;Urbano;2;2
960674;2011-08-16;Terça;15:58:00;SP;116;123.4;CACAPAVA;Outras;Colisão traseira;Sem Vítimas;Pleno dia;Decrescente;Sol;Dupla;Reta;Rural;2;2
960714;2011-08-12;Sexta;15:50:00;SP;116;155.0;SAO JOSE DOS CAMPOS;Falta de atenção;Colisão lateral;Sem Vítimas;Pleno dia;Crescente;Ceu Claro;Dupla;Reta;Urbano;2;2
960813;2011-08-16;Terça;14:45:00;SP;116;220.0;GUARULHOS;Falta de atenção;Colisão lateral;Sem Vítimas;Pleno dia;Decrescente;Ceu Claro;Múltipla;Reta;Urbano;2;2
960823;2011-08-12;Sexta;12:30:00;SP;116;226.0;GUARULHOS;Falta de atenção;Colisão traseira;Sem Vítimas;Pleno dia;Crescente;Ceu Claro;Múltipla;Reta;Urbano;2;2
960826;2011-08-16;Terça;08:15:00;SP;116;218.0;GUARULHOS;Falta de atenção;Colisão traseira;Sem Vítimas;Pleno dia;Crescente;Ceu Claro;Múltipla;Reta;Urbano;3;3
960913;2011-08-17;Quarta;06:05:00;SP;116;189.7;SANTA ISABEL;Falta de atenção;Colisão lateral;Sem Vítimas;Pleno dia;Crescente;Ceu Claro;Dupla;Reta;Urbano;2;2
960921;2011-08-14;Domingo;05:20:00;SP;116;131.0;CACAPAVA;Outras;Capotamento;Sem Vítimas;Amanhecer;Decrescente;Ceu Claro;Simples;Reta;Rural;1;1
960951;2011-08-14;Domingo;03:20:00;SP;116;108.0;TAUBATE;Outras;Colisão traseira;Com Vítimas Feridas;Anoitecer;Crescente;Ceu Claro;Dupla;Reta;Urbano;2;2
960961;2011-08-15;Segunda;19:10:00;SP;116;228.8;SAO PAULO;Outras;Colisão traseira;Sem Vítimas;Plena noite;Decrescente;Ceu Claro;Múltipla;Reta;Urbano;3;3
960978;2011-08-06;Sábado;22:00:00;SP;116;228.0;GUARULHOS;Outras;Colisão lateral;Sem Vítimas;Plena noite;Crescente;Ceu Claro;Múltipla;Reta;Urbano;2;2
960993;2011-08-06;Sábado;11:20:00;SP;116;227.0;GUARULHOS;Outras;Colisão traseira;Com Vítimas Feridas;Pleno dia;Crescente;Ceu Claro;Múltipla;Reta;Urbano;2;2
961032;2011-08-16;Terça;07:50:00;SP;116;160.0;JACAREI;Não guardar distância de segurança;Colisão traseira;Sem Vítimas;Pleno dia;Decrescente;Ceu Claro;Dupla;Reta;Urbano;2;2
961052;2011-06-27;Segunda;05:30:00;SP;116;213.0;GUARULHOS;Outras;Colisão traseira;Sem Vítimas;Amanhecer;Crescente;Chuva;Múltipla;Reta;Urbano;3;3
961057;2011-08-17;Quarta;12:00:00;SP;116;221.0;GUARULHOS;Outras;Colisão traseira;Sem Vítimas;Pleno dia;Decrescente;Ceu Claro;Dupla;Reta;Urbano;2;2
961153;2011-08-17;Quarta;13:50:00;SP;116;99.0;PINDAMONHANGABA;Outras;Incêndio;Sem Vítimas;Pleno dia;Decrescente;Sol;Dupla;Reta;Urbano;1;1
961285;2011-08-16;Terça;15:00:00;SP;116;211.0;GUARULHOS;Falta de atenção;Colisão lateral;Sem Vítimas;Pleno dia;Decrescente;Ceu Claro;Múltipla;Reta;Urbano;2;2
961302;2011-08-14;Domingo;04:12:00;SP;116;102.3;PINDAMONHANGABA;Outras;Colisão lateral;Sem Vítimas;Plena noite;Decrescente;Ceu Claro;Dupla;Reta;Rural;2;2
961307;2011-08-13;Sábado;01:30:00;SP;116;212.0;GUARULHOS;Outras;Capotamento;Sem Vítimas;Plena noite;Crescente;Ceu Claro;Múltipla;Reta;Urbano;1;1
961314;2011-08-17;Quarta;08:20:00;SP;116;228.0;SAO PAULO;Outras;Colisão traseira;Com Vítimas Feridas;Pleno dia;Crescente;Sol;Múltipla;Reta;Urbano;2;2
961317;2011-08-17;Quarta;10:00:00;SP;116;226.0;GUARULHOS;Outras;Colisão traseira;Sem Vítimas;Pleno dia;Crescente;Sol;Múltipla;Reta;Urbano;2;2
961449;2011-08-17;Quarta;20:00:00;SP;116;222.4;GUARULHOS;Outras;Colisão com objeto fixo;Com Vítimas Feridas;Plena noite;Crescente;Ceu Claro;Múltipla;Reta;Urbano;2;1
961473;2011-08-11;Quinta;17:30:00;SP;116;147.0;SAO JOSE DOS CAMPOS;Outras;Colisão lateral;Sem Vítimas;Anoitecer;Decrescente;Nublado;Dupla;Reta;Urbano;2;2
961482;2011-08-07;Domingo;04:20:00;SP;116;226.5;GUARULHOS;Falta de atenção;Capotamento;Com Vítimas Feridas;Plena noite;Decrescente;Ceu Claro;Múltipla;Reta;Urbano;3;1
961497;2011-08-16;Terça;08:30:00;SP;116;145.0;SAO JOSE DOS CAMPOS;Não guardar distância de segurança;Colisão traseira;Sem Vítimas;Pleno dia;Crescente;Sol;Dupla;Reta;Urbano;2;2
961615;2011-08-18;Quinta;09:00:00;SP;116;222.0;GUARULHOS;Desobediência à sinalização;Colisão lateral;Sem Vítimas;Pleno dia;Decrescente;Ceu Claro;Múltipla;Reta;Urbano;3;3
961632;2011-08-18;Quinta;11:30:00;SP;116;219.0;GUARULHOS;Falta de atenção;Colisão traseira;Sem Vítimas;Pleno dia;Crescente;Ceu Claro;Múltipla;Reta;Urbano;2;2
961679;2011-08-11;Quinta;18:20:00;SP;116;148.4;SAO JOSE DOS CAMPOS;Não guardar distância de segurança;Colisão traseira;Sem Vítimas;Plena noite;Decrescente;Ceu Claro;Dupla;Reta;Urbano;3;3
961735;2011-08-18;Quinta;01:45:00;SP;116;227.0;GUARULHOS;Outras;Colisão traseira;Sem Vítimas;Plena noite;Crescente;Nublado;Múltipla;Reta;Urbano;3;3
961746;2011-08-18;Quinta;16:30:00;SP;116;159.0;JACAREI;Outras;Saída de Pista;Sem Vítimas;Anoitecer;Decrescente;Ceu Claro;Dupla;Reta;Rural;1;1
961768;2011-08-18;Quinta;17:00:00;SP;116;113.6;TAUBATE;Falta de atenção;Colisão lateral;Sem Vítimas;Pleno dia;Crescente;Ceu Claro;Dupla;Reta;Urbano;2;2
961825;2011-08-18;Quinta;17:15:00;SP;116;145.5;SAO JOSE DOS CAMPOS;Não guardar distância de segurança;Colisão lateral;Sem Vítimas;Anoitecer;Decrescente;Ceu Claro;Dupla;Reta;Rural;2;2
961868;2011-08-18;Quinta;19:10:00;SP;116;159.0;JACAREI;Outras;Colisão lateral;Sem Vítimas;Plena noite;Decrescente;Nublado;Simples;Reta;Urbano;2;2
961871;2011-08-18;Quinta;20:30:00;SP;116;217.0;GUARULHOS;Não guardar distância de segurança;Colisão traseira;Sem Vítimas;Plena noite;Decrescente;Ceu Claro;Múltipla;Reta;Urbano;3;3
961880;2011-08-15;Segunda;09:00:00;SP;116;182.0;SANTA ISABEL;Não guardar distância de segurança;Colisão traseira;Sem Vítimas;Pleno dia;Decrescente;Ceu Claro;Múltipla;Reta;Rural;2;2
961890;2011-08-18;Quinta;19:35:00;SP;116;160.0;JACAREI;Falta de atenção;Colisão traseira;Sem Vítimas;Plena noite;Decrescente;Nublado;Simples;Reta;Urbano;4;4
961940;2011-08-14;Domingo;19:50:00;SP;116;224.0;GUARULHOS;Falta de atenção;Colisão lateral;Sem Vítimas;Plena noite;Decrescente;Ceu Claro;Dupla;Reta;Urbano;2;2
961974;2011-08-14;Domingo;23:00:00;SP;116;222.0;GUARULHOS;Falta de atenção;Colisão com objeto fixo;Sem Vítimas;Plena noite;Crescente;Ceu Claro;Múltipla;Reta;Urbano;1;1
961976;2011-06-08;Quarta;07:15:00;SP;116;146.0;SAO JOSE DOS CAMPOS;Não guardar distância de segurança;Colisão traseira;Sem Vítimas;Amanhecer;Decrescente;Ceu Claro;Dupla;Reta;Rural;5;5
962054;2011-08-18;Quinta;16:20:00;SP;116;165.0;JACAREI;Outras;Colisão com objeto fixo;Sem Vítimas;Pleno dia;Decrescente;Ceu Claro;Múltipla;Reta;Rural;1;1
962057;2011-08-13;Sábado;22:10:00;SP;116;158.0;JACAREI;Outras;Colisão com objeto fixo;Sem Vítimas;Plena noite;Decrescente;Ceu Claro;Dupla;Reta;Urbano;1;1
962079;2011-08-17;Quarta;15:00:00;SP;116;165.0;JACAREI;Outras;Colisão traseira;Sem Vítimas;Pleno dia;Decrescente;Sol;Múltipla;Reta;Urbano;2;2
962080;2011-08-11;Quinta;17:50:00;SP;116;148.4;SAO JOSE DOS CAMPOS;Não guardar distância de segurança;Colisão traseira;Sem Vítimas;Anoitecer;Decrescente;Nublado;Dupla;Reta;Urbano;2;2
962097;2011-08-17;Quarta;19:15:00;SP;116;174.0;JACAREI;Outras;Capotamento;Com Vítimas Feridas;Plena noite;Decrescente;Ceu Claro;Dupla;Reta;Rural;2;1
962104;2011-08-11;Quinta;16:05:00;SP;116;145.8;SAO JOSE DOS CAMPOS;Outras;Queda de motocicleta / bicicleta / veículo;Com Vítimas Feridas;Pleno dia;Crescente;Sol;Dupla;Reta;Urbano;2;1
962108;2011-08-19;Sexta;04:12:00;SP;116;183.0;SANTA ISABEL;Dormindo;Colisão traseira;Com Vítimas Feridas;Plena noite;Crescente;Ceu Claro;Dupla;Reta;Rural;2;2
962209;2011-08-19;Sexta;12:20:00;SP;116;226.0;GUARULHOS;Desobediência à sinalização;Colisão traseira;Sem Vítimas;Pleno dia;Crescente;Sol;Múltipla;Cruzamento;Urbano;2;2
962228;2011-08-19;Sexta;13:15:00;SP;116;218.0;GUARULHOS;Não guardar distância de segurança;Colisão lateral;Sem Vítimas;Pleno dia;Decrescente;Ceu Claro;Múltipla;Reta;Urbano;2;2
962262;2011-08-19;Sexta;13:30:00;SP;116;204.0;ARUJA;Não guardar distância de segurança;Colisão traseira;Sem Vítimas;Pleno dia;Crescente;Ceu Claro;Múltipla;Reta;Urbano;2;2
962295;2011-08-16;Terça;07:25:00;SP;116;147.6;SAO JOSE DOS CAMPOS;Não guardar distância de segurança;Colisão traseira;Sem Vítimas;Pleno dia;Decrescente;Sol;Dupla;Reta;Urbano;2;2
962341;2011-08-19;Sexta;16:15:00;SP;116;215.0;GUARULHOS;Outras;Colisão traseira;Sem Vítimas;Pleno dia;Decrescente;Sol;Múltipla;Reta;Urbano;2;2
962537;2011-08-15;Segunda;07:50:00;SP;116;225.0;GUARULHOS;Não guardar distância de segurança;Colisão lateral;Sem Vítimas;Pleno dia;Decrescente;Nublado;Simples;Reta;Urbano;2;2
962552;2011-08-19;Sexta;08:00:00;SP;116;220.0;GUARULHOS;Outras;Queda de motocicleta / bicicleta / veículo;Com Vítimas Feridas;Pleno dia;Decrescente;Sol;Simples;Reta;Urbano;1;1
962634;2011-08-16;Terça;10:32:00;SP;116;104.6;TAUBATE;Outras;Colisão traseira;Com Vítimas Feridas;Pleno dia;Crescente;Ceu Claro;Dupla;Reta;Urbano;2;2
962701;2011-08-17;Quarta;05:25:00;SP;116;102.0;PINDAMONHANGABA;Outras;Colisão traseira;Sem Vítimas;Amanhecer;Decrescente;Ceu Claro;Dupla;Reta;Urbano;2;2
962704;2011-08-17;Quarta;00:10:00;SP;116;216.0;GUARULHOS;Desobediência à sinalização;Atropelamento de pessoa;Com Vítimas Feridas;Plena noite;Decrescente;Ceu Claro;Múltipla;Reta;Urbano;7;4
962743;2011-08-20;Sábado;09:13:00;SP;116;187.0;SANTA ISABEL;Falta de atenção;Colisão lateral;Sem Vítimas;Pleno dia;Crescente;Chuva;Dupla;Reta;Urbano;2;2
962756;2011-08-20;Sábado;14:30:00;SP;116;120.2;CACAPAVA;Outras;Colisão lateral;Sem Vítimas;Pleno dia;Decrescente;Nublado;Dupla;Reta;Rural;2;2
962765;2011-08-20;Sábado;14:15:00;SP;116;216.7;GUARULHOS;Falta de atenção;Colisão com objeto fixo;Sem Vítimas;Pleno dia;Decrescente;Chuva;Múltipla;Reta;Urbano;1;1
962771;2011-08-18;Quinta;18:40:00;SP;116;203.0;ARUJA;Falta de atenção;Colisão lateral;Sem Vítimas;Plena noite;Decrescente;Ceu Claro;Dupla;Reta;Urbano;2;2
962819;2011-08-20;Sábado;17:00:00;SP;116;210.0;GUARULHOS;Falta de atenção;Colisão lateral;Sem Vítimas;Pleno dia;Decrescente;Ceu Claro;Múltipla;Reta;Urbano;2;2
962824;2011-08-20;Sábado;14:30:00;SP;116;165.0;JACAREI;Não guardar distância de segurança;Colisão traseira;Sem Vítimas;Pleno dia;Crescente;Nublado;Simples;Reta;Rural;2;2
962889;2011-08-20;Sábado;16:00:00;SP;116;187.0;SANTA ISABEL;Outras;Saída de Pista;Sem Vítimas;Pleno dia;Crescente;Chuva;Simples;Reta;Rural;2;2
962891;2011-08-20;Sábado;15:40:00;SP;116;161.7;JACAREI;Falta de atenção;Colisão lateral;Sem Vítimas;Pleno dia;Crescente;Nublado;Simples;Curva;Rural;2;2
962943;2011-08-20;Sábado;15:30:00;SP;116;218.0;GUARULHOS;Falta de atenção;Colisão traseira;Sem Vítimas;Pleno dia;Decrescente;Chuva;Múltipla;Reta;Urbano;3;3
963066;2011-08-20;Sábado;22:30:00;SP;116;117.0;TAUBATE;Outras;Colisão com objeto fixo;Com Vítimas Feridas;Plena noite;Decrescente;Chuva;Dupla;Reta;Rural;3;2
963076;2011-08-20;Sábado;20:30:00;SP;116;149.0;SAO JOSE DOS CAMPOS;Falta de atenção;Colisão traseira;Sem Vítimas;Plena noite;Decrescente;Chuva;Dupla;Reta;Urbano;3;3
963147;2011-08-17;Quarta;17:50:00;SP;116;154.0;SAO JOSE DOS CAMPOS;Outras;Colisão traseira;Sem Vítimas;Anoitecer;Crescente;Ceu Claro;Simples;Reta;Urbano;3;3
963149;2011-08-18;Quinta;08:10:00;SP;116;154.0;SAO JOSE DOS CAMPOS;Outras;Colisão lateral;Sem Vítimas;Pleno dia;Crescente;Ceu Claro;Dupla;Reta;Urbano;2;2
963162;2011-08-18;Quinta;05:50:00;SP;116;214.0;GUARULHOS;Outras;Colisão traseira;Sem Vítimas;Plena noite;Crescente;Nublado;Múltipla;Reta;Urbano;2;2
963163;2011-08-13;Sábado;18:37:00;SP;116;108.9;TAUBATE;Ingestão de álcool;Queda de motocicleta / bicicleta / veículo;Com Vítimas Feridas;Plena noite;Crescente;Nublado;Dupla;Reta;Urbano;1;1
963164;2011-08-18;Quinta;01:00:00;SP;116;158.0;JACAREI;Outras;Atropelamento de pessoa;Com Vítimas Feridas;Plena noite;Decrescente;Ceu Claro;Dupla;Reta;Urbano;2;1
963181;2011-08-20;Sábado;08:05:00;SP;116;150.0;SAO JOSE DOS CAMPOS;Falta de atenção;Colisão traseira;Com Vítimas Feridas;Pleno dia;Decrescente;Chuva;Dupla;Reta;Urbano;4;4
963195;2011-08-19;Sexta;22:30:00;SP;116;165.2;SAO JOSE DOS CAMPOS;Defeito mecânico em veículo;Colisão lateral;Sem Vítimas;Plena noite;Decrescente;Ceu Claro;Dupla;Reta;Urbano;2;2
963232;2011-08-18;Quinta;01:55:00;SP;116;189.0;SANTA ISABEL;Dormindo;Saída de Pista;Sem Vítimas;Plena noite;Decrescente;Ceu Claro;Dupla;Reta;Rural;2;2
963238;2011-08-18;Quinta;07:50:00;SP;116;132.6;CACAPAVA;Outras;Colisão traseira;Sem Vítimas;Pleno dia;Crescente;Ceu Claro;Dupla;Reta;Urbano;2;2
963382;2011-08-17;Quarta;15:05:00;SP;116;182.0;SANTA ISABEL;Outras;Colisão traseira;Sem Vítimas;Pleno dia;Decrescente;Ceu Claro;Dupla;Reta;Rural;2;2
963411;2011-08-18;Quinta;08:40:00;SP;116;154.0;SAO JOSE DOS CAMPOS;Outras;Colisão traseira;Sem Vítimas;Pleno dia;Decrescente;Ceu Claro;Dupla;Reta;Urbano;3;3
963444;2011-08-21;Domingo;23:55:00;SP;116;149.7;SAO JOSE DOS CAMPOS;Outras;Colisão lateral;Sem Vítimas;Plena noite;Decrescente;Ceu Claro;Múltipla;Reta;Urbano;2;2
963522;2011-08-22;Segunda;04:15:00;SP;116;210.9;GUARULHOS;Outras;Atropelamento de pessoa;Com Vítimas Feridas;Plena noite;Crescente;Nublado;Dupla;Reta;Urbano;2;1
963535;2011-08-05;Sexta;18:20:00;SP;116;114.2;TAUBATE;Outras;Colisão traseira;Sem Vítimas;Plena noite;Decrescente;Nublado;Dupla;Reta;Urbano;2;2
963598;2011-08-21;Domingo;06:15:00;SP;116;147.0;SAO JOSE DOS CAMPOS;Outras;Colisão lateral;Com Vítimas Feridas;Amanhecer;Decrescente;Chuva;Dupla;Reta;Urbano;4;2
963609;2011-08-17;Quarta;00:10:00;SP;116;110.0;TAUBATE;Outras;Colisão traseira;Com Vítimas Feridas;Plena noite;Decrescente;Ceu Claro;Dupla;Reta;Urbano;2;2
963643;2011-08-22;Segunda;08:50:00;SP;116;180.0;SANTA ISABEL;Outras;Colisão traseira;Sem Vítimas;Pleno dia;Crescente;Chuva;Múltipla;Reta;Rural;3;3
963758;2011-08-19;Sexta;14:30:00;SP;116;144.0;SAO JOSE DOS CAMPOS;Falta de atenção;Colisão lateral;Sem Vítimas;Pleno dia;Decrescente;Sol;Dupla;Reta;Urbano;2;2
963840;2011-08-22;Segunda;17:00:00;SP;116;157.8;SAO JOSE DOS CAMPOS;Outras;Colisão com objeto fixo;Sem Vítimas;Pleno dia;Crescente;Nublado;Simples;Reta;Urbano;2;2
963895;2011-08-19;Sexta;16:40:00;SP;116;152.0;SAO JOSE DOS CAMPOS;Outras;Atropelamento de pessoa;Com Vítimas Feridas;Pleno dia;Decrescente;Sol;Dupla;Reta;Urbano;2;1
963937;2011-08-19;Sexta;23:00:00;SP;116;148.0;SAO JOSE DOS CAMPOS;Não guardar distância de segurança;Colisão traseira;Sem Vítimas;Plena noite;Decrescente;Nublado;Dupla;Reta;Urbano;3;3
963944;2011-08-22;Segunda;17:15:00;SP;116;106.5;TAUBATE;Outras;Colisão lateral;Sem Vítimas;Anoitecer;Decrescente;Nublado;Dupla;Reta;Urbano;2;2
963952;2011-08-20;Sábado;03:30:00;SP;116;226.0;GUARULHOS;Outras;Colisão com objeto fixo;Sem Vítimas;Plena noite;Crescente;Nublado;Simples;Reta;Urbano;1;1
963978;2011-08-15;Segunda;16:40:00;SP;116;219.0;GUARULHOS;Desobediência à sinalização;Queda de motocicleta / bicicleta / veículo;Sem Vítimas;Anoitecer;Decrescente;Nublado;Simples;Reta;Urbano;1;1
963992;2011-08-22;Segunda;18:50:00;SP;116;107.8;TAUBATE;Outras;Colisão traseira;Sem Vítimas;Plena noite;Decrescente;Nublado;Dupla;Reta;Urbano;2;2
964021;2011-08-18;Quinta;08:10:00;SP;116;225.0;GUARULHOS;Falta de atenção;Colisão traseira;Sem Vítimas;Pleno dia;Crescente;Ceu Claro;Dupla;Reta;Urbano;4;4
964023;2011-08-18;Quinta;16:10:00;SP;116;227.0;GUARULHOS;Outras;Colisão lateral;Sem Vítimas;Pleno dia;Decrescente;Ceu Claro;Dupla;Reta;Urbano;2;2
964033;2011-08-22;Segunda;22:30:00;SP;116;224.0;GUARULHOS;Falta de atenção;Colisão lateral;Sem Vítimas;Plena noite;Crescente;Ceu Claro;Dupla;Reta;Urbano;2;2
964095;2011-08-23;Terça;04:15:00;SP;116;157.3;SAO JOSE DOS CAMPOS;Falta de atenção;Colisão traseira;Sem Vítimas;Plena noite;Crescente;Chuva;Dupla;Reta;Urbano;2;2
964172;2011-08-20;Sábado;05:30:00;SP;116;142.0;SAO JOSE DOS CAMPOS;Outras;Colisão lateral;Sem Vítimas;Amanhecer;Crescente;Nublado;Dupla;Reta;Rural;2;2
964255;2011-08-23;Terça;08:15:00;SP;116;127.5;CACAPAVA;Outras;Colisão lateral;Sem Vítimas;Pleno dia;Crescente;Nublado;Dupla;Reta;Urbano;3;3
964269;2011-08-22;Segunda;07:30:00;SP;116;225.0;GUARULHOS;Outras;Colisão lateral;Sem Vítimas;Amanhecer;Crescente;Chuva;Simples;Reta;Urbano;2;2
964359;2011-08-23;Terça;13:00:00;SP;116;222.0;GUARULHOS;Outras;Colisão traseira;Sem Vítimas;Pleno dia;Crescente;Ceu Claro;Múltipla;Reta;Urbano;2;2
964554;2011-08-23;Terça;19:30:00;SP;116;113.3;TAUBATE;Outras;Colisão traseira;Sem Vítimas;Plena noite;Decrescente;Chuva;Dupla;Reta;Rural;2;2
964623;2011-08-17;Quarta;01:34:00;SP;116;141.3;SAO JOSE DOS CAMPOS;Outras;Colisão com objeto fixo;Sem Vítimas;Plena noite;Crescente;Ceu Claro;Dupla;Reta;Urbano;1;1
964690;2011-08-22;Segunda;09:50:00;SP;116;224.0;GUARULHOS;Outras;Incêndio;Sem Vítimas;Pleno dia;Decrescente;Nublado;Dupla;Reta;Urbano;1;1
964707;2011-08-23;Terça;05:50:00;SP;116;219.0;GUARULHOS;Falta de atenção;Colisão traseira;Com Vítimas Feridas;Amanhecer;Crescente;Nublado;Simples;Curva;Urbano;4;4