id;data_inversa;dia_semana;horario;uf;br;km;municipio;causa_acidente;tipo_acidente;classificacao_acidente;fase_dia;sentido_via;condicao_metereologica;tipo_pista;tracado_via;uso_solo;pessoas;veiculos
964758;2011-08-20;Sábado;21:50:00;SP;116;149.0;SAO JOSE DOS CAMPOS;Falta de atenção;Colisão traseira;Sem Vítimas;Plena noite;Decrescente;Chuva;Simples;Reta;Urbano;2;2
964801;2011-08-24;Quarta;14:10:00;SP;116;158.1;JACAREI;Não guardar distância de segurança;Colisão traseira;Sem Vítimas;Pleno dia;Crescente;Ceu Claro;Dupla;Reta;Urbano;2;2
964812;2011-08-23;Terça;08:15:00;SP;116;224.0;GUARULHOS;Não guardar distância de segurança;Colisão lateral;Sem Vítimas;Pleno dia;Decrescente;Nublado;Múltipla;Reta;Urbano;2;2
964842;2011-08-23;Terça;10:30:00;SP;116;199.8;ARUJA;Falta de atenção;Colisão traseira;Com Vítimas Feridas;Pleno dia;Crescente;Sol;Dupla;Reta;Urbano;4;3
964884;2011-08-21;Domingo;06:00:00;SP;116;213.0;GUARULHOS;Falta de atenção;Colisão traseira;Sem Vítimas;Amanhecer;Decrescente;Chuva;Múltipla;Reta;Urbano;4;4
964893;2011-08-23;Terça;03:30:00;SP;116;138.5;SAO JOSE DOS CAMPOS;Animais na Pista;Atropelamento de animal;Sem Vítimas;Plena noite;Decrescente;Ceu Claro;Dupla;Reta;Urbano;2;2
964897;2011-08-20;Sábado;08:20:00;SP;116;187.0;SANTA ISABEL;Outras;Danos Eventuais;Sem Vítimas;Pleno dia;Crescente;Chuva;Dupla;Reta;Rural;1;1
964904;2011-08-24;Quarta;17:20:00;SP;116;137.0;SAO JOSE DOS CAMPOS;Não guardar distância de segurança;Colisão lateral;Com Vítimas Feridas;Pleno dia;Crescente;Nublado;Dupla;Reta;Urbano;3;3
964965;2011-08-23;Terça;12:00:00;SP;116;213.0;GUARULHOS;Outras;Colisão traseira;Sem Vítimas;Pleno dia;Decrescente;Nublado;Múltipla;Reta;Urbano;4;4
964993;2011-08-23;Terça;17:30:00;SP;116;204.0;ARUJA;Desobediência à sinalização;Colisão traseira;Sem Vítimas;Pleno dia;Decrescente;Nublado;Dupla;Reta;Rural;4;4
965075;2011-08-24;Quarta;07:20:00;SP;116;110.3;TAUBATE;Outras;Colisão traseira;Sem Vítimas;Pleno dia;Crescente;Nublado;Dupla;Reta;Urbano;2;2
965152;2011-08-25;Quinta;02:30:00;SP;116;185.0;SANTA ISABEL;Falta de atenção;Colisão traseira;Sem Vítimas;Plena noite;Decrescente;Ceu Claro;Dupla;Reta;Urbano;2;2
965170;2011-08-24;Quarta;18:40:00;SP;116;152.3;SAO JOSE DOS CAMPOS;Não guardar distância de segurança;Colisão traseira;Sem Vítimas;Anoitecer;Decrescente;Ceu Claro;Dupla;Reta;Urbano;4;4
965305;2011-08-21;Domingo;18:30:00;SP;116;148.0;SAO JOSE DOS CAMPOS;Não guardar distância de segurança;Colisão traseira;Sem Vítimas;Plena noite;Decrescente;Nublado;Dupla;Reta;Urbano;3;3
965388;2011-08-22;Segunda;05:50:00;SP;116;145.0;SAO JOSE DOS CAMPOS;Outras;Colisão lateral;Com Vítimas Feridas;Pleno dia;Crescente;Ceu Claro;Simples;Reta;Urbano;2;2
965439;2011-08-18;Quinta;05:15:00;SP;116;149.0;SAO JOSE DOS CAMPOS;Outras;Colisão traseira;Sem Vítimas;Plena noite;Crescente;Ceu Claro;Múltipla;Curva;Urbano;2;2
965457;2011-08-22;Segunda;19:00:00;SP;116;214.0;GUARULHOS;Velocidade incompatível;Colisão lateral;Com Vítimas Feridas;Plena noite;Decrescente;Nublado;Múltipla;Reta;Urbano;3;3
965461;2011-08-25;Quinta;17:35:00;SP;116;126.0;CACAPAVA;Outras;Colisão lateral;Com Vítimas Feridas;Pleno dia;Crescente;Ceu Claro;Dupla;Reta;Urbano;2;2
965520;2011-08-24;Quarta;19:40:00;SP;116;217.0;GUARULHOS;Falta de atenção;Colisão traseira;Sem Vítimas;Plena noite;Crescente;Ceu Claro;Múltipla;Reta;Urbano;5;5
965565;2011-08-21;Domingo;18:20:00;SP;116;147.8;SAO JOSE DOS CAMPOS;Outras;Colisão traseira;Sem Vítimas;Anoitecer;Decrescente;Ceu Claro;Múltipla;Reta;Urbano;2;2
965624;2011-08-22;Segunda;07:10:00;SP;116;144.0;SAO JOSE DOS CAMPOS;Outras;Colisão traseira;Sem Vítimas;Amanhecer;Crescente;Sol;Múltipla;Reta;Urbano;2;2
965639;2011-08-23;Terça;16:05:00;SP;116;192.8;SANTA ISABEL;Defeito mecânico em veículo;Colisão com objeto fixo;Sem Vítimas;Pleno dia;Decrescente;Chuva;Dupla;Curva;Rural;1;1
965644;2011-08-23;Terça;17:30:00;SP;116;187.0;SANTA ISABEL;Defeito mecânico em veículo;Colisão com objeto móvel;Sem Vítimas;Anoitecer;Crescente;Nublado;Dupla;Curva;Rural;4;4
965725;2011-08-22;Segunda;18:10:00;SP;116;108.4;TAUBATE;Outras;Colisão lateral;Sem Vítimas;Plena noite;Decrescente;Nublado;Dupla;Reta;Urbano;2;2
965749;2011-08-26;Sexta;08:10:00;SP;116;205.0;GUARULHOS;Falta de atenção;Colisão lateral;Sem Vítimas;Pleno dia;Crescente;Chuva;Múltipla;Reta;Urbano;2;2
965765;2011-08-23;Terça;15:50:00;SP;116;190.5;SANTA ISABEL;Outras;Colisão com objeto fixo;Sem Vítimas;Pleno dia;Crescente;Chuva;Dupla;Curva;Rural;3;3
965784;2011-08-25;Quinta;14:40:00;SP;116;223.0;GUARULHOS;Outras;Colisão traseira;Sem Vítimas;Pleno dia;Crescente;Nublado;Múltipla;Reta;Urbano;2;2
965840;2011-08-22;Segunda;09:00:00;SP;116;124.8;CACAPAVA;Outras;Saída de Pista;Sem Vítimas;Pleno dia;Decrescente;Nublado;Dupla;Reta;Urbano;2;2
965858;2011-08-26;Sexta;11:30:00;SP;116;204.0;GUARULHOS;Outras;Colisão traseira;Sem Vítimas;Pleno dia;Crescente;Ceu Claro;Dupla;Reta;Urbano;2;2
965903;2011-08-23;Terça;11:00:00;SP;116;153.0;SAO JOSE DOS CAMPOS;Outras;Colisão lateral;Sem Vítimas;Pleno dia;Decrescente;Sol;Dupla;Reta;Urbano;3;3
966021;2011-08-21;Domingo;19:20:00;SP;116;111.5;TAUBATE;Outras;Colisão lateral;Sem Vítimas;Plena noite;Decrescente;Nublado;Dupla;Reta;Urbano;2;2
966069;2011-08-16;Terça;08:00:00;SP;116;223.0;GUARULHOS;Falta de atenção;Colisão traseira;Sem Vítimas;Pleno dia;Decrescente;Ceu Claro;Múltipla;Reta;Urbano;4;4
966091;2011-08-23;Terça;06:00:00;SP;116;128.6;CACAPAVA;Outras;Colisão traseira;Sem Vítimas;Amanhecer;Crescente;Chuva;Dupla;Reta;Urbano;2;2
966131;2011-08-22;Segunda;18:45:00;SP;116;218.5;GUARULHOS;Falta de atenção;Colisão traseira;Sem Vítimas;Anoitecer;Decrescente;Ceu Claro;Múltipla;Reta;Urbano;2;2
966395;2011-08-26;Sexta;14:25:00;SP;116;217.0;GUARULHOS;Falta de atenção;Colisão lateral;Sem Vítimas;Pleno dia;Decrescente;Nublado;Múltipla;Cruzamento;Urbano;2;2
966413;2011-08-23;Terça;10:40:00;SP;116;169.8;JACAREI;Outras;Saída de Pista;Com Vítimas Feridas;Pleno dia;Decrescente;Nublado;Dupla;Reta;Rural;1;1
966432;2011-08-26;Sexta;18:15:00;SP;116;139.8;SAO JOSE DOS CAMPOS;Falta de atenção;Colisão traseira;Sem Vítimas;Anoitecer;Decrescente;Nublado;Dupla;Reta;Urbano;2;2
966458;2011-08-27;Sábado;15:50:00;SP;116;214.0;GUARULHOS;Outras;Colisão com objeto fixo;Sem Vítimas;Pleno dia;Crescente;Ceu Claro;Múltipla;Reta;Urbano;2;2
966495;2011-08-26;Sexta;18:19:00;SP;116;142.3;SAO JOSE DOS CAMPOS;Outras;Colisão traseira;Com Vítimas Feridas;Anoitecer;Decrescente;Nublado;Dupla;Reta;Urbano;3;3
966696;2011-08-25;Quinta;03:00:00;SP;116;209.8;GUARULHOS;Dormindo;Colisão traseira;Com Vítimas Feridas;Plena noite;Crescente;Ceu Claro;Múltipla;Reta;Urbano;5;2
966744;2011-08-24;Quarta;17:05:00;SP;116;146.2;SAO JOSE DOS CAMPOS;Não guardar distância de segurança;Colisão traseira;Sem Vítimas;Pleno dia;Crescente;Nublado;Simples;Reta;Urbano;4;4
966784;2011-08-25;Quinta;18:38:00;SP;116;187.0;SANTA ISABEL;Outras;Colisão com objeto fixo;Sem Vítimas;Plena noite;Decrescente;Ceu Claro;Dupla;Curva;Urbano;2;2
966793;2011-08-26;Sexta;05:10:00;SP;116;151.0;SAO JOSE DOS CAMPOS;Outras;Colisão traseira;Sem Vítimas;Plena noite;Decrescente;Ceu Claro;Dupla;Reta;Urbano;2;2
966844;2011-08-24;Quarta;19:40:00;SP;116;147.8;SAO JOSE DOS CAMPOS;Outras;Colisão traseira;Sem Vítimas;Plena noite;Decrescente;Nublado;Simples;Reta;Urbano;3;3
966890;2011-08-28;Domingo;16:10:00;SP;116;146.2;SAO JOSE DOS CAMPOS;Não guardar distância de segurança;Colisão traseira;Sem Vítimas;Pleno dia;Crescente;Sol;Simples;Reta;Urbano;2;2
966920;2011-08-25;Quinta;07:00:00;SP;116;204.0;ARUJA;Falta de atenção;Colisão traseira;Sem Vítimas;Pleno dia;Decrescente;Ceu Claro;Múltipla;Reta;Urbano;2;2
966949;2011-08-26;Sexta;10:50:00;SP;116;179.5;GUARAREMA;Falta de atenção;Colisão lateral;Sem Vítimas;Pleno dia;Crescente;Ceu Claro;Dupla;Reta;Rural;4;2
967014;2011-08-28;Domingo;19:30:00;SP;116;222.0;GUARULHOS;Falta de atenção;Colisão traseira;Sem Vítimas;Plena noite;Crescente;Ceu Claro;Múltipla;Reta;Urbano;2;2
967024;2011-08-28;Domingo;22:45:00;SP;116;139.8;SAO JOSE DOS CAMPOS;Outras;Colisão lateral;Sem Vítimas;Plena noite;Crescente;Ceu Claro;Dupla;Reta;Urbano;2;2
967033;2011-08-28;Domingo;06:30:00;SP;116;142.5;SAO JOSE DOS CAMPOS;Outras;Colisão com objeto fixo;Sem Vítimas;Amanhecer;Decrescente;Ceu Claro;Dupla;Reta;Urbano;1;1
967128;2011-08-27;Sábado;16:30:00;SP;116;106.5;TAUBATE;Dormindo;Colisão traseira;Sem Vítimas;Pleno dia;Decrescente;Sol;Dupla;Reta;Urbano;2;2
967176;2011-08-29;Segunda;09:00:00;SP;116;141.4;SAO JOSE DOS CAMPOS;Falta de atenção;Colisão traseira;Sem Vítimas;Pleno dia;Crescente;Ceu Claro;Dupla;Reta;Urbano;2;2
967180;2011-08-26;Sexta;21:10:00;SP;116;219.0;GUARULHOS;Falta de atenção;Colisão lateral;Sem Vítimas;Plena noite;Decrescente;Ceu Claro;Múltipla;Reta;Urbano;2;2
967204;2011-08-23;Terça;07:00:00;SP;116;182.0;SANTA ISABEL;Não guardar distância de segurança;Colisão traseira;Sem Vítimas;Amanhecer;Decrescente;Ceu Claro;Múltipla;Reta;Rural;2;2
967320;2011-08-27;Sábado;16:10:00;SP;116;100.0;PINDAMONHANGABA;Outras;Colisão com objeto fixo;Sem Vítimas;Pleno dia;Decrescente;Sol;Dupla;Reta;Rural;2;2
967374;2011-08-29;Segunda;07:15:00;SP;116;226.0;GUARULHOS;Outras;Colisão traseira;Sem Vítimas;Amanhecer;Crescente;Sol;Múltipla;Reta;Urbano;3;3
967404;2011-08-26;Sexta;00:00:00;SP;116;219.0;GUARULHOS;Outras;Colisão lateral;Com Vítimas Feridas;Plena noite;Crescente;Nublado;Múltipla;Curva;Urbano;2;2
967433;2011-08-29;Segunda;07:45:00;SP;116;219.0;GUARULHOS;Não guardar distância de segurança;Colisão traseira;Sem Vítimas;Pleno dia;Decrescente;Ceu Claro;Múltipla;Reta;Urbano;3;3
967438;2011-08-19;Sexta;18:20:00;SP;116;224.0;GUARULHOS;Não guardar distância de segurança;Colisão lateral;Com Vítimas Feridas;Pleno dia;Decrescente;Nublado;Simples;Reta;Urbano;2;2
967459;2011-08-29;Segunda;08:20:00;SP;116;223.0;GUARULHOS;Falta de atenção;Colisão traseira;Sem Vítimas;Pleno dia;Decrescente;Ceu Claro;Múltipla;Reta;Urbano;2;2
967542;2011-08-28;Domingo;22:20:00;SP;116;99.0;PINDAMONHANGABA;Dormindo;Colisão traseira;Sem Vítimas;Plena noite;Decrescente;Ceu Claro;Dupla;Reta;Urbano;3;3
967551;2011-08-25;Quinta;19:50:00;SP;116;109.5;TAUBATE;Outras;Capotamento;Sem Vítimas;Plena noite;Decrescente;Ceu Claro;Dupla;Reta;Urbano;2;2
967585;2011-08-29;Segunda;18:45:00;SP;116;221.6;GUARULHOS;Não guardar distância de segurança;Colisão traseira;Sem Vítimas;Plena noite;Decrescente;Ceu Claro;Múltipla;Reta;Urbano;2;2
967649;2011-08-29;Segunda;14:10:00;SP;116;136.0;SAO JOSE DOS CAMPOS;Outras;Colisão lateral;Sem Vítimas;Pleno dia;Crescente;Ceu Claro;Simples;Reta;Rural;2;2
967685;2011-08-11;Quinta;07:55:00;SP;116;129.1;CACAPAVA;Outras;Colisão lateral;Com Vítimas Feridas;Pleno dia;Decrescente;Sol;Dupla;Reta;Urbano;3;2
967692;2011-08-27;Sábado;18:10:00;SP;116;110.8;TAUBATE;Falta de atenção;Colisão traseira;Sem Vítimas;Plena noite;Crescente;Ceu Claro;Simples;Reta;Urbano;2;2
967740;2011-08-27;Sábado;01:45:00;SP;116;219.0;GUARULHOS;Outras;Queda de motocicleta / bicicleta / veículo;Com Vítimas Fatais;Plena noite;Decrescente;Ceu Claro;Dupla;Curva;Urbano;1;1
967744;2011-08-26;Sexta;18:00:00;SP;116;227.0;GUARULHOS;Falta de atenção;Colisão lateral;Com Vítimas Feridas;Plena noite;Decrescente;Ceu Claro;Dupla;Reta;Urbano;2;2
967819;2011-08-26;Sexta;20:00:00;SP;116;142.0;SAO JOSE DOS CAMPOS;Não guardar distância de segurança;Colisão traseira;Sem Vítimas;Plena noite;Decrescente;Ceu Claro;Dupla;Reta;Urbano;2;2
967835;2011-08-21;Domingo;18:10:00;SP;116;148.9;SAO JOSE DOS CAMPOS;Ingestão de álcool;Colisão traseira;Sem Vítimas;Plena noite;Decrescente;Ceu Claro;Múltipla;Reta;Urbano;2;2
967846;2011-08-26;Sexta;18:44:00;SP;116;141.8;SAO JOSE DOS CAMPOS;Não guardar distância de segurança;Colisão traseira;Sem Vítimas;Plena noite;Decrescente;Ceu Claro;Dupla;Reta;Urbano;5;5
967850;2011-08-25;Quinta;19:05:00;SP;116;148.0;SAO JOSE DOS CAMPOS;Outras;Colisão traseira;Sem Vítimas;Plena noite;Decrescente;Ceu Claro;Múltipla;Reta;Urbano;2;2
967866;2011-08-25;Quinta;19:30:00;SP;116;146.0;SAO JOSE DOS CAMPOS;Falta de atenção;Colisão traseira;Sem Vítimas;Plena noite;Crescente;Ceu Claro;Simples;Reta;Urbano;3;3
967881;2011-08-30;Terça;14:00:00;SP;116;176.5;GUARAREMA;Falta de atenção;Colisão lateral;Sem Vítimas;Pleno dia;Crescente;Ceu Claro;Dupla;Reta;Rural;2;2
967892;2011-08-25;Quinta;18:45:00;SP;116;148.0;SAO JOSE DOS CAMPOS;Falta de atenção;Colisão traseira;Sem Vítimas;Plena noite;Decrescente;Ceu Claro;Dupla;Reta;Urbano;2;2
967973;2011-08-30;Terça;16:20:00;SP;116;216.0;GUARULHOS;Falta de atenção;Colisão traseira;Sem Vítimas;Pleno dia;Decrescente;Ceu Claro;Dupla;Reta;Urbano;2;2
968009;2011-08-30;Terça;18:20:00;SP;116;146.0;SAO JOSE DOS CAMPOS;Não guardar distância de segurança;Colisão traseira;Sem Vítimas;Anoitecer;Decrescente;Nublado;Múltipla;Reta;Rural;2;2
968032;2011-08-28;Domingo;05:00:00;SP;116;206.0;GUARULHOS;Falta de atenção;Saída de Pista;Ignorado;Plena noite;Crescente;Nublado;Dupla;Reta;Urbano;1;1
968033;2011-08-30;Terça;18:30:00;SP;116;147.9;SAO JOSE DOS CAMPOS;Outras;Colisão traseira;Sem Vítimas;Plena noite;Decrescente;Ceu Claro;Dupla;Reta;Urbano;3;3
968043;2011-08-30;Terça;17:30:00;SP;116;218.0;GUARULHOS;Não guardar distância de segurança;Colisão traseira;Sem Vítimas;Pleno dia;Decrescente;Ceu Claro;Múltipla;Reta;Urbano;2;2
968046;2011-08-28;Domingo;00:40:00;SP;116;220.0;GUARULHOS;Não guardar distância de segurança;Colisão traseira;Sem Vítimas;Plena noite;Crescente;Ceu Claro;Múltipla;Reta;Urbano;2;2
968048;2011-08-28;Domingo;13:45:00;SP;116;222.0;GUARULHOS;Falta de atenção;Colisão lateral;Sem Vítimas;Pleno dia;Decrescente;Ceu Claro;Múltipla;Reta;Urbano;2;2
968060;2011-08-27;Sábado;19:05:00;SP;116;182.0;SANTA ISABEL;Não guardar distância de segurança;Colisão traseira;Sem Vítimas;Plena noite;Decrescente;Ceu Claro;Dupla;Reta;Urbano;2;2
968069;2011-08-30;Terça;20:45:00;SP;116;213.0;GUARULHOS;Falta de atenção;Colisão traseira;Sem Vítimas;Plena noite;Decrescente;Ceu Claro;Múltipla;Reta;Urbano;2;2
968094;2011-08-30;Terça;17:50:00;SP;116;139.1;SAO JOSE DOS CAMPOS;Outras;Colisão lateral;Sem Vítimas;Anoitecer;Decrescente;Ceu Claro;Dupla;Reta;Urbano;2;2
968202;2011-08-30;Terça;19:40:00;SP;116;207.0;GUARULHOS;Outras;Colisão com objeto móvel;Com Vítimas Feridas;Plena noite;Crescente;Ceu Claro;Dupla;Reta;Urbano;1;1
968208;2011-08-30;Terça;14:56:00;SP;116;216.0;GUARULHOS;Ingestão de álcool;Saída de Pista;Sem Vítimas;Pleno dia;Crescente;Ceu Claro;Múltipla;Cruzamento;Urbano;1;1
968246;2011-08-27;Sábado;17:40:00;SP;116;158.0;SAO JOSE DOS CAMPOS;Não guardar distância de segurança;Colisão traseira;Sem Vítimas;Pleno dia;Decrescente;Sol;Dupla;Reta;Urbano;2;2
968337;2011-08-31;Quarta;08:10:00;SP;116;187.7;SANTA ISABEL;Defeito mecânico em veículo;Tombamento;Sem Vítimas;Pleno dia;Decrescente;Chuva;Dupla;Reta;Rural;1;1
968373;2011-08-31;Quarta;10:00:00;SP;116;217.0;GUARULHOS;Não guardar distância de segurança;Colisão lateral;Sem Vítimas;Pleno dia;Crescente;Chuva;Múltipla;Reta;Urbano;2;2
968428;2011-08-30;Terça;21:20:00;SP;116;177.0;SANTA ISABEL;Outras;Colisão traseira;Sem Vítimas;Plena noite;Crescente;Ceu Claro;Dupla;Reta;Urbano;2;2
968431;2011-08-31;Quarta;09:45:00;SP;116;206.5;GUARULHOS;Outras;Colisão traseira;Sem Vítimas;Pleno dia;Crescente;Chuva;Simples;Reta;Urbano;2;2
968438;2011-08-31;Quarta;07:00:00;SP;116;191.6;SANTA ISABEL;Outras;Colisão traseira;Sem Vítimas;Amanhecer;Decrescente;Chuva;Dupla;Curva;Urbano;2;2
968439;2011-08-29;Segunda;10:30:00;SP;116;150.9;SAO JOSE DOS CAMPOS;Outras;Colisão traseira;Sem Vítimas;Pleno dia;Decrescente;Ceu Claro;Dupla;Reta;Rural;2;2
968505;2011-08-28;Domingo;00:30:00;SP;116;220.0;GUARULHOS;Outras;Capotamento;Sem Vítimas;Plena noite;Crescente;Nublado;Simples;Reta;Urbano;1;1
968616;2011-08-31;Quarta;07:00:00;SP;116;191.6;SANTA ISABEL;Outras;Colisão traseira;Sem Vítimas;Pleno dia;Decrescente;Chuva;Dupla;Curva;Rural;2;2
968775;2011-08-31;Quarta;16:30:00;SP;116;112.5;TAUBATE;Outras;Queda de motocicleta / bicicleta / veículo;Sem Vítimas;Pleno dia;Decrescente;Chuva;Dupla;Reta;Urbano;1;1
968830;2011-08-29;Segunda;00:20:00;SP;116;149.2;SAO JOSE DOS CAMPOS;Falta de atenção;Colisão traseira;Com Vítimas Feridas;Plena noite;Crescente;Ceu Claro;Simples;Reta;Urbano;3;2
968877;2011-08-29;Segunda;06:50:00;SP;116;177.0;GUARAREMA;Falta de atenção;Colisão traseira;Sem Vítimas;Pleno dia;Decrescente;Ceu Claro;Simples;Reta;Rural;2;2
968915;2011-09-01;Quinta;07:39:00;SP;116;142.8;SAO JOSE DOS CAMPOS;Não guardar distância de segurança;Colisão traseira;Sem Vítimas;Pleno dia;Decrescente;Ceu Claro;Dupla;Reta;Urbano;3;3
968931;2011-08-30;Terça;07:55:00;SP;116;186.0;SANTA ISABEL;Outras;Colisão lateral;Sem Vítimas;Pleno dia;Crescente;Sol;Dupla;Curva;Urbano;2;2
968971;2011-09-01;Quinta;14:57:00;SP;116;142.9;SAO JOSE DOS CAMPOS;Outras;Colisão traseira;Sem Vítimas;Pleno dia;Decrescente;Ceu Claro;Dupla;Reta;Urbano;2;2
968972;2011-09-01;Quinta;15:05:00;SP;116;142.9;SAO JOSE DOS CAMPOS;Outras;Colisão lateral;Sem Vítimas;Pleno dia;Decrescente;Ceu Claro;Dupla;Reta;Urbano;2;2
969072;2011-08-31;Quarta;06:45:00;SP;116;176.0;GUARAREMA;Outras;Colisão traseira;Com Vítimas Feridas;Amanhecer;Crescente;Chuva;Dupla;Reta;Rural;2;2
969083;2011-08-29;Segunda;19:05:00;SP;116;116.8;TAUBATE;Falta de atenção;Saída de Pista;Com Vítimas Feridas;Plena noite;Crescente;Nublado;Dupla;Reta;Rural;4;1
969088;2011-09-01;Quinta;19:40:00;SP;116;141.1;SAO JOSE DOS CAMPOS;Outras;Queda de motocicleta / bicicleta / veículo;Com Vítimas Feridas;Plena noite;Decrescente;Nublado;Dupla;Reta;Rural;2;1
969095;2011-08-31;Quarta;07:30:00;SP;116;144.0;SAO JOSE DOS CAMPOS;Falta de atenção;Colisão traseira;Sem Vítimas;Amanhecer;Crescente;Chuva;Dupla;Reta;Rural;2;2
969100;2011-08-31;Quarta;08:00:00;SP;116;187.5;SANTA ISABEL;Outras;Tombamento;Com Vítimas Feridas;Pleno dia;Decrescente;Chuva;Dupla;Reta;Rural;1;1
969155;2011-09-01;Quinta;20:45:00;SP;116;179.5;GUARAREMA;Falta de atenção;Colisão lateral;Sem Vítimas;Plena noite;Crescente;Ceu Claro;Múltipla;Reta;Urbano;2;2
969299;2011-09-02;Sexta;09:30:00;SP;116;143.8;SAO JOSE DOS CAMPOS;Não guardar distância de segurança;Colisão traseira;Sem Vítimas;Pleno dia;Crescente;Ceu Claro;Dupla;Reta;Urbano;2;2
969323;2011-08-30;Terça;06:30:00;SP;116;227.1;SAO LOURENCO DA SERRA;Dormindo;Tombamento;Sem Vítimas;Plena noite;Crescente;Nublado;Dupla;Curva;Rural;1;1
969371;2011-07-31;Domingo;18:10:00;SP;116;128.0;CACAPAVA;Outras;Colisão traseira;Sem Vítimas;Anoitecer;Crescente;Nublado;Dupla;Reta;Urbano;2;2
969442;2011-09-02;Sexta;15:10:00;SP;116;146.0;SAO JOSE DOS CAMPOS;Outras;Colisão traseira;Sem Vítimas;Pleno dia;Decrescente;Ceu Claro;Múltipla;Reta;Urbano;2;2
969658;2011-08-25;Quinta;18:00:00;SP;116;162.0;JACAREI;Outras;Colisão lateral;Sem Vítimas;Plena noite;Crescente;Ceu Claro;Dupla;Reta;Urbano;3;3
969664;2011-09-02;Sexta;22:10:00;SP;116;124.0;CACAPAVA;Outras;Saída de Pista;Com Vítimas Feridas;Plena noite;Decrescente;Ceu Claro;Dupla;Reta;Rural;1;1
969776;2011-08-27;Sábado;07:15:00;SP;116;223.0;GUARULHOS;Não guardar distância de segurança;Colisão lateral;Sem Vítimas;Amanhecer;Crescente;Nublado;Simples;Reta;Urbano;2;2
969787;2011-09-02;Sexta;07:40:00;SP;116;222.5;GUARULHOS;Outras;Colisão lateral;Com Vítimas Feridas;Amanhecer;Crescente;Ceu Claro;Múltipla;Reta;Urbano;2;2
969795;2011-08-23;Terça;13:00:00;SP;116;227.0;GUARULHOS;Outras;Tombamento;Sem Vítimas;Pleno dia;Decrescente;Nublado;Simples;Curva;Urbano;1;1
969877;2011-09-03;Sábado;09:20:00;SP;116;223.0;GUARULHOS;Outras;Colisão traseira;Com Vítimas Feridas;Pleno dia;Crescente;Sol;Múltipla;Reta;Urbano;2;2
969899;2011-09-03;Sábado;12:15:00;SP;116;217.0;GUARULHOS;Não guardar distância de segurança;Colisão lateral;Com Vítimas Feridas;Pleno dia;Crescente;Ceu Claro;Múltipla;Reta;Urbano;2;2
969920;2011-04-13;Quarta;00:10:00;SP;116;158.0;SAO JOSE DOS CAMPOS;Outras;Colisão com objeto fixo;Sem Vítimas;Plena noite;Decrescente;Chuva;Dupla;Reta;Rural;1;1
970070;2011-09-01;Quinta;07:15:00;SP;116;217.0;GUARULHOS;Falta de atenção;Colisão traseira;Com Vítimas Feridas;Pleno dia;Crescente;Ceu Claro;Múltipla;Reta;Urbano;2;2
970071;2011-09-02;Sexta;17:20:00;SP;116;111.5;TAUBATE;Outras;Colisão traseira;Com Vítimas Feridas;Pleno dia;Decrescente;Sol;Dupla;Reta;Urbano;2;2
970080;2011-09-02;Sexta;08:30:00;SP;116;141.9;SAO JOSE DOS CAMPOS;Outras;Colisão traseira;Sem Vítimas;Pleno dia;Crescente;Sol;Múltipla;Reta;Urbano;2;2
970088;2011-09-01;Quinta;15:15:00;SP;116;218.6;GUARULHOS;Falta de atenção;Colisão lateral;Com Vítimas Feridas;Pleno dia;Crescente;Sol;Múltipla;Reta;Urbano;3;2
970089;2011-09-02;Sexta;17:30:00;SP;116;112.9;TAUBATE;Outras;Colisão traseira;Sem Vítimas;Pleno dia;Decrescente;Ceu Claro;Múltipla;Reta;Urbano;3;3
970090;2011-09-02;Sexta;15:30:00;SP;116;125.1;CACAPAVA;Outras;Capotamento;Com Vítimas Feridas;Pleno dia;Crescente;Sol;Dupla;Reta;Urbano;1;1
970094;2011-09-03;Sábado;16:00:00;SP;116;211.0;GUARULHOS;Falta de atenção;Colisão traseira;Sem Vítimas;Pleno dia;Decrescente;Sol;Múltipla;Reta;Urbano;3;3
970096;2011-09-01;Quinta;16:00:00;SP;116;219.0;GUARULHOS;Falta de atenção;Colisão traseira;Sem Vítimas;Pleno dia;Crescente;Ceu Claro;Múltipla;Reta;Urbano;2;2
970127;2011-09-03;Sábado;14:10:00;SP;116;227.8;SAO PAULO;Outras;Tombamento;Com Vítimas Feridas;Pleno dia;Crescente;Ceu Claro;Múltipla;Reta;Urbano;2;2
970165;2011-08-27;Sábado;06:45:00;SP;116;223.0;GUARULHOS;Outras;Colisão com objeto fixo;Com Vítimas Feridas;Amanhecer;Crescente;Ceu Claro;Múltipla;Reta;Urbano;3;2
970273;2011-08-28;Domingo;00:01:00;SP;116;219.0;GUARULHOS;Outras;Colisão traseira;Com Vítimas Feridas;Plena noite;Crescente;Nublado;Múltipla;Reta;Urbano;3;2