id;data_inversa;dia_semana;horario;uf;br;km;municipio;causa_acidente;tipo_acidente;classificacao_acidente;fase_dia;sentido_via;condicao_metereologica;tipo_pista;tracado_via;uso_solo;pessoas;veiculos
970452;2011-09-02;Sexta;10:00:00;SP;116;192.0;SANTA ISABEL;Outras;Derramamento de Carga;Sem Vítimas;Pleno dia;Crescente;Sol;Dupla;Curva;Rural;1;1
970461;2011-09-02;Sexta;07:45:00;SP;116;145.8;SAO JOSE DOS CAMPOS;Outras;Colisão traseira;Sem Vítimas;Pleno dia;Crescente;Ceu Claro;Múltipla;Reta;Rural;2;2
970462;2011-09-02;Sexta;13:45:00;SP;116;182.5;SANTA ISABEL;Não guardar distância de segurança;Colisão traseira;Sem Vítimas;Pleno dia;Decrescente;Sol;Múltipla;Reta;Urbano;2;2
970531;2011-08-28;Domingo;07:00:00;SP;116;153.2;SAO JOSE DOS CAMPOS;Não guardar distância de segurança;Colisão traseira;Sem Vítimas;Pleno dia;Decrescente;Sol;Dupla;Reta;Urbano;2;2
970538;2011-09-01;Quinta;10:30:00;SP;116;229.0;GUARULHOS;Falta de atenção;Colisão traseira;Sem Vítimas;Pleno dia;Crescente;Sol;Múltipla;Reta;Urbano;2;2
970573;2011-09-01;Quinta;16:30:00;SP;116;228.0;SAO PAULO;Outras;Colisão lateral;Sem Vítimas;Pleno dia;Decrescente;Ceu Claro;Múltipla;Reta;Urbano;3;3
970610;2011-08-24;Quarta;18:33:00;SP;116;227.0;SAO PAULO;Falta de atenção;Colisão traseira;Sem Vítimas;Anoitecer;Decrescente;Ceu Claro;Múltipla;Reta;Urbano;2;2
970618;2011-08-24;Quarta;19:15:00;SP;116;224.0;GUARULHOS;Falta de atenção;Colisão traseira;Sem Vítimas;Plena noite;Decrescente;Ceu Claro;Múltipla;Reta;Urbano;2;2
970644;2011-09-04;Domingo;20:35:00;SP;116;113.0;TAUBATE;Outras;Colisão lateral;Sem Vítimas;Plena noite;Crescente;Ceu Claro;Simples;Curva;Urbano;2;2
970725;2011-09-04;Domingo;20:00:00;SP;116;204.0;GUARULHOS;Outras;Colisão com objeto fixo;Sem Vítimas;Plena noite;Crescente;Ceu Claro;Múltipla;Reta;Urbano;2;2
970798;2011-09-01;Quinta;17:45:00;SP;116;146.8;SAO JOSE DOS CAMPOS;Não guardar distância de segurança;Colisão traseira;Com Vítimas Feridas;Anoitecer;Crescente;Ceu Claro;Múltipla;Reta;Urbano;3;3
970799;2011-09-02;Sexta;07:20:00;SP;116;157.8;SAO JOSE DOS CAMPOS;Desobediência à sinalização;Colisão frontal;Com Vítimas Feridas;Pleno dia;Decrescente;Ceu Claro;Simples;Reta;Urbano;2;2
970836;2011-09-04;Domingo;05:50:00;SP;116;128.0;CACAPAVA;Não guardar distância de segurança;Colisão traseira;Sem Vítimas;Amanhecer;Decrescente;Ceu Claro;Múltipla;Reta;Urbano;2;2
970843;2011-09-03;Sábado;06:20:00;SP;116;225.0;GUARULHOS;Falta de atenção;Colisão lateral;Sem Vítimas;Amanhecer;Crescente;Ceu Claro;Múltipla;Reta;Urbano;2;2
970851;2011-09-03;Sábado;02:00:00;SP;116;213.5;GUARULHOS;Outras;Saída de Pista;Ignorado;Plena noite;Decrescente;Ceu Claro;Múltipla;Reta;Urbano;1;1
970934;2011-09-04;Domingo;07:00:00;SP;116;178.0;GUARAREMA;Outras;Colisão lateral;Com Vítimas Feridas;Amanhecer;Crescente;Nevoeiro/neblina;Dupla;Reta;Urbano;3;2
971048;2011-09-01;Quinta;17:00:00;SP;116;227.0;GUARULHOS;Falta de atenção;Colisão lateral;Sem Vítimas;Anoitecer;Decrescente;Ceu Claro;Dupla;Reta;Urbano;2;2
971058;2011-09-05;Segunda;13:30:00;SP;116;172.7;JACAREI;Outras;Tombamento;Sem Vítimas;Pleno dia;Decrescente;Ceu Claro;Simples;Curva;Urbano;1;1
971066;2011-09-01;Quinta;13:20:00;SP;116;212.0;GUARULHOS;Falta de atenção;Colisão traseira;Com Vítimas Feridas;Pleno dia;Crescente;Ceu Claro;Múltipla;Reta;Urbano;2;2
971122;2011-09-05;Segunda;12:15:00;SP;116;183.0;SANTA ISABEL;Outras;Colisão traseira;Sem Vítimas;Pleno dia;Crescente;Ceu Claro;Dupla;Reta;Rural;2;2
971175;2011-09-05;Segunda;18:00:00;SP;116;147.9;SAO JOSE DOS CAMPOS;Não guardar distância de segurança;Colisão traseira;Sem Vítimas;Anoitecer;Decrescente;Ceu Claro;Simples;Reta;Urbano;2;2
971177;2011-08-28;Domingo;18:30:00;SP;116;222.0;GUARULHOS;Falta de atenção;Colisão lateral;Com Vítimas Feridas;Anoitecer;Crescente;Ceu Claro;Múltipla;Reta;Urbano;2;2
971189;2011-09-04;Domingo;14:49:00;SP;116;116.2;TAUBATE;Outras;Colisão lateral;Com Vítimas Feridas;Pleno dia;Crescente;Ceu Claro;Dupla;Reta;Rural;3;2
971191;2011-09-01;Quinta;08:40:00;SP;116;211.0;GUARULHOS;Falta de atenção;Colisão traseira;Sem Vítimas;Pleno dia;Decrescente;Ceu Claro;Múltipla;Reta;Urbano;2;2
971219;2011-09-02;Sexta;19:00:00;SP;116;115.0;TAUBATE;Outras;Colisão traseira;Sem Vítimas;Plena noite;Decrescente;Ceu Claro;Dupla;Reta;Urbano;3;3
971290;2011-09-02;Sexta;21:10:00;SP;116;111.9;TAUBATE;Outras;Capotamento;Com Vítimas Feridas;Plena noite;Crescente;Ceu Claro;Dupla;Reta;Urbano;1;1
971301;2011-09-04;Domingo;18:25:00;SP;116;137.3;SAO JOSE DOS CAMPOS;Outras;Colisão com objeto fixo;Sem Vítimas;Plena noite;Crescente;Ceu Claro;Dupla;Reta;Urbano;1;1
971331;2011-09-02;Sexta;07:30:00;SP;116;218.5;GUARULHOS;Não guardar distância de segurança;Colisão traseira;Sem Vítimas;Pleno dia;Decrescente;Ceu Claro;Múltipla;Reta;Urbano;2;2
971437;2011-09-06;Terça;09:00:00;SP;116;111.9;TAUBATE;Outras;Atropelamento de pessoa;Com Vítimas Feridas;Pleno dia;Crescente;Ceu Claro;Dupla;Reta;Urbano;2;1
971508;2011-09-06;Terça;14:21:00;SP;116;131.9;CACAPAVA;Outras;Colisão com objeto fixo;Sem Vítimas;Pleno dia;Decrescente;Ceu Claro;Dupla;Reta;Rural;1;1
971525;2011-09-06;Terça;10:45:00;SP;116;229.0;SAO PAULO;Não guardar distância de segurança;Colisão traseira;Sem Vítimas;Pleno dia;Crescente;Sol;Múltipla;Reta;Urbano;2;2
971529;2011-09-06;Terça;12:10:00;SP;116;211.1;GUARULHOS;Falta de atenção;Colisão traseira;Sem Vítimas;Pleno dia;Decrescente;Ceu Claro;Múltipla;Reta;Urbano;2;2
971616;2011-09-06;Terça;18:20:00;SP;116;206.0;GUARULHOS;Não guardar distância de segurança;Colisão traseira;Com Vítimas Feridas;Plena noite;Crescente;Ceu Claro;Dupla;Reta;Urbano;2;2
971677;2011-08-27;Sábado;19:20:00;SP;116;223.0;GUARULHOS;Outras;Colisão traseira;Sem Vítimas;Plena noite;Decrescente;Nublado;Simples;Reta;Urbano;2;2
971758;2011-09-03;Sábado;20:30:00;SP;116;214.0;GUARULHOS;Ingestão de álcool;Capotamento;Com Vítimas Feridas;Plena noite;Decrescente;Ceu Claro;Múltipla;Reta;Rural;1;1
971827;2011-09-07;Quarta;00:30:00;SP;116;215.0;GUARULHOS;Falta de atenção;Colisão lateral;Com Vítimas Feridas;Plena noite;Decrescente;Ceu Claro;Múltipla;Reta;Urbano;2;2
971854;2011-09-04;Domingo;03:40:00;SP;116;222.7;GUARULHOS;Falta de atenção;Colisão traseira;Sem Vítimas;Plena noite;Crescente;Ceu Claro;Múltipla;Reta;Urbano;2;2
971863;2011-09-07;Quarta;04:45:00;SP;116;150.5;SAO JOSE DOS CAMPOS;Outras;Colisão traseira;Sem Vítimas;Plena noite;Crescente;Ceu Claro;Múltipla;Reta;Urbano;2;2
971894;2011-08-31;Quarta;18:30:00;SP;116;157.0;SAO JOSE DOS CAMPOS;Outras;Colisão lateral;Sem Vítimas;Plena noite;Decrescente;Nublado;Dupla;Reta;Urbano;2;2
971958;2011-09-03;Sábado;20:00:00;SP;116;209.0;GUARULHOS;Falta de atenção;Tombamento;Com Vítimas Feridas;Plena noite;Crescente;Ceu Claro;Dupla;Cruzamento;Urbano;1;1
972015;2011-09-04;Domingo;04:40:00;SP;116;216.0;GUARULHOS;Falta de atenção;Colisão lateral;Com Vítimas Feridas;Plena noite;Decrescente;Nublado;Múltipla;Reta;Urbano;3;2
972032;2011-09-03;Sábado;22:45:00;SP;116;116.8;TAUBATE;Outras;Capotamento;Com Vítimas Feridas;Plena noite;Crescente;Ceu Claro;Dupla;Reta;Rural;2;1
972043;2011-09-04;Domingo;06:15:00;SP;116;120.5;CACAPAVA;Defeito mecânico em veículo;Incêndio;Sem Vítimas;Pleno dia;Crescente;Sol;Dupla;Reta;Rural;1;1
972050;2011-09-07;Quarta;13:05:00;SP;116;212.0;GUARULHOS;Outras;Colisão lateral;Sem Vítimas;Pleno dia;Crescente;Sol;Múltipla;Reta;Urbano;2;2
972058;2011-09-02;Sexta;17:40:00;SP;116;112.0;TAUBATE;Outras;Colisão traseira;Sem Vítimas;Pleno dia;Decrescente;Ceu Claro;Dupla;Reta;Urbano;4;4
972083;2011-09-04;Domingo;05:30:00;SP;116;142.0;SAO JOSE DOS CAMPOS;Outras;Colisão traseira;Sem Vítimas;Amanhecer;Crescente;Ceu Claro;Dupla;Reta;Urbano;2;2
972089;2011-09-07;Quarta;11:35:00;SP;116;118.0;TAUBATE;Outras;Queda de motocicleta / bicicleta / veículo;Com Vítimas Feridas;Pleno dia;Decrescente;Sol;Dupla;Reta;Rural;1;1
972112;2011-09-05;Segunda;08:20:00;SP;116;224.0;GUARULHOS;Outras;Colisão lateral;Com Vítimas Fatais;Amanhecer;Decrescente;Sol;Dupla;Reta;Urbano;2;2
972146;2011-09-03;Sábado;17:35:00;SP;116;124.8;CACAPAVA;Outras;Colisão com objeto fixo;Sem Vítimas;Pleno dia;Decrescente;Ceu Claro;Dupla;Reta;Urbano;1;1
972152;2011-09-07;Quarta;18:30:00;SP;116;160.5;JACAREI;Defeito na via;Queda de motocicleta / bicicleta / veículo;Sem Vítimas;Plena noite;Decrescente;Ceu Claro;Múltipla;Reta;Urbano;1;1
972211;2011-09-04;Domingo;06:00:00;SP;116;223.5;GUARULHOS;Falta de atenção;Colisão com objeto fixo;Sem Vítimas;Pleno dia;Crescente;Ceu Claro;Múltipla;Reta;Urbano;1;1
972242;2011-08-17;Quarta;07:35:00;SP;116;217.9;GUARULHOS;Outras;Colisão lateral;Com Vítimas Feridas;Pleno dia;Crescente;Ceu Claro;Múltipla;Reta;Urbano;2;2
972252;2011-08-30;Terça;12:45:00;SP;116;214.0;GUARULHOS;Falta de atenção;Colisão traseira;Sem Vítimas;Pleno dia;Crescente;Ceu Claro;Múltipla;Reta;Urbano;2;2
972255;2011-09-07;Quarta;19:50:00;SP;116;218.0;GUARULHOS;Outras;Capotamento;Com Vítimas Feridas;Plena noite;Crescente;Ceu Claro;Múltipla;Reta;Urbano;1;1
972262;2011-08-29;Segunda;11:30:00;SP;116;218.0;GUARULHOS;Defeito mecânico em veículo;Saída de Pista;Sem Vítimas;Pleno dia;Crescente;Sol;Múltipla;Reta;Urbano;1;1
972267;2011-08-30;Terça;19:00:00;SP;116;211.0;GUARULHOS;Falta de atenção;Colisão traseira;Sem Vítimas;Anoitecer;Crescente;Ceu Claro;Dupla;Reta;Urbano;2;2
972346;2011-09-03;Sábado;15:40:00;SP;116;210.0;GUARULHOS;Falta de atenção;Colisão traseira;Sem Vítimas;Pleno dia;Decrescente;Ceu Claro;Dupla;Reta;Urbano;2;2
972368;2011-09-08;Quinta;05:50:00;SP;116;123.9;CACAPAVA;Outras;Colisão com objeto fixo;Sem Vítimas;Amanhecer;Crescente;Ceu Claro;Dupla;Reta;Urbano;1;1
972402;2011-09-04;Domingo;22:30:00;SP;116;203.0;ARUJA;Outras;Saída de Pista;Com Vítimas Feridas;Plena noite;Crescente;Ceu Claro;Dupla;Reta;Urbano;1;1
972448;2011-08-31;Quarta;11:00:00;SP;116;186.0;SANTA ISABEL;Outras;Colisão com objeto fixo;Sem Vítimas;Pleno dia;Crescente;Chuva;Dupla;Reta;Rural;1;1
972469;2011-08-31;Quarta;18:20:00;SP;116;152.6;SAO JOSE DOS CAMPOS;Não guardar distância de segurança;Colisão traseira;Sem Vítimas;Anoitecer;Decrescente;Nublado;Dupla;Reta;Urbano;3;3
972480;2011-08-28;Domingo;16:15:00;SP;116;146.0;SAO JOSE DOS CAMPOS;Falta de atenção;Colisão traseira;Sem Vítimas;Pleno dia;Crescente;Ceu Claro;Dupla;Reta;Urbano;2;2
972507;2011-09-05;Segunda;07:00:00;SP;116;108.8;TAUBATE;Outras;Colisão com bicicleta;Com Vítimas Feridas;Amanhecer;Decrescente;Ceu Claro;Dupla;Reta;Urbano;2;2
972576;2011-09-07;Quarta;01:00:00;SP;116;218.6;GUARULHOS;Ingestão de álcool;Saída de Pista;Com Vítimas Feridas;Plena noite;Crescente;Ceu Claro;Múltipla;Curva;Urbano;7;1
972752;2011-09-08;Quinta;15:00:00;SP;116;217.0;GUARULHOS;Outras;Colisão traseira;Com Vítimas Feridas;Pleno dia;Crescente;Ceu Claro;Múltipla;Reta;Urbano;2;2
972803;2011-09-01;Quinta;06:40:00;SP;116;151.3;SAO JOSE DOS CAMPOS;Outras;Colisão com objeto móvel;Sem Vítimas;Pleno dia;Decrescente;Nublado;Dupla;Reta;Urbano;1;1
972979;2011-08-30;Terça;22:30:00;SP;116;222.0;GUARULHOS;Falta de atenção;Colisão traseira;Sem Vítimas;Plena noite;Decrescente;Ceu Claro;Simples;Reta;Urbano;2;2
972984;2011-09-05;Segunda;17:30:00;SP;116;148.0;SAO JOSE DOS CAMPOS;Outras;Colisão traseira;Sem Vítimas;Anoitecer;Decrescente;Ceu Claro;Dupla;Reta;Urbano;2;2
972997;2011-08-30;Terça;19:00:00;SP;116;228.0;SAO PAULO;Falta de atenção;Colisão traseira;Com Vítimas Feridas;Anoitecer;Decrescente;Ceu Claro;Dupla;Reta;Urbano;2;2
972998;2011-08-30;Terça;16:15:00;SP;116;223.0;GUARULHOS;Falta de atenção;Colisão traseira;Sem Vítimas;Pleno dia;Decrescente;Ceu Claro;Dupla;Reta;Urbano;2;2
973007;2011-09-02;Sexta;17:45:00;SP;116;219.0;GUARULHOS;Não guardar distância de segurança;Colisão traseira;Sem Vítimas;Plena noite;Crescente;Ceu Claro;Dupla;Reta;Urbano;3;3
973020;2011-09-05;Segunda;18:30:00;SP;116;148.2;SAO JOSE DOS CAMPOS;Falta de atenção;Colisão traseira;Com Vítimas Feridas;Anoitecer;Decrescente;Ceu Claro;Dupla;Reta;Urbano;2;2
973035;2011-09-05;Segunda;23:05:00;SP;116;104.5;TAUBATE;Outras;Colisão traseira;Sem Vítimas;Plena noite;Crescente;Ceu Claro;Dupla;Reta;Rural;2;2
973036;2011-08-28;Domingo;23:50:00;SP;116;158.9;JACAREI;Outras;Capotamento;Com Vítimas Feridas;Plena noite;Decrescente;Ceu Claro;Dupla;Reta;Rural;2;1
973153;2011-09-09;Sexta;09:40:00;SP;116;210.5;GUARULHOS;Falta de atenção;Colisão traseira;Sem Vítimas;Plena noite;Crescente;Sol;Múltipla;Reta;Urbano;2;2
973396;2011-09-10;Sábado;01:50:00;SP;116;136.6;SAO JOSE DOS CAMPOS;Outras;Saída de Pista;Sem Vítimas;Plena noite;Crescente;Ceu Claro;Dupla;Reta;Rural;1;1
973541;2011-09-07;Quarta;11:00:00;SP;116;175.0;GUARAREMA;Outras;Saída de Pista;Sem Vítimas;Pleno dia;Crescente;Sol;Dupla;Reta;Rural;2;2
973551;2011-09-07;Quarta;16:00:00;SP;116;165.0;JACAREI;Outras;Colisão lateral;Sem Vítimas;Pleno dia;Crescente;Sol;Múltipla;Reta;Urbano;2;2
973624;2011-09-09;Sexta;07:00:00;SP;116;134.3;SAO JOSE DOS CAMPOS;Outras;Colisão frontal;Sem Vítimas;Pleno dia;Crescente;Ceu Claro;Dupla;Reta;Urbano;2;2
973669;2011-09-07;Quarta;16:20:00;SP;116;219.0;GUARULHOS;Falta de atenção;Colisão lateral;Sem Vítimas;Pleno dia;Crescente;Ceu Claro;Múltipla;Reta;Urbano;2;2
973818;2011-09-11;Domingo;00:30:00;SP;116;212.0;GUARULHOS;Falta de atenção;Colisão lateral;Sem Vítimas;Plena noite;Decrescente;Nublado;Múltipla;Reta;Urbano;2;2
973889;2011-09-11;Domingo;03:55:00;SP;116;157.6;SAO JOSE DOS CAMPOS;Velocidade incompatível;Colisão traseira;Sem Vítimas;Plena noite;Crescente;Ceu Claro;Dupla;Reta;Urbano;2;2
973923;2011-09-09;Sexta;13:00:00;SP;116;224.0;GUARULHOS;Falta de atenção;Colisão traseira;Com Vítimas Feridas;Pleno dia;Crescente;Sol;Múltipla;Reta;Urbano;3;2
973962;2011-09-07;Quarta;18:40:00;SP;116;220.0;GUARULHOS;Falta de atenção;Colisão lateral;Sem Vítimas;Plena noite;Crescente;Ceu Claro;Múltipla;Reta;Urbano;2;2
974062;2011-09-11;Domingo;16:40:00;SP;116;156.0;SAO JOSE DOS CAMPOS;Outras;Colisão lateral;Sem Vítimas;Pleno dia;Crescente;Nublado;Dupla;Reta;Rural;2;2
974069;2011-09-11;Domingo;10:50:00;SP;116;135.3;SAO JOSE DOS CAMPOS;Outras;Colisão traseira;Com Vítimas Feridas;Pleno dia;Crescente;Nublado;Dupla;Reta;Rural;3;2
974074;2011-09-09;Sexta;12:05:00;SP;116;219.0;GUARULHOS;Falta de atenção;Colisão traseira;Sem Vítimas;Pleno dia;Decrescente;Ceu Claro;Múltipla;Reta;Urbano;2;2
974083;2011-09-06;Terça;21:15:00;SP;116;197.0;ARUJA;Falta de atenção;Colisão com objeto fixo;Sem Vítimas;Plena noite;Crescente;Ceu Claro;Múltipla;Reta;Rural;1;1
974120;2011-09-11;Domingo;13:20:00;SP;116;215.2;GUARULHOS;Desobediência à sinalização;Colisão lateral;Sem Vítimas;Pleno dia;Decrescente;Ceu Claro;Múltipla;Reta;Urbano;2;2
974253;2011-09-03;Sábado;22:30:00;SP;116;213.0;GUARULHOS;Falta de atenção;Colisão com objeto fixo;Com Vítimas Feridas;Plena noite;Crescente;Ceu Claro;Múltipla;Reta;Urbano;2;1
974261;2011-09-10;Sábado;12:58:00;SP;116;110.0;TAUBATE;Velocidade incompatível;Capotamento;Com Vítimas Fatais;Pleno dia;Decrescente;Sol;Dupla;Reta;Urbano;2;1
974311;2011-09-11;Domingo;21:11:00;SP;116;110.1;TAUBATE;Falta de atenção;Colisão traseira;Sem Vítimas;Plena noite;Decrescente;Nublado;Dupla;Reta;Urbano;2;2
974319;2011-09-08;Quinta;13:30:00;SP;116;220.0;GUARULHOS;Não guardar distância de segurança;Colisão lateral;Sem Vítimas;Pleno dia;Crescente;Sol;Múltipla;Reta;Urbano;3;3
974326;2011-09-08;Quinta;19:00:00;SP;116;226.0;GUARULHOS;Outras;Colisão traseira;Com Vítimas Feridas;Plena noite;Decrescente;Ceu Claro;Múltipla;Reta;Urbano;3;2
974614;2011-09-02;Sexta;22:25:00;SP;116;148.0;SAO JOSE DOS CAMPOS;Não guardar distância de segurança;Colisão traseira;Com Vítimas Feridas;Plena noite;Decrescente;Ceu Claro;Dupla;Reta;Urbano;3;2
974631;2011-09-06;Terça;09:35:00;SP;116;186.7;SANTA ISABEL;Outras;Saída de Pista;Sem Vítimas;Pleno dia;Decrescente;Ceu Claro;Dupla;Curva;Urbano;1;1
974688;2011-09-09;Sexta;22:20:00;SP;116;229.0;SAO PAULO;Outras;Colisão com objeto fixo;Com Vítimas Feridas;Plena noite;Crescente;Ceu Claro;Múltipla;Reta;Urbano;2;1
974734;2011-09-10;Sábado;06:20:00;SP;116;204.0;ARUJA;Falta de atenção;Colisão traseira;Sem Vítimas;Pleno dia;Decrescente;Ceu Claro;Múltipla;Reta;Urbano;3;3
974737;2011-09-09;Sexta;07:50:00;SP;116;224.0;GUARULHOS;Outras;Colisão lateral;Com Vítimas Feridas;Pleno dia;Crescente;Ceu Claro;Múltipla;Reta;Urbano;2;2
974741;2011-09-08;Quinta;14:45:00;SP;116;134.5;SAO JOSE DOS CAMPOS;Outras;Queda de motocicleta / bicicleta / veículo;Com Vítimas Feridas;Pleno dia;Decrescente;Sol;Dupla;Reta;Urbano;1;1
974839;2011-09-13;Terça;00:38:00;SP;116;129.8;CACAPAVA;Outras;Colisão com objeto fixo;Sem Vítimas;Plena noite;Crescente;Nublado;Dupla;Reta;Urbano;1;1
974887;2011-09-13;Terça;05:25:00;SP;116;122.3;CACAPAVA;Outras;Colisão traseira;Sem Vítimas;Amanhecer;Crescente;Ceu Claro;Dupla;Reta;Rural;2;2
974929;2011-09-10;Sábado;06:50:00;SP;116;165.0;JACAREI;Não guardar distância de segurança;Colisão traseira;Sem Vítimas;Pleno dia;Decrescente;Ceu Claro;Múltipla;Reta;Rural;2;2
974959;2011-09-05;Segunda;07:00:00;SP;116;182.5;GUARAREMA;Defeito mecânico em veículo;Colisão com objeto fixo;Sem Vítimas;Amanhecer;Decrescente;Ceu Claro;Múltipla;Reta;Rural;1;1
975079;2011-09-05;Segunda;07:10:00;SP;116;146.0;SAO JOSE DOS CAMPOS;Não guardar distância de segurança;Colisão traseira;Sem Vítimas;Pleno dia;Decrescente;Sol;Dupla;Reta;Urbano;2;2
975087;2011-09-08;Quinta;14:10:00;SP;116;155.0;SAO JOSE DOS CAMPOS;Outras;Colisão lateral;Sem Vítimas;Pleno dia;Crescente;Sol;Dupla;Reta;Urbano;2;2
975216;2011-09-10;Sábado;19:30:00;SP;116;168.0;JACAREI;Outras;Colisão lateral;Sem Vítimas;Plena noite;Crescente;Ceu Claro;Dupla;Reta;Urbano;2;2
975231;2011-09-13;Terça;19:00:00;SP;116;218.9;GUARULHOS;Falta de atenção;Colisão traseira;Sem Vítimas;Plena noite;Decrescente;Ceu Claro;Múltipla;Reta;Urbano;2;2
975318;2011-09-08;Quinta;13:50:00;SP;116;112.0;TAUBATE;Outras;Queda de motocicleta / bicicleta / veículo;Com Vítimas Feridas;Pleno dia;Crescente;Sol;Dupla;Reta;Urbano;1;1
975359;2011-09-13;Terça;18:10:00;SP;116;157.6;SAO JOSE DOS CAMPOS;Outras;Colisão traseira;Sem Vítimas;Pleno dia;Crescente;Ceu Claro;Dupla;Reta;Urbano;2;2
975419;2011-09-12;Segunda;08:00:00;SP;116;109.1;TAUBATE;Outras;Capotamento;Com Vítimas Feridas;Pleno dia;Crescente;Sol;Dupla;Reta;Urbano;2;1
975426;2011-09-13;Terça;20:05:00;SP;116;102.4;PINDAMONHANGABA;Animais na Pista;Colisão com objeto fixo;Sem Vítimas;Plena noite;Crescente;Ignorada;Dupla;Reta;Rural;2;2
975433;2011-09-13;Terça;18:30:00;SP;116;147.5;SAO JOSE DOS CAMPOS;Outras;Colisão traseira;Sem Vítimas;Plena noite;Crescente;Ceu Claro;Simples;Reta;Urbano;3;3
975453;2011-09-09;Sexta;19:50:00;SP;116;152.8;SAO JOSE DOS CAMPOS;Outras;Colisão traseira;Sem Vítimas;Plena noite;Decrescente;Ceu Claro;Dupla;Reta;Urbano;3;3
975475;2011-09-13;Terça;07:50:00;SP;116;157.0;SAO JOSE DOS CAMPOS;Não guardar distância de segurança;Colisão lateral;Sem Vítimas;Pleno dia;Decrescente;Ceu Claro;Múltipla;Reta;Rural;2;2
975494;2011-09-10;Sábado;13:30:00;SP;116;165.3;JACAREI;Outras;Colisão lateral;Sem Vítimas;Pleno dia;Crescente;Ceu Claro;Dupla;Reta;Rural;2;2
975559;2011-09-11;Domingo;03:00:00;SP;116;107.3;TAUBATE;Ingestão de álcool;Colisão com objeto fixo;Sem Vítimas;Plena noite;Crescente;Ceu Claro;Dupla;Reta;Urbano;1;1
975563;2011-09-11;Domingo;00:05:00;SP;116;122.0;CACAPAVA;Outras;Colisão traseira;Com Vítimas Feridas;Plena noite;Crescente;Ceu Claro;Dupla;Reta;Rural;2;2
975620;2011-09-08;Quinta;13:30:00;SP;116;179.0;GUARAREMA;Outras;Colisão com objeto fixo;Sem Vítimas;Pleno dia;Crescente;Ceu Claro;Simples;Reta;Rural;1;1
975630;2011-09-08;Quinta;13:20:00;SP;116;221.0;GUARULHOS;Outras;Colisão traseira;Com Vítimas Feridas;Pleno dia;Decrescente;Nublado;Simples;Reta;Urbano;5;4
975665;2011-09-08;Quinta;20:20:00;SP;116;222.0;GUARULHOS;Outras;Colisão traseira;Sem Vítimas;Plena noite;Decrescente;Nublado;Simples;Reta;Urbano;2;2
975730;2011-09-10;Sábado;15:00:00;SP;116;222.0;GUARULHOS;Não guardar distância de segurança;Colisão traseira;Com Vítimas Feridas;Pleno dia;Crescente;Ceu Claro;Múltipla;Reta;Urbano;3;2
975731;2011-09-08;Quinta;19:10:00;SP;116;155.0;SAO JOSE DOS CAMPOS;Outras;Colisão traseira;Sem Vítimas;Plena noite;Crescente;Nublado;Dupla;Reta;Urbano;3;3
975766;2011-09-13;Terça;07:10:00;SP;116;146.9;SAO JOSE DOS CAMPOS;Outras;Colisão lateral;Sem Vítimas;Pleno dia;Decrescente;Sol;Dupla;Reta;Urbano;2;2
975778;2011-09-14;Quarta;18:10:00;SP;116;154.5;SAO JOSE DOS CAMPOS;Outras;Colisão lateral;Sem Vítimas;Anoitecer;Decrescente;Nublado;Dupla;Reta;Urbano;2;2
975880;2011-09-10;Sábado;21:15:00;SP;116;215.5;GUARULHOS;Ingestão de álcool;Colisão traseira;Sem Vítimas;Plena noite;Crescente;Nublado;Múltipla;Reta;Urbano;3;3
975937;2011-09-14;Quarta;20:30:00;SP;116;225.5;GUARULHOS;Não guardar distância de segurança;Colisão traseira;Com Vítimas Feridas;Plena noite;Decrescente;Nublado;Múltipla;Reta;Urbano;2;2
976201;2011-09-15;Quinta;09:50:00;SP;116;205.0;GUARULHOS;Falta de atenção;Colisão traseira;Sem Vítimas;Pleno dia;Crescente;Ceu Claro;Dupla;Reta;Urbano;2;2
976221;2011-09-15;Quinta;17:12:00;SP;116;218.0;GUARULHOS;Velocidade incompatível;Colisão lateral;Com Vítimas Feridas;Pleno dia;Crescente;Nublado;Múltipla;Reta;Urbano;5;4
976237;2011-09-15;Quinta;18:50:00;SP;116;159.0;SAO JOSE DOS CAMPOS;Outras;Colisão lateral;Sem Vítimas;Plena noite;Crescente;Nublado;Múltipla;Reta;Urbano;2;2
976308;2011-09-15;Quinta;08:30:00;SP;116;219.0;GUARULHOS;Falta de atenção;Colisão lateral;Com Vítimas Feridas;Pleno dia;Crescente;Nublado;Múltipla;Reta;Urbano;2;2
976315;2011-09-15;Quinta;20:00:00;SP;116;225.0;GUARULHOS;Defeito na via;Queda de motocicleta / bicicleta / veículo;Com Vítimas Feridas;Plena noite;Decrescente;Ceu Claro;Múltipla;Reta;Urbano;1;1