id;data_inversa;dia_semana;horario;uf;br;km;municipio;causa_acidente;tipo_acidente;classificacao_acidente;fase_dia;sentido_via;condicao_metereologica;tipo_pista;tracado_via;uso_solo;pessoas;veiculos
976327;2011-09-15;Quinta;19:15:00;SP;116;219.0;GUARULHOS;Outras;Colisão traseira;Sem Vítimas;Anoitecer;Decrescente;Nublado;Múltipla;Reta;Urbano;4;4
976393;2011-09-15;Quinta;20:30:00;SP;116;223.0;GUARULHOS;Falta de atenção;Colisão lateral;Sem Vítimas;Plena noite;Decrescente;Ceu Claro;Múltipla;Reta;Urbano;2;2
976436;2011-09-14;Quarta;08:32:00;SP;116;107.0;TAUBATE;Não guardar distância de segurança;Colisão traseira;Sem Vítimas;Pleno dia;Decrescente;Ceu Claro;Dupla;Reta;Urbano;2;2
976443;2011-09-09;Sexta;12:00:00;SP;116;217.0;GUARULHOS;Outras;Colisão frontal;Sem Vítimas;Pleno dia;Decrescente;Nublado;Múltipla;Reta;Urbano;2;2
976533;2011-09-12;Segunda;09:45:00;SP;116;148.4;SAO JOSE DOS CAMPOS;Outras;Colisão lateral;Sem Vítimas;Pleno dia;Crescente;Nublado;Dupla;Reta;Urbano;2;2
976536;2011-09-09;Sexta;01:20:00;SP;116;182.0;SANTA ISABEL;Outras;Colisão traseira;Sem Vítimas;Plena noite;Decrescente;Nublado;Múltipla;Reta;Rural;3;3
976590;2011-09-16;Sexta;06:25:00;SP;116;129.0;CACAPAVA;Outras;Colisão traseira;Sem Vítimas;Amanhecer;Decrescente;Ceu Claro;Dupla;Reta;Urbano;2;2
976650;2011-09-12;Segunda;16:00:00;SP;116;145.8;SAO JOSE DOS CAMPOS;Velocidade incompatível;Colisão traseira;Sem Vítimas;Pleno dia;Decrescente;Sol;Dupla;Reta;Urbano;2;2
976760;2011-09-16;Sexta;09:30:00;SP;116;216.0;GUARULHOS;Não guardar distância de segurança;Colisão lateral;Sem Vítimas;Pleno dia;Crescente;Ceu Claro;Múltipla;Reta;Urbano;2;2
976775;2011-09-15;Quinta;15:50:00;SP;116;134.3;SAO JOSE DOS CAMPOS;Outras;Capotamento;Sem Vítimas;Pleno dia;Decrescente;Sol;Dupla;Reta;Urbano;1;1
976813;2011-09-12;Segunda;07:40:00;SP;116;139.9;SAO JOSE DOS CAMPOS;Outras;Colisão traseira;Sem Vítimas;Pleno dia;Crescente;Nublado;Dupla;Reta;Urbano;4;4
976975;2011-09-12;Segunda;11:30:00;SP;116;222.0;GUARULHOS;Falta de atenção;Colisão lateral;Sem Vítimas;Pleno dia;Decrescente;Nublado;Simples;Reta;Urbano;2;2
977070;2011-09-14;Quarta;18:50:00;SP;116;146.0;SAO JOSE DOS CAMPOS;Outras;Colisão traseira;Sem Vítimas;Plena noite;Crescente;Ceu Claro;Dupla;Reta;Urbano;4;4
977125;2011-09-17;Sábado;09:00:00;SP;116;118.0;TAUBATE;Outras;Colisão traseira;Sem Vítimas;Pleno dia;Decrescente;Sol;Dupla;Reta;Urbano;2;2
977149;2011-09-17;Sábado;08:50:00;SP;116;115.0;TAUBATE;Outras;Colisão traseira;Sem Vítimas;Pleno dia;Decrescente;Sol;Dupla;Reta;Urbano;5;5
977153;2011-09-17;Sábado;11:30:00;SP;116;128.8;CACAPAVA;Animais na Pista;Atropelamento de animal;Sem Vítimas;Pleno dia;Crescente;Sol;Dupla;Reta;Urbano;1;1
977155;2011-09-17;Sábado;11:15:00;SP;116;145.8;SAO JOSE DOS CAMPOS;Outras;Colisão traseira;Sem Vítimas;Pleno dia;Crescente;Sol;Múltipla;Reta;Urbano;2;2
977169;2011-09-16;Sexta;18:30:00;SP;116;165.0;JACAREI;Outras;Colisão lateral;Sem Vítimas;Plena noite;Crescente;Nublado;Múltipla;Reta;Urbano;2;2
977197;2011-09-17;Sábado;06:50:00;SP;116;174.2;JACAREI;Não guardar distância de segurança;Colisão traseira;Sem Vítimas;Amanhecer;Decrescente;Ceu Claro;Dupla;Reta;Rural;2;2
977258;2011-09-17;Sábado;13:45:00;SP;116;196.0;ARUJA;Outras;Capotamento;Sem Vítimas;Pleno dia;Decrescente;Ceu Claro;Múltipla;Reta;Urbano;1;1
977269;2011-09-17;Sábado;18:00:00;SP;116;213.0;GUARULHOS;Falta de atenção;Colisão lateral;Com Vítimas Feridas;Anoitecer;Crescente;Ceu Claro;Múltipla;Reta;Urbano;2;2
977272;2011-09-11;Domingo;19:10:00;SP;116;205.0;ARUJA;Falta de atenção;Colisão lateral;Sem Vítimas;Plena noite;Crescente;Ceu Claro;Dupla;Reta;Rural;2;2
977282;2011-09-16;Sexta;12:05:00;SP;116;113.3;TAUBATE;Falta de atenção;Queda de motocicleta / bicicleta / veículo;Com Vítimas Feridas;Pleno dia;Decrescente;Ceu Claro;Dupla;Reta;Urbano;1;1
977287;2011-09-16;Sexta;17:35:00;SP;116;113.6;TAUBATE;Outras;Colisão traseira;Sem Vítimas;Pleno dia;Decrescente;Ceu Claro;Dupla;Reta;Urbano;2;2
977347;2011-09-16;Sexta;18:20:00;SP;116;117.5;TAUBATE;Outras;Colisão traseira;Com Vítimas Feridas;Plena noite;Decrescente;Ceu Claro;Dupla;Reta;Rural;5;3
977381;2011-09-16;Sexta;01:50:00;SP;116;225.0;GUARULHOS;Falta de atenção;Colisão lateral;Sem Vítimas;Plena noite;Decrescente;Ceu Claro;Múltipla;Reta;Urbano;2;2
977525;2011-09-16;Sexta;16:30:00;SP;116;227.0;GUARULHOS;Outras;Colisão traseira;Sem Vítimas;Pleno dia;Decrescente;Sol;Múltipla;Reta;Urbano;3;3
977554;2011-09-16;Sexta;07:40:00;SP;116;227.0;GUARULHOS;Não guardar distância de segurança;Colisão lateral;Sem Vítimas;Amanhecer;Decrescente;Sol;Múltipla;Reta;Urbano;2;2
977606;2011-09-18;Domingo;12:00:00;SP;116;99.0;PINDAMONHANGABA;Defeito mecânico em veículo;Colisão com objeto fixo;Sem Vítimas;Pleno dia;Crescente;Ceu Claro;Simples;Curva;Urbano;1;1
977758;2011-09-18;Domingo;07:00:00;SP;116;141.5;SAO JOSE DOS CAMPOS;Falta de atenção;Colisão com objeto fixo;Sem Vítimas;Pleno dia;Crescente;Ceu Claro;Dupla;Reta;Rural;1;1
978082;2011-09-16;Sexta;18:30:00;SP;116;148.0;SAO JOSE DOS CAMPOS;Falta de atenção;Colisão traseira;Sem Vítimas;Plena noite;Decrescente;Ceu Claro;Dupla;Reta;Urbano;5;5
978142;2011-09-19;Segunda;07:25:00;SP;116;139.9;SAO JOSE DOS CAMPOS;Não guardar distância de segurança;Colisão traseira;Sem Vítimas;Pleno dia;Crescente;Ceu Claro;Dupla;Reta;Urbano;4;4
978191;2011-09-14;Quarta;18:30:00;SP;116;159.0;JACAREI;Outras;Colisão traseira;Sem Vítimas;Plena noite;Decrescente;Ceu Claro;Dupla;Reta;Urbano;2;2
978239;2011-09-19;Segunda;02:38:00;SP;116;169.0;JACAREI;Outras;Colisão traseira;Sem Vítimas;Plena noite;Crescente;Ceu Claro;Dupla;Reta;Rural;2;2
978264;2011-09-16;Sexta;05:15:00;SP;116;225.0;GUARULHOS;Não guardar distância de segurança;Colisão lateral;Com Vítimas Feridas;Amanhecer;Crescente;Ceu Claro;Múltipla;Reta;Urbano;2;2
978281;2011-09-19;Segunda;09:25:00;SP;116;221.0;GUARULHOS;Falta de atenção;Colisão lateral;Sem Vítimas;Pleno dia;Decrescente;Sol;Múltipla;Reta;Urbano;2;2
978349;2011-09-17;Sábado;21:15:00;SP;116;219.6;GUARULHOS;Falta de atenção;Colisão traseira;Com Vítimas Feridas;Plena noite;Crescente;Ceu Claro;Múltipla;Reta;Urbano;3;2
978381;2011-08-28;Domingo;03:30:00;SP;116;220.0;GUARULHOS;Outras;Colisão com objeto fixo;Com Vítimas Feridas;Plena noite;Crescente;Ceu Claro;Múltipla;Reta;Urbano;2;1
978396;2011-08-27;Sábado;07:20:00;SP;116;223.0;GUARULHOS;Outras;Colisão traseira;Sem Vítimas;Pleno dia;Crescente;Nublado;Múltipla;Reta;Urbano;2;2
978400;2011-09-19;Segunda;21:00:00;SP;116;153.5;SAO JOSE DOS CAMPOS;Outras;Colisão com objeto fixo;Com Vítimas Feridas;Plena noite;Crescente;Nublado;Múltipla;Reta;Urbano;1;1
978407;2011-08-31;Quarta;18:30:00;SP;116;226.0;GUARULHOS;Outras;Queda de motocicleta / bicicleta / veículo;Sem Vítimas;Anoitecer;Decrescente;Nublado;Múltipla;Reta;Urbano;1;1
978534;2011-09-20;Terça;05:20:00;SP;116;172.0;JACAREI;Outras;Colisão traseira;Com Vítimas Feridas;Amanhecer;Crescente;Ceu Claro;Dupla;Reta;Rural;2;2
978541;2011-09-16;Sexta;20:00:00;SP;116;148.0;SAO JOSE DOS CAMPOS;Não guardar distância de segurança;Colisão traseira;Com Vítimas Feridas;Plena noite;Decrescente;Nublado;Dupla;Reta;Urbano;4;3
978542;2011-09-17;Sábado;00:10:00;SP;116;182.0;SANTA ISABEL;Defeito mecânico em veículo;Colisão traseira;Sem Vítimas;Plena noite;Decrescente;Ceu Claro;Múltipla;Reta;Rural;2;2
978642;2011-09-20;Terça;09:30:00;SP;116;124.0;CACAPAVA;Defeito mecânico em veículo;Incêndio;Sem Vítimas;Pleno dia;Crescente;Sol;Dupla;Reta;Urbano;1;1
978659;2011-09-16;Sexta;23:00:00;SP;116;220.0;GUARULHOS;Outras;Capotamento;Com Vítimas Feridas;Plena noite;Decrescente;Ceu Claro;Múltipla;Reta;Urbano;4;2
978845;2011-09-18;Domingo;06:00:00;SP;116;141.3;SAO JOSE DOS CAMPOS;Falta de atenção;Colisão traseira;Com Vítimas Feridas;Pleno dia;Crescente;Ceu Claro;Dupla;Reta;Urbano;2;2
978851;2011-09-17;Sábado;05:10:00;SP;116;187.5;SANTA ISABEL;Dormindo;Capotamento;Com Vítimas Feridas;Plena noite;Decrescente;Ignorada;Dupla;Reta;Rural;2;1
979085;2011-09-18;Domingo;04:30:00;SP;116;132.0;CACAPAVA;Outras;Colisão traseira;Com Vítimas Feridas;Plena noite;Decrescente;Ceu Claro;Dupla;Reta;Urbano;3;2
979099;2011-09-18;Domingo;05:49:00;SP;116;141.4;SAO JOSE DOS CAMPOS;Outras;Colisão traseira;Com Vítimas Feridas;Amanhecer;Crescente;Ceu Claro;Dupla;Reta;Urbano;5;4
979163;2011-09-14;Quarta;18:00:00;SP;116;157.0;SAO JOSE DOS CAMPOS;Outras;Colisão traseira;Sem Vítimas;Anoitecer;Decrescente;Ceu Claro;Dupla;Reta;Urbano;5;5
979190;2011-09-17;Sábado;08:00:00;SP;116;173.0;JACAREI;Outras;Colisão traseira;Sem Vítimas;Pleno dia;Decrescente;Sol;Dupla;Reta;Rural;2;2
979192;2011-09-21;Quarta;10:00:00;SP;116;142.8;SAO JOSE DOS CAMPOS;Outras;Colisão traseira;Sem Vítimas;Pleno dia;Decrescente;Ceu Claro;Dupla;Reta;Urbano;2;2
979199;2011-09-18;Domingo;20:50:00;SP;116;222.3;GUARULHOS;Outras;Atropelamento de pessoa;Com Vítimas Feridas;Plena noite;Crescente;Ceu Claro;Múltipla;Reta;Urbano;2;1
979230;2011-09-21;Quarta;07:30:00;SP;116;222.0;GUARULHOS;Falta de atenção;Colisão lateral;Sem Vítimas;Pleno dia;Decrescente;Nublado;Múltipla;Reta;Urbano;2;2
979231;2011-09-14;Quarta;13:30:00;SP;116;182.0;SANTA ISABEL;Outras;Colisão traseira;Sem Vítimas;Pleno dia;Decrescente;Ceu Claro;Dupla;Reta;Rural;2;2
979294;2011-09-17;Sábado;01:00:00;SP;116;214.0;GUARULHOS;Outras;Capotamento;Com Vítimas Feridas;Plena noite;Crescente;Nublado;Simples;Reta;Urbano;4;2
979300;2011-09-21;Quarta;10:10:00;SP;116;165.0;JACAREI;Falta de atenção;Colisão traseira;Sem Vítimas;Pleno dia;Crescente;Ceu Claro;Simples;Reta;Rural;2;2
979315;2011-09-20;Terça;08:50:00;SP;116;223.0;GUARULHOS;Outras;Colisão traseira;Com Vítimas Feridas;Pleno dia;Crescente;Nublado;Simples;Reta;Urbano;3;3
979321;2011-09-15;Quinta;12:25:00;SP;116;227.0;GUARULHOS;Falta de atenção;Colisão traseira;Sem Vítimas;Pleno dia;Decrescente;Ceu Claro;Dupla;Reta;Urbano;2;2
979375;2011-09-21;Quarta;18:30:00;SP;116;210.0;GUARULHOS;Outras;Colisão traseira;Sem Vítimas;Plena noite;Crescente;Chuva;Múltipla;Reta;Urbano;2;2
979382;2011-09-21;Quarta;16:18:00;SP;116;165.0;JACAREI;Não guardar distância de segurança;Colisão traseira;Sem Vítimas;Pleno dia;Decrescente;Nublado;Simples;Reta;Rural;5;5
979403;2011-09-17;Sábado;02:30:00;SP;116;131.0;CACAPAVA;Outras;Colisão com objeto fixo;Com Vítimas Feridas;Plena noite;Decrescente;Ceu Claro;Dupla;Reta;Urbano;1;1
979423;2011-09-17;Sábado;21:30:00;SP;116;218.0;GUARULHOS;Falta de atenção;Colisão traseira;Sem Vítimas;Plena noite;Crescente;Ceu Claro;Múltipla;Reta;Urbano;3;3
979449;2011-09-19;Segunda;07:30:00;SP;116;217.0;GUARULHOS;Falta de atenção;Colisão lateral;Com Vítimas Feridas;Pleno dia;Crescente;Ceu Claro;Múltipla;Reta;Rural;2;2
979457;2011-09-19;Segunda;10:00:00;SP;116;222.0;GUARULHOS;Falta de atenção;Colisão lateral;Sem Vítimas;Pleno dia;Decrescente;Ceu Claro;Múltipla;Reta;Urbano;2;2
979461;2011-09-21;Quarta;21:30:00;SP;116;218.9;GUARULHOS;Falta de atenção;Colisão traseira;Sem Vítimas;Plena noite;Crescente;Ceu Claro;Múltipla;Reta;Urbano;3;3
979579;2011-09-21;Quarta;04:20:00;SP;116;189.0;SANTA ISABEL;Outras;Colisão traseira;Sem Vítimas;Plena noite;Decrescente;Ceu Claro;Dupla;Reta;Rural;2;2
979596;2011-09-20;Terça;17:30:00;SP;116;228.0;SAO PAULO;Outras;Colisão traseira;Com Vítimas Feridas;Anoitecer;Decrescente;Ceu Claro;Múltipla;Reta;Urbano;2;2
979634;2011-09-21;Quarta;11:30:00;SP;116;229.0;SAO PAULO;Falta de atenção;Colisão lateral;Com Vítimas Feridas;Pleno dia;Crescente;Sol;Múltipla;Reta;Urbano;2;2
979700;2011-09-18;Domingo;06:20:00;SP;116;210.0;GUARULHOS;Outras;Tombamento;Sem Vítimas;Amanhecer;Decrescente;Ceu Claro;Múltipla;Reta;Urbano;1;1
979712;2011-09-21;Quarta;18:30:00;SP;116;208.0;GUARULHOS;Falta de atenção;Colisão com objeto fixo;Sem Vítimas;Plena noite;Crescente;Chuva;Múltipla;Reta;Urbano;1;1
979734;2011-09-20;Terça;23:30:00;SP;116;202.6;ARUJA;Outras;Colisão traseira;Sem Vítimas;Plena noite;Decrescente;Ceu Claro;Dupla;Reta;Urbano;2;2
979743;2011-09-20;Terça;10:00:00;SP;116;229.3;SAO PAULO;Outras;Colisão traseira;Sem Vítimas;Pleno dia;Crescente;Ceu Claro;Múltipla;Reta;Urbano;3;3
979764;2011-09-19;Segunda;07:00:00;SP;116;111.0;TAUBATE;Outras;Colisão com objeto fixo;Sem Vítimas;Pleno dia;Crescente;Ceu Claro;Dupla;Reta;Urbano;1;1
979770;2011-09-13;Terça;18:15:00;SP;116;227.0;SAO PAULO;Falta de atenção;Colisão lateral;Sem Vítimas;Anoitecer;Decrescente;Ceu Claro;Múltipla;Reta;Urbano;2;2
979771;2011-09-17;Sábado;09:10:00;SP;116;157.0;SAO JOSE DOS CAMPOS;Não guardar distância de segurança;Colisão traseira;Sem Vítimas;Pleno dia;Decrescente;Ceu Claro;Dupla;Reta;Urbano;3;3
979787;2011-09-16;Sexta;14:00:00;SP;116;227.0;GUARULHOS;Outras;Colisão traseira;Sem Vítimas;Pleno dia;Crescente;Ceu Claro;Múltipla;Reta;Urbano;2;2
979796;2011-09-15;Quinta;20:10:00;SP;116;177.0;GUARAREMA;Outras;Capotamento;Sem Vítimas;Plena noite;Crescente;Ceu Claro;Dupla;Reta;Rural;1;1
979810;2011-09-16;Sexta;06:00:00;SP;116;159.0;JACAREI;Outras;Colisão lateral;Sem Vítimas;Amanhecer;Crescente;Nublado;Dupla;Reta;Urbano;2;2
979846;2011-09-22;Quinta;16:30:00;SP;116;145.5;SAO JOSE DOS CAMPOS;Outras;Colisão traseira;Sem Vítimas;Pleno dia;Decrescente;Ceu Claro;Dupla;Reta;Urbano;2;2
980059;2011-09-22;Quinta;22:55:00;SP;116;146.0;SAO JOSE DOS CAMPOS;Falta de atenção;Colisão lateral;Sem Vítimas;Plena noite;Crescente;Ceu Claro;Dupla;Reta;Urbano;2;2
980081;2011-09-10;Sábado;09:50:00;SP;116;222.0;GUARULHOS;Não guardar distância de segurança;Colisão traseira;Sem Vítimas;Pleno dia;Crescente;Ceu Claro;Múltipla;Reta;Urbano;3;3
980087;2011-09-21;Quarta;07:30:00;SP;116;155.0;SAO JOSE DOS CAMPOS;Ultrapassagem indevida;Colisão lateral;Sem Vítimas;Pleno dia;Crescente;Ceu Claro;Dupla;Reta;Urbano;2;2
980098;2011-09-21;Quarta;08:15:00;SP;116;154.0;SAO JOSE DOS CAMPOS;Não guardar distância de segurança;Colisão traseira;Sem Vítimas;Pleno dia;Crescente;Ceu Claro;Dupla;Reta;Urbano;2;2
980224;2011-09-23;Sexta;14:45:00;SP;116;156.0;SAO JOSE DOS CAMPOS;Falta de atenção;Colisão lateral;Sem Vítimas;Pleno dia;Crescente;Ceu Claro;Dupla;Reta;Urbano;2;2
980280;2011-06-04;Sábado;21:30:00;SP;116;143.0;SAO JOSE DOS CAMPOS;Outras;Capotamento;Com Vítimas Feridas;Plena noite;Decrescente;Nublado;Dupla;Reta;Urbano;4;3
980415;2011-09-22;Quinta;18:55:00;SP;116;107.5;TAUBATE;Não guardar distância de segurança;Colisão traseira;Com Vítimas Feridas;Plena noite;Decrescente;Ceu Claro;Dupla;Reta;Urbano;5;4
980427;2011-09-23;Sexta;18:40:00;SP;116;166.0;JACAREI;Falta de atenção;Atropelamento de pessoa;Com Vítimas Feridas;Plena noite;Decrescente;Chuva;Dupla;Reta;Urbano;3;1
980431;2011-09-23;Sexta;15:20:00;SP;116;154.0;SAO JOSE DOS CAMPOS;Outras;Colisão lateral;Sem Vítimas;Pleno dia;Decrescente;Ceu Claro;Dupla;Reta;Rural;2;2
980474;2011-09-23;Sexta;22:00:00;SP;116;219.0;GUARULHOS;Não guardar distância de segurança;Colisão traseira;Sem Vítimas;Plena noite;Decrescente;Ceu Claro;Múltipla;Reta;Urbano;2;2
980705;2011-09-17;Sábado;18:55:00;SP;116;157.8;SAO JOSE DOS CAMPOS;Ingestão de álcool;Colisão traseira;Sem Vítimas;Plena noite;Crescente;Ceu Claro;Simples;Reta;Urbano;2;2
980735;2011-09-24;Sábado;08:10:00;SP;116;115.8;TAUBATE;Outras;Colisão traseira;Com Vítimas Feridas;Pleno dia;Decrescente;Ceu Claro;Dupla;Reta;Urbano;3;2
980739;2011-08-08;Segunda;08:20:00;SP;116;222.0;GUARULHOS;Não guardar distância de segurança;Colisão lateral;Com Vítimas Feridas;Pleno dia;Crescente;Nublado;Simples;Reta;Urbano;3;2
980740;2011-09-23;Sexta;16:00:00;SP;116;192.0;SANTA ISABEL;Outras;Saída de Pista;Sem Vítimas;Pleno dia;Crescente;Vento;Dupla;Reta;Rural;2;2
980799;2011-09-22;Quinta;17:20:00;SP;116;218.5;GUARULHOS;Outras;Queda de motocicleta / bicicleta / veículo;Com Vítimas Fatais;Pleno dia;Decrescente;Nublado;Múltipla;Reta;Urbano;2;1
980816;2011-09-22;Quinta;19:30:00;SP;116;218.2;GUARULHOS;Não guardar distância de segurança;Colisão traseira;Com Vítimas Feridas;Plena noite;Crescente;Nublado;Múltipla;Reta;Urbano;3;3
980851;2011-09-24;Sábado;17:15:00;SP;116;142.8;SAO JOSE DOS CAMPOS;Não guardar distância de segurança;Colisão traseira;Sem Vítimas;Pleno dia;Crescente;Ceu Claro;Dupla;Reta;Urbano;2;2
980977;2011-09-23;Sexta;20:00:00;SP;116;117.0;TAUBATE;Outras;Colisão traseira;Sem Vítimas;Anoitecer;Decrescente;Chuva;Simples;Reta;Urbano;2;2
981122;2011-09-24;Sábado;22:00:00;SP;116;223.0;GUARULHOS;Não guardar distância de segurança;Colisão lateral;Sem Vítimas;Plena noite;Decrescente;Nublado;Múltipla;Reta;Urbano;2;2
981137;2011-09-22;Quinta;06:40:00;SP;116;182.3;SANTA ISABEL;Defeito mecânico em veículo;Colisão traseira;Sem Vítimas;Pleno dia;Decrescente;Ceu Claro;Simples;Reta;Rural;3;3
981197;2011-09-25;Domingo;11:20:00;SP;116;210.6;GUARULHOS;Falta de atenção;Colisão traseira;Sem Vítimas;Pleno dia;Decrescente;Ceu Claro;Múltipla;Reta;Urbano;2;2
981312;2011-09-18;Domingo;15:26:00;SP;116;207.0;GUARULHOS;Outras;Colisão com objeto fixo;Sem Vítimas;Pleno dia;Decrescente;Ceu Claro;Múltipla;Reta;Urbano;1;1
981353;2011-09-21;Quarta;07:45:00;SP;116;155.0;SAO JOSE DOS CAMPOS;Não guardar distância de segurança;Colisão traseira;Sem Vítimas;Pleno dia;Crescente;Sol;Dupla;Reta;Urbano;3;3
981367;2011-09-22;Quinta;10:15:00;SP;116;177.5;GUARAREMA;Defeito mecânico em veículo;Colisão Transversal;Sem Vítimas;Pleno dia;Crescente;Sol;Simples;Reta;Rural;2;2
981398;2011-09-18;Domingo;07:40:00;SP;116;140.5;SAO JOSE DOS CAMPOS;Outras;Capotamento;Com Vítimas Feridas;Pleno dia;Crescente;Ceu Claro;Dupla;Reta;Urbano;1;1
981399;2011-09-23;Sexta;05:30:00;SP;116;185.5;SANTA ISABEL;Outras;Tombamento;Sem Vítimas;Amanhecer;Crescente;Ceu Claro;Dupla;Reta;Rural;1;1
981430;2011-09-24;Sábado;06:35:00;SP;116;222.0;GUARULHOS;Falta de atenção;Colisão lateral;Sem Vítimas;Amanhecer;Crescente;Ceu Claro;Múltipla;Reta;Urbano;2;2
981519;2011-09-25;Domingo;14:50:00;SP;116;181.0;GUARAREMA;Não guardar distância de segurança;Colisão com objeto fixo;Com Vítimas Feridas;Pleno dia;Crescente;Ceu Claro;Múltipla;Reta;Urbano;4;1
981577;2011-09-25;Domingo;12:25:00;SP;116;129.0;CACAPAVA;Animais na Pista;Atropelamento de animal;Sem Vítimas;Pleno dia;Decrescente;Ceu Claro;Dupla;Reta;Urbano;1;1
981587;2011-09-25;Domingo;21:50:00;SP;116;165.3;JACAREI;Outras;Colisão lateral;Com Vítimas Feridas;Plena noite;Crescente;Nublado;Simples;Reta;Rural;3;2
981614;2011-09-21;Quarta;00:01:00;SP;116;173.0;JACAREI;Defeito mecânico em veículo;Colisão frontal;Sem Vítimas;Plena noite;Decrescente;Ceu Claro;Dupla;Reta;Rural;2;2
981753;2011-09-24;Sábado;21:30:00;SP;116;129.2;CACAPAVA;Outras;Colisão lateral;Com Vítimas Feridas;Plena noite;Decrescente;Nublado;Dupla;Reta;Urbano;3;2
981759;2011-09-26;Segunda;13:00:00;SP;116;104.5;TAUBATE;Outras;Tombamento;Sem Vítimas;Pleno dia;Decrescente;Ceu Claro;Dupla;Reta;Urbano;1;1
981776;2011-09-15;Quinta;05:25:00;SP;116;168.7;JACAREI;Outras;Colisão traseira;Sem Vítimas;Amanhecer;Crescente;Ceu Claro;Dupla;Reta;Urbano;2;2
981809;2011-09-15;Quinta;10:30:00;SP;116;227.0;GUARULHOS;Falta de atenção;Colisão traseira;Sem Vítimas;Pleno dia;Decrescente;Ceu Claro;Dupla;Reta;Urbano;2;2
981813;2011-09-22;Quinta;17:10:00;SP;116;145.9;SAO JOSE DOS CAMPOS;Outras;Colisão traseira;Sem Vítimas;Pleno dia;Decrescente;Ceu Claro;Dupla;Reta;Urbano;5;5
981822;2011-09-22;Quinta;11:25:00;SP;116;204.0;ARUJA;Falta de atenção;Colisão traseira;Sem Vítimas;Pleno dia;Decrescente;Ceu Claro;Dupla;Reta;Urbano;2;2
981845;2011-09-22;Quinta;14:00:00;SP;116;225.0;GUARULHOS;Outras;Atropelamento de pessoa;Com Vítimas Feridas;Pleno dia;Crescente;Ceu Claro;Múltipla;Reta;Urbano;2;1
981862;2011-09-21;Quarta;22:20:00;SP;116;223.0;GUARULHOS;Falta de atenção;Colisão lateral;Sem Vítimas;Plena noite;Decrescente;Nublado;Dupla;Reta;Urbano;3;3
981880;2011-09-26;Segunda;15:00:00;SP;116;213.5;GUARULHOS;Falta de atenção;Colisão traseira;Sem Vítimas;Pleno dia;Decrescente;Sol;Múltipla;Reta;Urbano;2;2
981907;2011-09-22;Quinta;07:00:00;SP;116;122.2;CACAPAVA;Outras;Colisão traseira;Sem Vítimas;Pleno dia;Decrescente;Sol;Dupla;Reta;Urbano;2;2
981931;2011-09-23;Sexta;19:15:00;SP;116;112.2;TAUBATE;Outras;Capotamento;Com Vítimas Feridas;Plena noite;Decrescente;Chuva;Dupla;Reta;Urbano;1;1
981933;2011-09-25;Domingo;18:55:00;SP;116;222.0;GUARULHOS;Falta de atenção;Colisão traseira;Com Vítimas Feridas;Anoitecer;Decrescente;Nublado;Múltipla;Reta;Urbano;3;2
981937;2011-09-25;Domingo;13:45:00;SP;116;123.6;CACAPAVA;Outras;Colisão traseira;Sem Vítimas;Pleno dia;Crescente;Sol;Dupla;Reta;Urbano;2;2
981941;2011-09-26;Segunda;17:50:00;SP;116;148.0;SAO JOSE DOS CAMPOS;Outras;Colisão lateral;Sem Vítimas;Pleno dia;Decrescente;Ceu Claro;Múltipla;Reta;Urbano;2;2
981951;2011-09-26;Segunda;11:20:00;SP;116;221.8;GUARULHOS;Falta de atenção;Queda de motocicleta / bicicleta / veículo;Com Vítimas Feridas;Pleno dia;Crescente;Ceu Claro;Múltipla;Reta;Urbano;2;1
981974;2011-09-24;Sábado;22:30:00;SP;116;99.5;PINDAMONHANGABA;Outras;Colisão traseira;Sem Vítimas;Plena noite;Decrescente;Nublado;Dupla;Reta;Urbano;3;3
982013;2011-09-21;Quarta;15:20:00;SP;116;212.0;GUARULHOS;Falta de atenção;Colisão traseira;Sem Vítimas;Pleno dia;Crescente;Ceu Claro;Múltipla;Reta;Urbano;2;2
982034;2011-09-21;Quarta;22:09:00;SP;116;113.3;TAUBATE;Outras;Colisão lateral;Sem Vítimas;Plena noite;Crescente;Nublado;Dupla;Reta;Urbano;2;2
982113;2011-09-24;Sábado;10:50:00;SP;116;228.0;GUARULHOS;Outras;Colisão lateral;Com Vítimas Feridas;Pleno dia;Decrescente;Sol;Múltipla;Reta;Urbano;3;3
982167;2011-09-24;Sábado;00:05:00;SP;116;215.0;GUARULHOS;Falta de atenção;Atropelamento de pessoa;Com Vítimas Feridas;Plena noite;Crescente;Nublado;Múltipla;Reta;Urbano;2;1